"genus","species","scientificname","decimallatitude","decimallongitude","elevation","day","month","year","taxonkey"
"Bridelia","Bridelia micrantha","Bridelia micrantha (Hochst.) Baill.",9.3,2.6,NA,29,3,2000,3076142
"Bridelia","Bridelia micrantha","Bridelia micrantha (Hochst.) Baill.",6.716667,2.133333,NA,9,9,1998,3076142
"Bridelia","Bridelia micrantha","Bridelia micrantha (Hochst.) Baill.",4.985292,8.39725,NA,NA,6,2019,3076142
"Bridelia","Bridelia micrantha","Bridelia micrantha (Hochst.) Baill.",4.960195,8.386564,NA,NA,6,2019,3076142
"Bridelia","Bridelia micrantha","Bridelia micrantha (Hochst.) Baill.",4.881437,8.493938,NA,NA,6,2019,3076142
"Bridelia","Bridelia micrantha","Bridelia micrantha (Hochst.) Baill.",4.84911,8.44922,NA,NA,6,2019,3076142
"Bridelia","Bridelia micrantha","Bridelia micrantha (Hochst.) Baill.",-19.710519,33.007858,NA,25,11,2019,3076142
"Bridelia","Bridelia micrantha","Bridelia micrantha (Hochst.) Baill.",-19.75071,33.056819,NA,1,12,2019,3076142
"Bridelia","Bridelia micrantha","Bridelia micrantha (Hochst.) Baill.",-3.8,30.1,NA,24,9,1980,3076142
"Bridelia","Bridelia micrantha","Bridelia micrantha (Hochst.) Baill.",-19.908038,33.185027,NA,28,10,2013,3076142
"Bridelia","Bridelia micrantha","Bridelia micrantha (Hochst.) Baill.",0.056944,18.309166,NA,9,4,1932,3076142
"Bridelia","Bridelia micrantha","Bridelia micrantha (Hochst.) Baill.",3.471388,23.686388,NA,NA,NA,NA,3076142
"Bridelia","Bridelia micrantha","Bridelia micrantha (Hochst.) Baill.",-4.133333,29.783333,NA,20,10,1977,3076142
"Bridelia","Bridelia micrantha","Bridelia micrantha (Hochst.) Baill.",-2.9,27.933333,NA,2,2,1938,3076142
"Bridelia","Bridelia micrantha","Bridelia micrantha (Hochst.) Baill.",-3.833333,29.5,NA,14,5,1976,3076142
"Bridelia","Bridelia micrantha","Bridelia micrantha (Hochst.) Baill.",-1.15,21.95,NA,7,3,1991,3076142
"Bridelia","Bridelia micrantha","Bridelia micrantha (Hochst.) Baill.",1.2,30.183333,NA,NA,2,1949,3076142
"Bridelia","Bridelia micrantha","Bridelia micrantha (Hochst.) Baill.",-1.033333,29.533333,NA,8,6,1959,3076142
"Bridelia","Bridelia micrantha","Bridelia micrantha (Hochst.) Baill.",-24.404487,30.813833,NA,19,5,2020,3076142
"Bridelia","Bridelia micrantha","Bridelia micrantha (Hochst.) Baill.",-28.3762,32.4181,NA,1,11,2020,3076142
"Bridelia","Bridelia micrantha","Bridelia micrantha (Hochst.) Baill.",-28.356439,32.420402,NA,13,9,2014,3076142
"Bridelia","Bridelia micrantha","Bridelia micrantha (Hochst.) Baill.",5.727352,36.795632,NA,22,10,2010,3076142
"Bridelia","Bridelia micrantha","Bridelia micrantha (Hochst.) Baill.",10.866667,-1.933333,NA,25,5,1952,3076142
"Bridelia","Bridelia micrantha","Bridelia micrantha (Hochst.) Baill.",-11.433333,34.033333,NA,21,1,1975,3076142
"Bridelia","Bridelia micrantha","Bridelia micrantha (Hochst.) Baill.",8.356667,36.06,NA,6,2,2009,3076142
"Bridelia","Bridelia micrantha","Bridelia micrantha (Hochst.) Baill.",5.383333,-4.05,NA,21,5,1958,3076142
"Bridelia","Bridelia micrantha","Bridelia micrantha (Hochst.) Baill.",5.966667,8.7,NA,8,6,1972,3076142
"Bridelia","Bridelia micrantha","Bridelia micrantha (Hochst.) Baill.",3.083333,10.416667,NA,NA,1,1913,3076142
"Bridelia","Bridelia micrantha","Bridelia micrantha (Hochst.) Baill.",5.333333,-4.133333,NA,21,5,1972,3076142
"Bridelia","Bridelia micrantha","Bridelia micrantha (Hochst.) Baill.",11.733333,-0.366667,NA,4,9,1996,3076142
"Bridelia","Bridelia micrantha","Bridelia micrantha (Hochst.) Baill.",6.583333,-0.733333,NA,12,4,1954,3076142
"Bridelia","Bridelia micrantha","Bridelia micrantha (Hochst.) Baill.",-15.616667,28.5,NA,15,11,1992,3076142
"Bridelia","Bridelia micrantha","Bridelia micrantha (Hochst.) Baill.",-1.25,36.833333,NA,17,11,1966,3076142
"Bridelia","Bridelia micrantha","Bridelia micrantha (Hochst.) Baill.",1.516667,35.416667,NA,15,3,1977,3076142
"Bridelia","Bridelia micrantha","Bridelia micrantha (Hochst.) Baill.",2.816667,11.133333,NA,31,1,1975,3076142
"Bridelia","Bridelia micrantha","Bridelia micrantha (Hochst.) Baill.",-14.317556,34.270796,1579.97,22,3,2022,3076142
"Bridelia","Bridelia micrantha","Bridelia micrantha (Hochst.) Baill.",-5.137777,15.071666,NA,NA,NA,1900,3076142
"Bridelia","Bridelia micrantha","Bridelia micrantha (Hochst.) Baill.",0.056944,18.309166,NA,21,5,1919,3076142
"Bridelia","Bridelia micrantha","Bridelia micrantha (Hochst.) Baill.",-5.137777,15.071666,NA,NA,NA,1899,3076142
"Bridelia","Bridelia micrantha","Bridelia micrantha (Hochst.) Baill.",12.366,-12.316,300,18,2,1995,3076142
"Bridelia","Bridelia micrantha","Bridelia micrantha (Hochst.) Baill.",12.666,-12.983,130,22,1,1993,3076142
"Bridelia","Bridelia micrantha","Bridelia micrantha (Hochst.) Baill.",11.7,-0.3,300,26,9,1996,3076142
"Bridelia","Bridelia micrantha","Bridelia micrantha (Hochst.) Baill.",-4.05,29.533333,NA,27,11,1979,3076142
"Bridelia","Bridelia micrantha","Bridelia micrantha (Hochst.) Baill.",12.883,-12.733,150,9,6,1993,3076142
"Bridelia","Bridelia micrantha","Bridelia micrantha (Hochst.) Baill.",13,-13.4,30,26,2,1993,3076142
"Bridelia","Bridelia micrantha","Bridelia micrantha (Hochst.) Baill.",12.883,-12.716,150,21,2,1994,3076142
"Bridelia","Bridelia micrantha","Bridelia micrantha (Hochst.) Baill.",11.733,-0.366,300,4,9,1996,3076142
"Bridelia","Bridelia micrantha","Bridelia micrantha (Hochst.) Baill.",11.666,-4.1,300,29,11,1994,3076142
"Bridelia","Bridelia micrantha","Bridelia micrantha (Hochst.) Baill.",-8.23,35.12,NA,13,11,1988,3076142
"Bridelia","Bridelia micrantha","Bridelia micrantha (Hochst.) Baill.",6.896012,2.477239,NA,31,7,2006,3076142
"Bridelia","Bridelia micrantha","Bridelia micrantha (Hochst.) Baill.",6.902417,2.495235,NA,31,7,2006,3076142
"Bridelia","Bridelia micrantha","Bridelia micrantha (Hochst.) Baill.",6.898054,2.492352,NA,31,7,2006,3076142
"Bridelia","Bridelia micrantha","Bridelia micrantha (Hochst.) Baill.",6.899295,2.493989,NA,31,7,2006,3076142
"Bridelia","Bridelia micrantha","Bridelia micrantha (Hochst.) Baill.",6.896342,2.481094,NA,31,7,2006,3076142
"Bridelia","Bridelia micrantha","Bridelia micrantha (Hochst.) Baill.",-29.813557,30.815564,NA,23,3,2023,3076142
"Bridelia","Bridelia micrantha","Bridelia micrantha (Hochst.) Baill.",-28.9535,31.7684,NA,14,4,2019,3076142
"Bridelia","Bridelia micrantha","Bridelia micrantha (Hochst.) Baill.",-28.875,31.125,NA,12,2,1994,3076142
"Bridelia","Bridelia micrantha","Bridelia micrantha (Hochst.) Baill.",-30.375,30.625,NA,NA,NA,NA,3076142
"Bridelia","Bridelia micrantha","Bridelia micrantha (Hochst.) Baill.",-29.125,31.625,NA,21,9,1983,3076142
"Bridelia","Bridelia micrantha","Bridelia micrantha (Hochst.) Baill.",-30.375,30.375,NA,6,11,1910,3076142
"Bridelia","Bridelia micrantha","Bridelia micrantha (Hochst.) Baill.",-23.875,30.125,NA,15,11,1978,3076142
"Bridelia","Bridelia micrantha","Bridelia micrantha (Hochst.) Baill.",-26.625,31.625,NA,17,1,1987,3076142
"Bridelia","Bridelia micrantha","Bridelia micrantha (Hochst.) Baill.",-28.875,31.625,NA,3,12,1986,3076142
"Bridelia","Bridelia micrantha","Bridelia micrantha (Hochst.) Baill.",-26.625,31.125,NA,NA,11,1964,3076142
"Bridelia","Bridelia micrantha","Bridelia micrantha (Hochst.) Baill.",-29.875,30.875,NA,NA,1,1967,3076142
"Bridelia","Bridelia micrantha","Bridelia micrantha (Hochst.) Baill.",-23.875,30.125,NA,23,11,1966,3076142
"Bridelia","Bridelia micrantha","Bridelia micrantha (Hochst.) Baill.",-30.375,30.625,NA,15,2,1959,3076142
"Bridelia","Bridelia micrantha","Bridelia micrantha (Hochst.) Baill.",-27.125,32.125,NA,23,2,1968,3076142
"Bridelia","Bridelia micrantha","Bridelia micrantha (Hochst.) Baill.",-23.625,30.125,NA,12,10,1959,3076142
"Bridelia","Bridelia micrantha","Bridelia micrantha (Hochst.) Baill.",-25.375,30.875,NA,27,9,1969,3076142
"Bridelia","Bridelia micrantha","Bridelia micrantha (Hochst.) Baill.",-28.125,32.125,NA,10,4,1972,3076142
"Bridelia","Bridelia micrantha","Bridelia micrantha (Hochst.) Baill.",-22.875,30.375,NA,24,11,1976,3076142
"Bridelia","Bridelia micrantha","Bridelia micrantha (Hochst.) Baill.",-29.625,30.625,NA,8,3,1949,3076142
"Bridelia","Bridelia micrantha","Bridelia micrantha (Hochst.) Baill.",-29.125,30.625,NA,9,2,1965,3076142
"Bridelia","Bridelia micrantha","Bridelia micrantha (Hochst.) Baill.",-22.875,30.375,NA,NA,6,1937,3076142
"Bridelia","Bridelia micrantha","Bridelia micrantha (Hochst.) Baill.",-23.125,30.375,NA,NA,11,1931,3076142
"Bridelia","Bridelia micrantha","Bridelia micrantha (Hochst.) Baill.",-24.59391,30.82445,NA,11,12,1963,3076142
"Bridelia","Bridelia micrantha","Bridelia micrantha (Hochst.) Baill.",-28.375,32.125,NA,20,1,1968,3076142
"Bridelia","Bridelia micrantha","Bridelia micrantha (Hochst.) Baill.",-24.125,30.375,NA,9,10,1978,3076142
"Bridelia","Bridelia micrantha","Bridelia micrantha (Hochst.) Baill.",-27.875,31.375,NA,5,12,1985,3076142
"Bridelia","Bridelia micrantha","Bridelia micrantha (Hochst.) Baill.",-28.375,31.125,NA,8,10,1946,3076142
"Bridelia","Bridelia micrantha","Bridelia micrantha (Hochst.) Baill.",-30.625,30.375,NA,18,12,1944,3076142
"Bridelia","Bridelia micrantha","Bridelia micrantha (Hochst.) Baill.",-23.875,30.125,NA,1,11,1921,3076142
"Bridelia","Bridelia micrantha","Bridelia micrantha (Hochst.) Baill.",-28.5,31.616667,NA,2,11,1967,3076142
"Bridelia","Bridelia micrantha","Bridelia micrantha (Hochst.) Baill.",-25.125,31.375,NA,9,9,1952,3076142
"Bridelia","Bridelia micrantha","Bridelia micrantha (Hochst.) Baill.",-22.375,30.625,NA,26,9,1968,3076142
"Bridelia","Bridelia micrantha","Bridelia micrantha (Hochst.) Baill.",-24.125,30.375,NA,22,10,1980,3076142
"Bridelia","Bridelia micrantha","Bridelia micrantha (Hochst.) Baill.",-28.375,32.375,NA,24,11,1965,3076142
"Bridelia","Bridelia micrantha","Bridelia micrantha (Hochst.) Baill.",-23.875,29.875,NA,NA,2,1905,3076142
"Bridelia","Bridelia micrantha","Bridelia micrantha (Hochst.) Baill.",-29.125,30.125,NA,7,9,1917,3076142
"Bridelia","Bridelia micrantha","Bridelia micrantha (Hochst.) Baill.",-24.625,30.875,NA,NA,NA,NA,3076142
"Bridelia","Bridelia micrantha","Bridelia micrantha (Hochst.) Baill.",-22.625,31.125,NA,24,5,1954,3076142
"Bridelia","Bridelia micrantha","Bridelia micrantha (Hochst.) Baill.",-23.875,29.875,NA,NA,4,1907,3076142
"Bridelia","Bridelia micrantha","Bridelia micrantha (Hochst.) Baill.",-23.625,30.125,NA,7,2,1970,3076142
"Bridelia","Bridelia micrantha","Bridelia micrantha (Hochst.) Baill.",-23.625,30.125,NA,31,12,1962,3076142
"Bridelia","Bridelia micrantha","Bridelia micrantha (Hochst.) Baill.",-23.125,30.125,NA,27,4,1977,3076142
"Bridelia","Bridelia micrantha","Bridelia micrantha (Hochst.) Baill.",-22.875,30.375,NA,3,11,1979,3076142
"Bridelia","Bridelia micrantha","Bridelia micrantha (Hochst.) Baill.",-29.801684,30.721737,667.77,25,5,2020,3076142
"Bridelia","Bridelia micrantha","Bridelia micrantha (Hochst.) Baill.",8.1,37.5,NA,27,7,1975,3076142
"Bridelia","Bridelia micrantha","Bridelia micrantha (Hochst.) Baill.",5.383333,-4.05,NA,3,6,1976,3076142
"Bridelia","Bridelia micrantha","Bridelia micrantha (Hochst.) Baill.",9.033333,36.866667,NA,15,5,1976,3076142
"Bridelia","Bridelia micrantha","Bridelia micrantha (Hochst.) Baill.",7.766667,-4.933333,NA,16,6,1969,3076142
"Bridelia","Bridelia micrantha","Bridelia micrantha (Hochst.) Baill.",-3.166667,29.366667,NA,25,9,1976,3076142
"Bridelia","Bridelia micrantha","Bridelia micrantha (Hochst.) Baill.",5.85,-4.766667,NA,13,8,1975,3076142
"Bridelia","Bridelia micrantha","Bridelia micrantha (Hochst.) Baill.",3.083333,10.416667,NA,NA,1,1904,3076142
"Bridelia","Bridelia micrantha","Bridelia micrantha (Hochst.) Baill.",-25.316667,32.816667,NA,22,6,1978,3076142
"Bridelia","Bridelia micrantha","Bridelia micrantha (Hochst.) Baill.",5.333333,-4.133333,NA,27,6,1956,3076142
"Bridelia","Bridelia micrantha","Bridelia micrantha (Hochst.) Baill.",7.45,-7.633333,NA,28,5,1975,3076142
"Bridelia","Bridelia micrantha","Bridelia micrantha (Hochst.) Baill.",12.533333,-16.35,NA,28,7,1977,3076142
"Bridelia","Bridelia micrantha","Bridelia micrantha (Hochst.) Baill.",-29.810048,30.890509,NA,29,4,2022,3076142
"Bridelia","Bridelia micrantha","Bridelia micrantha (Hochst.) Baill.",-29.63,30.98,NA,27,11,2023,3076142
"Bridelia","Bridelia micrantha","Bridelia micrantha (Hochst.) Baill.",-29.841881,30.910761,NA,30,4,2023,3076142
"Bridelia","Bridelia micrantha","Bridelia micrantha (Hochst.) Baill.",-4.98722,38.69416,100,27,7,2000,3076142
"Bridelia","Bridelia micrantha","Bridelia micrantha (Hochst.) Baill.",-5.44416,30.59333,1225,4,1,2003,3076142
"Bridelia","Bridelia micrantha","Bridelia micrantha (Hochst.) Baill.",1.397,9.93,413,NA,10,2005,3076142
"Bridelia","Bridelia micrantha","Bridelia micrantha (Hochst.) Baill.",0.42234,12.300673,491,9,5,2022,3076142
"Bridelia","Bridelia micrantha","Bridelia micrantha (Hochst.) Baill.",0.38535,10.243447,NA,NA,NA,2021,3076142
"Bridelia","Bridelia micrantha","Bridelia micrantha (Hochst.) Baill.",0.3858,10.242098,NA,NA,NA,2021,3076142
"Bridelia","Bridelia micrantha","Bridelia micrantha (Hochst.) Baill.",0.384001,10.242098,NA,NA,NA,2021,3076142
"Bridelia","Bridelia micrantha","Bridelia micrantha (Hochst.) Baill.",0.387598,10.243897,NA,NA,NA,2021,3076142
"Bridelia","Bridelia micrantha","Bridelia micrantha (Hochst.) Baill.",0.38535,10.242548,NA,NA,NA,2021,3076142
"Bridelia","Bridelia micrantha","Bridelia micrantha (Hochst.) Baill.",0.38535,10.242998,NA,NA,NA,2021,3076142
"Bridelia","Bridelia micrantha","Bridelia micrantha (Hochst.) Baill.",0.387598,10.242998,NA,NA,NA,2021,3076142
"Bridelia","Bridelia micrantha","Bridelia micrantha (Hochst.) Baill.",6.555914,2.651235,NA,28,3,1983,3076142
"Bridelia","Bridelia micrantha","Bridelia micrantha (Hochst.) Baill.",9.702161,1.709194,NA,12,3,1985,3076142
"Bridelia","Bridelia micrantha","Bridelia micrantha (Hochst.) Baill.",6.74778,2.118633,NA,12,8,1984,3076142
"Bridelia","Bridelia micrantha","Bridelia micrantha (Hochst.) Baill.",6.648873,2.73417,NA,2,7,1983,3076142
"Bridelia","Bridelia micrantha","Bridelia micrantha (Hochst.) Baill.",9.352597,2.672911,NA,21,7,1979,3076142
"Bridelia","Bridelia micrantha","Bridelia micrantha (Hochst.) Baill.",-29.841983,30.910793,NA,25,11,2023,3076142
"Bridelia","Bridelia micrantha","Bridelia micrantha (Hochst.) Baill.",-29.802282,30.845856,NA,28,4,2023,3076142
"Bridelia","Bridelia micrantha","Bridelia micrantha (Hochst.) Baill.",-22.964589,30.464313,NA,24,11,2023,3076142
"Bridelia","Bridelia micrantha","Bridelia micrantha (Hochst.) Baill.",-29.217045,31.496213,NA,24,10,2019,3076142
"Bridelia","Bridelia micrantha","Bridelia micrantha (Hochst.) Baill.",-28.957783,31.758911,NA,22,10,2021,3076142
"Bridelia","Bridelia micrantha","Bridelia micrantha (Hochst.) Baill.",5.366667,-4.05,NA,19,7,1973,3076142
"Bridelia","Bridelia micrantha","Bridelia micrantha (Hochst.) Baill.",-29.222488,31.440219,NA,15,11,2023,3076142
"Bridelia","Bridelia micrantha","Bridelia micrantha (Hochst.) Baill.",4.78,9.6833,NA,5,11,1995,3076142
"Bridelia","Bridelia micrantha","Bridelia micrantha (Hochst.) Baill.",4.3,9.033333,NA,16,10,1993,3076142
"Bridelia","Bridelia micrantha","Bridelia micrantha (Hochst.) Baill.",-10.1025,39.217778,NA,5,7,2008,3076142
"Bridelia","Bridelia micrantha","Bridelia micrantha (Hochst.) Baill.",5.766667,-4.133333,NA,15,3,1962,3076142
"Bridelia","Bridelia micrantha","Bridelia micrantha (Hochst.) Baill.",7.371667,35.093333,NA,15,1,2009,3076142
"Bridelia","Bridelia micrantha","Bridelia micrantha (Hochst.) Baill.",-9.283333,33.616667,NA,NA,1,1910,3076142
"Bridelia","Bridelia micrantha","Bridelia micrantha (Hochst.) Baill.",5.366667,25.366667,560,NA,2,1995,3076142
"Bridelia","Bridelia micrantha","Bridelia micrantha (Hochst.) Baill.",5.03333,9.31666,550,27,10,1986,3076142
"Bridelia","Bridelia micrantha","Bridelia micrantha (Hochst.) Baill.",-2.333333,31.866667,1130,3,7,2003,3076142
"Bridelia","Bridelia micrantha","Bridelia micrantha (Hochst.) Baill.",-8.81666,32.76666,NA,15,11,1986,3076142
"Bridelia","Bridelia micrantha","Bridelia micrantha (Hochst.) Baill.",-15.148333,35.371667,NA,NA,NA,NA,3076142
"Bridelia","Bridelia micrantha","Bridelia micrantha (Hochst.) Baill.",4.733333,9.716667,400,21,5,1996,3076142
"Bridelia","Bridelia micrantha","Bridelia micrantha (Hochst.) Baill.",4.15,9.333333,1900,5,4,1937,3076142
"Bridelia","Bridelia micrantha","Bridelia micrantha (Hochst.) Baill.",4.833334,9.683333,900,6,2,1995,3076142
"Bridelia","Bridelia micrantha","Bridelia micrantha (Hochst.) Baill.",4.4,9.45,NA,28,3,1960,3076142
"Bridelia","Bridelia micrantha","Bridelia micrantha (Hochst.) Baill.",4.15,9.233333,NA,NA,NA,NA,3076142
"Bridelia","Bridelia micrantha","Bridelia micrantha (Hochst.) Baill.",4.78,9.683333,1200,5,11,1995,3076142
"Bridelia","Bridelia micrantha","Bridelia micrantha (Hochst.) Baill.",4.05,9.1,600,26,10,1992,3076142
"Bridelia","Bridelia micrantha","Bridelia micrantha (Hochst.) Baill.",6,10,1267,20,3,1962,3076142
"Bridelia","Bridelia micrantha","Bridelia micrantha (Hochst.) Baill.",6.349166,10.608611,1735,15,2,2006,3076142
"Bridelia","Bridelia micrantha","Bridelia micrantha (Hochst.) Baill.",4.733333,9.716667,700,11,7,1996,3076142
"Bridelia","Bridelia micrantha","Bridelia micrantha (Hochst.) Baill.",3.684374,14.705421,663,2,3,2013,3076142
"Bridelia","Bridelia micrantha","Bridelia micrantha (Hochst.) Baill.",1.08667,14.05516,494,23,1,2018,3076142
"Bridelia","Bridelia micrantha","Bridelia micrantha (Hochst.) Baill.",-4.31833,37.98944,1340,28,2,2001,3076142
"Bridelia","Bridelia micrantha","Bridelia micrantha (Hochst.) Baill.",8.68802,-8.87333,738,16,5,2020,3076142
"Bridelia","Bridelia micrantha","Bridelia micrantha (Hochst.) Baill.",0.416918,12.279357,489,7,5,2022,3076142
"Bridelia","Bridelia micrantha","Bridelia micrantha (Hochst.) Baill.",3.91124,11.49776,822,27,5,2022,3076142
"Bridelia","Bridelia micrantha","Bridelia micrantha (Hochst.) Baill.",0.527017,12.808365,508,21,4,2022,3076142
"Bridelia","Bridelia micrantha","Bridelia micrantha (Hochst.) Baill.",-25.17,31.27,NA,28,3,2007,3076142
"Bridelia","Bridelia micrantha","Bridelia micrantha (Hochst.) Baill.",-7.880556,31.689444,2170,28,4,2009,3076142
"Bridelia","Bridelia micrantha","Bridelia micrantha (Hochst.) Baill.",10.318167,-14.386,51,22,10,2016,3076142
"Bridelia","Bridelia micrantha","Bridelia micrantha (Hochst.) Baill.",1.356111,17.455,NA,11,5,2008,3076142
"Bridelia","Bridelia micrantha","Bridelia micrantha (Hochst.) Baill.",-2.07728,28.546538,NA,4,2,2010,3076142
"Bridelia","Bridelia micrantha","Bridelia micrantha (Hochst.) Baill.",-5.137777,15.071666,NA,30,9,1930,3076142
"Bridelia","Bridelia micrantha","Bridelia micrantha (Hochst.) Baill.",0.056944,18.309166,NA,20,12,1906,3076142
"Bridelia","Bridelia micrantha","Bridelia micrantha (Hochst.) Baill.",2.831666,20.748055,NA,NA,9,1913,3076142
"Bridelia","Bridelia micrantha","Bridelia micrantha (Hochst.) Baill.",1.397222,17.450833,NA,23,4,2009,3076142
"Bridelia","Bridelia micrantha","Bridelia micrantha (Hochst.) Baill.",8.72806,1.72885,NA,1,10,1998,3076142
"Bridelia","Bridelia micrantha","Bridelia micrantha (Hochst.) Baill.",6.7267,2.5494,NA,13,8,2013,3076142
"Bridelia","Bridelia micrantha","Bridelia micrantha (Hochst.) Baill.",7.4557,2.6472,NA,12,10,2013,3076142
"Bridelia","Bridelia micrantha","Bridelia micrantha (Hochst.) Baill.",8.72814,1.72345,NA,7,1,2016,3076142
"Bridelia","Bridelia micrantha","Bridelia micrantha (Hochst.) Baill.",8.72812,1.72745,NA,23,1,2016,3076142
"Bridelia","Bridelia micrantha","Bridelia micrantha (Hochst.) Baill.",-15.765296,32.74769,351,2,5,1972,3076142
"Bridelia","Bridelia micrantha","Bridelia micrantha (Hochst.) Baill.",0.783333,11.166667,NA,31,3,1985,3076142
"Bridelia","Bridelia micrantha","Bridelia micrantha (Hochst.) Baill.",-29.802909,30.836179,397.47,21,12,2020,3076142
"Bridelia","Bridelia micrantha","Bridelia micrantha (Hochst.) Baill.",-28.3762,32.4181,NA,8,2,2024,3076142
"Bridelia","Bridelia micrantha","Bridelia micrantha (Hochst.) Baill.",-29.85286,30.899727,NA,26,11,2023,3076142
"Bridelia","Bridelia micrantha","Bridelia micrantha (Hochst.) Baill.",-29.778882,30.833096,NA,15,4,2022,3076142
"Bridelia","Bridelia micrantha","Bridelia micrantha (Hochst.) Baill.",-30.793124,30.309673,NA,14,12,2023,3076142
"Bridelia","Bridelia micrantha","Bridelia micrantha (Hochst.) Baill.",-29.628023,30.987017,NA,21,9,2021,3076142
"Bridelia","Bridelia micrantha","Bridelia micrantha (Hochst.) Baill.",0.38555,10.24496,46,23,11,2020,3076142
"Bridelia","Bridelia micrantha","Bridelia micrantha (Hochst.) Baill.",2.36666,16.15,350,11,4,1988,3076142
"Bridelia","Bridelia micrantha","Bridelia micrantha (Hochst.) Baill.",-8.31583,38.96083,250,23,9,1997,3076142
"Bridelia","Bridelia micrantha","Bridelia micrantha (Hochst.) Baill.",8.21178,-8.72564,642,25,8,2019,3076142
"Bridelia","Bridelia micrantha","Bridelia micrantha (Hochst.) Baill.",-5.933056,30.215556,1500,15,11,2006,3076142
"Bridelia","Bridelia micrantha","Bridelia micrantha (Hochst.) Baill.",-3.241788,37.327712,1362,3,11,2021,3076142
"Bridelia","Bridelia micrantha","Bridelia micrantha (Hochst.) Baill.",-29.517039,31.216335,NA,28,10,2022,3076142
"Bridelia","Bridelia micrantha","Bridelia micrantha (Hochst.) Baill.",-29.781011,30.844779,NA,24,11,2023,3076142
"Bridelia","Bridelia micrantha","Bridelia micrantha (Hochst.) Baill.",-29.795349,30.831878,NA,30,4,2023,3076142
"Bridelia","Bridelia micrantha","Bridelia micrantha (Hochst.) Baill.",-29.801565,30.853616,NA,29,4,2023,3076142
"Bridelia","Bridelia micrantha","Bridelia micrantha (Hochst.) Baill.",-8.23333,35.11666,1660,13,11,1988,3076142
"Bridelia","Bridelia micrantha","Bridelia micrantha (Hochst.) Baill.",-10.732633,13.764625,850,3,11,1932,3076142
"Bridelia","Bridelia micrantha","Bridelia micrantha (Hochst.) Baill.",4.066667,9.033333,NA,30,7,1984,3076142
"Bridelia","Bridelia micrantha","Bridelia micrantha (Hochst.) Baill.",0.716667,11.35,NA,2,3,1986,3076142
"Bridelia","Bridelia micrantha","Bridelia micrantha (Hochst.) Baill.",-4.318333,37.989444,1340,28,2,2001,3076142
"Bridelia","Bridelia micrantha","Bridelia micrantha (Hochst.) Baill.",-4.313889,38.002222,1280,29,11,2000,3076142
"Bridelia","Bridelia micrantha","Bridelia micrantha (Hochst.) Baill.",-1.98471,30.2109,NA,10,9,2021,3076142
"Bridelia","Bridelia micrantha","Bridelia micrantha (Hochst.) Baill.",10.35456,-9.30359,NA,NA,10,2017,3076142
"Bridelia","Bridelia micrantha","Bridelia micrantha (Hochst.) Baill.",10.36403,-9.2947,NA,NA,10,2017,3076142
"Bridelia","Bridelia micrantha","Bridelia micrantha (Hochst.) Baill.",-25.525556,31.255278,418,17,12,2014,3076142
"Bridelia","Bridelia micrantha","Bridelia micrantha (Hochst.) Baill.",4.066667,9.033333,10,4,8,1984,3076142
"Bridelia","Bridelia micrantha","Bridelia micrantha (Hochst.) Baill.",-4.316667,38,1200,5,12,2000,3076142
"Bridelia","Bridelia micrantha","Bridelia micrantha (Hochst.) Baill.",-4.308333,38,1340,1,12,2000,3076142
"Bridelia","Bridelia micrantha","Bridelia micrantha (Hochst.) Baill.",0.13,34.85,1600,18,4,1965,3076142
"Bridelia","Bridelia micrantha","Bridelia micrantha (Hochst.) Baill.",7.65233,-8.50068,NA,NA,NA,NA,3076142
"Bridelia","Bridelia micrantha","Bridelia micrantha (Hochst.) Baill.",0.779444,29.583055,NA,6,4,1914,3076142
"Bridelia","Bridelia micrantha","Bridelia micrantha (Hochst.) Baill.",-19.713888,32.993327,NA,27,11,2019,3076142
"Bridelia","Bridelia micrantha","Bridelia micrantha (Hochst.) Baill.",-3.216667,30.733333,NA,4,1,1979,3076142
"Bridelia","Bridelia micrantha","Bridelia micrantha (Hochst.) Baill.",2.863888,27.652222,NA,NA,NA,NA,3076142
"Bridelia","Bridelia micrantha","Bridelia micrantha (Hochst.) Baill.",0.767499,24.446944,NA,24,6,1958,3076142
"Bridelia","Bridelia micrantha","Bridelia micrantha (Hochst.) Baill.",-29.875,30.875,NA,NA,11,1933,3076142
"Bridelia","Bridelia micrantha","Bridelia micrantha (Hochst.) Baill.",-26.875,32.625,NA,28,10,1966,3076142
"Bridelia","Bridelia micrantha","Bridelia micrantha (Hochst.) Baill.",-28.125,32.375,NA,1,1,1967,3076142
"Bridelia","Bridelia micrantha","Bridelia micrantha (Hochst.) Baill.",-28.616667,32.266667,NA,29,10,1991,3076142
"Bridelia","Bridelia micrantha","Bridelia micrantha (Hochst.) Baill.",-0.8,34.6,NA,2,12,1974,3076142
"Bridelia","Bridelia micrantha","Bridelia micrantha (Hochst.) Baill.",6.716,2.133,NA,NA,NA,NA,3076142
"Bridelia","Bridelia micrantha","Bridelia micrantha (Hochst.) Baill.",9.3,2.6,NA,NA,NA,NA,3076142
"Bridelia","Bridelia micrantha","Bridelia micrantha (Hochst.) Baill.",6.666,2.7,NA,NA,NA,NA,3076142
"Bridelia","Bridelia micrantha","Bridelia micrantha (Hochst.) Baill.",6.733,2.133,NA,NA,NA,NA,3076142
"Bridelia","Bridelia micrantha","Bridelia micrantha (Hochst.) Baill.",-10.033333,34.6,1665,22,11,1992,3076142
"Bridelia","Bridelia micrantha","Bridelia micrantha (Hochst.) Baill.",-7.82091,36.96692,281,14,12,2017,3076142
"Bridelia","Bridelia micrantha","Bridelia micrantha (Hochst.) Baill.",-5.05,38.63,200,14,1,1999,3076142
"Bridelia","Bridelia micrantha","Bridelia micrantha (Hochst.) Baill.",-29.731077,31.048266,NA,24,2,2024,3076142
"Bridelia","Bridelia micrantha","Bridelia micrantha (Hochst.) Baill.",-4.277778,15.240833,NA,4,2,1993,3076142
"Bridelia","Bridelia micrantha","Bridelia micrantha (Hochst.) Baill.",8.956667,34.735,NA,16,11,2012,3076142
"Bridelia","Bridelia micrantha","Bridelia micrantha (Hochst.) Baill.",5.033333,9.316667,NA,27,10,1986,3076142
"Bridelia","Bridelia micrantha","Bridelia micrantha (Hochst.) Baill.",-5.066944,38.743611,NA,25,2,2008,3076142
"Bridelia","Bridelia micrantha","Bridelia micrantha (Hochst.) Baill.",6.683333,-1.616667,NA,NA,10,1978,3076142
"Bridelia","Bridelia micrantha","Bridelia micrantha (Hochst.) Baill.",5.016667,8.783333,NA,8,4,2005,3076142
"Bridelia","Bridelia micrantha","Bridelia micrantha (Hochst.) Baill.",-0.3,30.333333,NA,13,1,1991,3076142
"Bridelia","Bridelia micrantha","Bridelia micrantha (Hochst.) Baill.",5.333333,-4.133333,NA,10,6,1972,3076142
"Bridelia","Bridelia micrantha","Bridelia micrantha (Hochst.) Baill.",-20.633333,30.316667,NA,31,10,1973,3076142
"Bridelia","Bridelia micrantha","Bridelia micrantha (Hochst.) Baill.",5.333333,-4.133333,NA,18,5,1963,3076142
"Bridelia","Bridelia micrantha","Bridelia micrantha (Hochst.) Baill.",5.45,-3.166667,NA,25,7,1968,3076142
"Bridelia","Bridelia micrantha","Bridelia micrantha (Hochst.) Baill.",7.233333,13.566667,NA,31,1,1966,3076142
"Bridelia","Bridelia micrantha","Bridelia micrantha (Hochst.) Baill.",7.45,-7.633333,NA,3,3,1959,3076142
"Bridelia","Bridelia micrantha","Bridelia micrantha (Hochst.) Baill.",2.366667,16.15,NA,11,4,1988,3076142
"Bridelia","Bridelia micrantha","Bridelia micrantha (Hochst.) Baill.",2.933333,9.9,NA,3,4,1969,3076142
"Bridelia","Bridelia micrantha","Bridelia micrantha (Hochst.) Baill.",-0.627291,30.978066,NA,NA,NA,2001,3076142
"Bridelia","Bridelia micrantha","Bridelia micrantha (Hochst.) Baill.",-0.661342,30.980065,NA,NA,NA,2001,3076142
"Bridelia","Bridelia micrantha","Bridelia micrantha (Hochst.) Baill.",-1.03,30.27,NA,6,5,1958,3076142
"Bridelia","Bridelia micrantha","Bridelia micrantha (Hochst.) Baill.",-1.03,30.27,NA,19,4,1958,3076142
"Bridelia","Bridelia micrantha","Bridelia micrantha (Hochst.) Baill.",-2.15,28.48,NA,19,11,1981,3076142
"Bridelia","Bridelia micrantha","Bridelia micrantha (Hochst.) Baill.",-2.14,28.47,NA,21,12,1971,3076142
"Bridelia","Bridelia micrantha","Bridelia micrantha (Hochst.) Baill.",-2.15,28.48,NA,17,9,1953,3076142
"Bridelia","Bridelia micrantha","Bridelia micrantha (Hochst.) Baill.",-1.29,30.14,1450,17,5,1958,3076142
"Bridelia","Bridelia micrantha","Bridelia micrantha (Hochst.) Baill.",-0.53,18.07,NA,10,4,1958,3076142
"Bridelia","Bridelia micrantha","Bridelia micrantha (Hochst.) Baill.",-1.03,30.27,NA,10,7,1958,3076142
"Bridelia","Bridelia micrantha","Bridelia micrantha (Hochst.) Baill.",-8.612222,35.624444,1581,21,11,2001,3076142
"Bridelia","Bridelia micrantha","Bridelia micrantha (Hochst.) Baill.",-4.987222,38.694167,100,27,7,2000,3076142
"Bridelia","Bridelia micrantha","Bridelia micrantha (Hochst.) Baill.",-8.315833,38.960833,250,23,9,1997,3076142
"Bridelia","Bridelia micrantha","Bridelia micrantha (Hochst.) Baill.",-28.423013,32.366757,NA,18,5,2004,3076142
"Bridelia","Bridelia micrantha","Bridelia micrantha (Hochst.) Baill.",9.116667,-11.266667,NA,28,3,1964,3076142
"Bridelia","Bridelia micrantha","Bridelia micrantha (Hochst.) Baill.",5.333333,-4.133333,NA,10,5,1969,3076142
"Bridelia","Bridelia micrantha","Bridelia micrantha (Hochst.) Baill.",2.833333,11.166667,NA,29,2,1964,3076142
"Bridelia","Bridelia micrantha","Bridelia micrantha (Hochst.) Baill.",5.4,-3.133333,NA,18,6,1975,3076142
"Bridelia","Bridelia micrantha","Bridelia micrantha (Hochst.) Baill.",5.333333,-4.116667,NA,16,5,1962,3076142
"Bridelia","Bridelia micrantha","Bridelia micrantha (Hochst.) Baill.",-3.4,38.4,NA,18,5,1985,3076142
"Bridelia","Bridelia micrantha","Bridelia micrantha (Hochst.) Baill.",0.15,34.7,NA,5,2,1979,3076142
"Bridelia","Bridelia micrantha","Bridelia micrantha (Hochst.) Baill.",-29.63033,31.074532,NA,23,5,2023,3076142
"Bridelia","Bridelia micrantha","Bridelia micrantha (Hochst.) Baill.",-29.77724,30.751105,NA,7,4,2021,3076142
"Bridelia","Bridelia micrantha","Bridelia micrantha (Hochst.) Baill.",-29.845172,30.901069,NA,25,11,2023,3076142
"Bridelia","Bridelia micrantha","Bridelia micrantha (Hochst.) Baill.",-29.832262,30.843808,NA,30,4,2022,3076142
"Bridelia","Bridelia micrantha","Bridelia micrantha (Hochst.) Baill.",-29.813557,30.815564,NA,28,4,2023,3076142
"Bridelia","Bridelia micrantha","Bridelia micrantha (Hochst.) Baill.",-29.78,30.7741,NA,1,1,2022,3076142
"Bridelia","Bridelia micrantha","Bridelia micrantha (Hochst.) Baill.",-29.778763,30.835772,NA,27,11,2023,3076142
"Bridelia","Bridelia micrantha","Bridelia micrantha (Hochst.) Baill.",-29.781972,30.846258,NA,28,10,2022,3076142
"Bridelia","Bridelia micrantha","Bridelia micrantha (Hochst.) Baill.",-23.764763,30.04875,NA,8,11,2019,3076142
"Bridelia","Bridelia micrantha","Bridelia micrantha (Hochst.) Baill.",-28.68938,32.002772,NA,13,7,2019,3076142
"Bridelia","Bridelia micrantha","Bridelia micrantha (Hochst.) Baill.",-29.794903,30.832312,NA,29,4,2022,3076142
"Bridelia","Bridelia micrantha","Bridelia micrantha (Hochst.) Baill.",-29.816075,30.811883,NA,30,4,2023,3076142
"Bridelia","Bridelia micrantha","Bridelia micrantha (Hochst.) Baill.",-28.962377,31.758918,NA,29,11,2017,3076142
"Bridelia","Bridelia micrantha","Bridelia micrantha (Hochst.) Baill.",-28.68906,31.99986,NA,13,7,2019,3076142
"Bridelia","Bridelia micrantha","Bridelia micrantha (Hochst.) Baill.",-28.942313,31.752873,NA,7,8,2022,3076142
"Bridelia","Bridelia micrantha","Bridelia micrantha (Hochst.) Baill.",-28.3762,32.4181,NA,27,11,2020,3076142
"Bridelia","Bridelia micrantha","Bridelia micrantha (Hochst.) Baill.",-19.061727,32.727117,NA,30,10,2022,3076142
"Bridelia","Bridelia micrantha","Bridelia micrantha (Hochst.) Baill.",-29.852197,30.899839,NA,1,5,2023,3076142
"Bridelia","Bridelia micrantha","Bridelia micrantha (Hochst.) Baill.",-29.778344,30.833523,NA,15,4,2022,3076142
"Bridelia","Bridelia micrantha","Bridelia micrantha (Hochst.) Baill.",-29.515266,31.209684,NA,26,12,2021,3076142
"Bridelia","Bridelia micrantha","Bridelia micrantha (Hochst.) Baill.",-29.78178,30.775747,NA,30,12,2021,3076142
"Bridelia","Bridelia micrantha","Bridelia micrantha (Hochst.) Baill.",-25.584953,31.501897,NA,15,8,2020,3076142
"Bridelia","Bridelia micrantha","Bridelia micrantha (Hochst.) Baill.",-29.811097,30.885368,NA,28,5,2022,3076142
"Bridelia","Bridelia micrantha","Bridelia micrantha (Hochst.) Baill.",-24.499612,27.574202,NA,3,3,2024,3076142
"Bridelia","Bridelia micrantha","Bridelia micrantha (Hochst.) Baill.",-22.670125,30.374642,NA,29,12,2019,3076142
"Bridelia","Bridelia micrantha","Bridelia micrantha (Hochst.) Baill.",-29.858605,30.917983,NA,28,10,2022,3076142
"Bridelia","Bridelia micrantha","Bridelia micrantha (Hochst.) Baill.",7.211914,-7.661828,NA,29,3,2020,3076142
"Bridelia","Bridelia micrantha","Bridelia micrantha (Hochst.) Baill.",-29.845471,30.91962,NA,30,4,2021,3076142
"Bridelia","Bridelia micrantha","Bridelia micrantha (Hochst.) Baill.",-29.778369,30.801343,NA,4,4,2021,3076142
"Bridelia","Bridelia micrantha","Bridelia micrantha (Hochst.) Baill.",-29.748767,30.848775,NA,2,5,2021,3076142
"Bridelia","Bridelia micrantha","Bridelia micrantha (Hochst.) Baill.",-29.755875,30.825725,NA,1,5,2021,3076142
"Bridelia","Bridelia micrantha","Bridelia micrantha (Hochst.) Baill.",-12.5272,30.1308,1170,17,11,1993,3076142
"Bridelia","Bridelia micrantha","Bridelia micrantha (Hochst.) Baill.",-1.01666,31.61666,1130,18,11,1999,3076142
"Bridelia","Bridelia micrantha","Bridelia micrantha (Hochst.) Baill.",8.67827,-8.87126,763,19,5,2020,3076142
"Bridelia","Bridelia micrantha","Bridelia micrantha (Hochst.) Baill.",-4.2,37.95694,1600,8,11,2000,3076142
"Bridelia","Bridelia micrantha","Bridelia micrantha (Hochst.) Baill.",7.677167,-8.385,997,7,12,2007,3076142
"Bridelia","Bridelia micrantha","Bridelia micrantha (Hochst.) Baill.",-1.316667,31.8,NA,2,11,1992,3076142
"Bridelia","Bridelia micrantha","Bridelia micrantha (Hochst.) Baill.",0.2,9.733333,NA,20,11,1904,3076142
"Bridelia","Bridelia micrantha","Bridelia micrantha (Hochst.) Baill.",6.75,-11.366667,NA,29,12,1947,3076142
"Bridelia","Bridelia micrantha","Bridelia micrantha (Hochst.) Baill.",4.583333,13.666667,NA,7,11,1960,3076142
"Bridelia","Bridelia micrantha","Bridelia micrantha (Hochst.) Baill.",6.794,-11.350833,NA,22,3,2009,3076142
"Bridelia","Bridelia micrantha","Bridelia micrantha (Hochst.) Baill.",3.05,10.716667,NA,29,7,1996,3076142
"Bridelia","Bridelia micrantha","Bridelia micrantha (Hochst.) Baill.",3.001667,10.036667,NA,11,2,1994,3076142
"Bridelia","Bridelia micrantha","Bridelia micrantha (Hochst.) Baill.",-4.166667,39.616667,NA,29,9,1982,3076142
"Bridelia","Bridelia micrantha","Bridelia micrantha (Hochst.) Baill.",9.35,-5.45,NA,12,7,1969,3076142
"Bridelia","Bridelia micrantha","Bridelia micrantha (Hochst.) Baill.",4.133333,9.766667,NA,12,5,1976,3076142
"Bridelia","Bridelia micrantha","Bridelia micrantha (Hochst.) Baill.",-8.166667,36.333333,NA,NA,1,1964,3076142
"Bridelia","Bridelia micrantha","Bridelia micrantha (Hochst.) Baill.",-3.316667,29.45,NA,25,1,1981,3076142
"Bridelia","Bridelia micrantha","Bridelia micrantha (Hochst.) Baill.",-25.78333,31.05,NA,15,10,1938,3076142
"Bridelia","Bridelia micrantha","Bridelia micrantha (Hochst.) Baill.",-1.066667,31.833333,NA,30,10,1992,3076142
"Bridelia","Bridelia micrantha","Bridelia micrantha (Hochst.) Baill.",5.383333,-4.05,NA,13,7,1963,3076142
"Bridelia","Bridelia micrantha","Bridelia micrantha (Hochst.) Baill.",6.683333,-1.616667,NA,NA,6,1973,3076142
"Bridelia","Bridelia micrantha","Bridelia micrantha (Hochst.) Baill.",13,-16.733333,NA,22,7,1998,3076142
"Bridelia","Bridelia micrantha","Bridelia micrantha (Hochst.) Baill.",12.258333,-16.061667,NA,13,4,2000,3076142
"Bridelia","Bridelia micrantha","Bridelia micrantha (Hochst.) Baill.",13,-16.733333,NA,10,7,1998,3076142
"Bridelia","Bridelia micrantha","Bridelia micrantha (Hochst.) Baill.",2.171111,16.140278,NA,19,8,2006,3076142
"Bridelia","Bridelia micrantha","Bridelia micrantha (Hochst.) Baill.",-5.137777,15.071666,NA,NA,1,1949,3076142
"Bridelia","Bridelia micrantha","Bridelia micrantha (Hochst.) Baill.",3.444444,25.691944,NA,NA,NA,NA,3076142
"Bridelia","Bridelia micrantha","Bridelia micrantha (Hochst.) Baill.",-1.3025,11.103333,NA,16,12,1941,3076142
"Bridelia","Bridelia micrantha","Bridelia micrantha (Hochst.) Baill.",-1.333333,28.066667,NA,26,6,1957,3076142
"Bridelia","Bridelia micrantha","Bridelia micrantha (Hochst.) Baill.",4.438055,25.838611,NA,5,6,1956,3076142
"Bridelia","Bridelia micrantha","Bridelia micrantha (Hochst.) Baill.",0.394444,20.841388,NA,7,5,1958,3076142
"Bridelia","Bridelia micrantha","Bridelia micrantha (Hochst.) Baill.",-2.35,28.8,NA,18,1,1939,3076142
"Bridelia","Bridelia micrantha","Bridelia micrantha (Hochst.) Baill.",-4.15,29.9,NA,20,10,1977,3076142
"Bridelia","Bridelia micrantha","Bridelia micrantha (Hochst.) Baill.",-29.510368,31.215239,NA,29,10,2022,3076142
"Bridelia","Bridelia micrantha","Bridelia micrantha (Hochst.) Baill.",2.383333,16.116667,NA,22,5,1988,3076142
"Bridelia","Bridelia micrantha","Bridelia micrantha (Hochst.) Baill.",5.3,-4,NA,8,6,1970,3076142
"Bridelia","Bridelia micrantha","Bridelia micrantha (Hochst.) Baill.",10.1,-12.616667,NA,16,5,1939,3076142
"Bridelia","Bridelia micrantha","Bridelia micrantha (Hochst.) Baill.",6.283333,-10.683333,NA,NA,7,1961,3076142
"Bridelia","Bridelia micrantha","Bridelia micrantha (Hochst.) Baill.",-2.233333,29.4,NA,15,6,1978,3076142
"Bridelia","Bridelia micrantha","Bridelia micrantha (Hochst.) Baill.",5.719312,36.801755,NA,8,10,2010,3076142
"Bridelia","Bridelia micrantha","Bridelia micrantha (Hochst.) Baill.",-3.166667,30.75,NA,7,2,1979,3076142
"Bridelia","Bridelia micrantha","Bridelia micrantha (Hochst.) Baill.",-1.566667,29.033333,NA,NA,4,1929,3076142
"Bridelia","Bridelia micrantha","Bridelia micrantha (Hochst.) Baill.",8.966667,37.7,NA,14,4,1965,3076142
"Bridelia","Bridelia micrantha","Bridelia micrantha (Hochst.) Baill.",-1.81042,13.24872,NA,17,7,2019,3076142
"Bridelia","Bridelia micrantha","Bridelia micrantha (Hochst.) Baill.",-29.693238,31.080074,NA,5,4,2021,3076142
"Bridelia","Bridelia micrantha","Bridelia micrantha (Hochst.) Baill.",-28.3723,32.3911,NA,1,5,2023,3076142
"Bridelia","Bridelia micrantha","Bridelia micrantha (Hochst.) Baill.",0.6,14.9,400,26,1,1995,3076142
"Bridelia","Bridelia micrantha","Bridelia micrantha (Hochst.) Baill.",5.8544,-0.178,NA,1,10,2012,3076142
"Bridelia","Bridelia micrantha","Bridelia micrantha (Hochst.) Baill.",5.8544,-0.178,NA,30,12,2011,3076142
"Bridelia","Bridelia micrantha","Bridelia micrantha (Hochst.) Baill.",5.8544,-0.178,NA,1,2,2012,3076142
"Bridelia","Bridelia micrantha","Bridelia micrantha (Hochst.) Baill.",4.08333,9.1,500,29,12,1983,3076142
"Bridelia","Bridelia micrantha","Bridelia micrantha (Hochst.) Baill.",-3.15,29.36666,850,3,11,1967,3076142
"Bridelia","Bridelia micrantha","Bridelia micrantha (Hochst.) Baill.",4.43333,9.18333,160,7,3,1985,3076142
"Bridelia","Bridelia micrantha","Bridelia micrantha (Hochst.) Baill.",-10,34.56666,1160,20,1,1991,3076142
"Bridelia","Bridelia micrantha","Bridelia micrantha (Hochst.) Baill.",4.63333,9.43333,200,NA,3,1984,3076142
"Bridelia","Bridelia micrantha","Bridelia micrantha (Hochst.) Baill.",5.1,9.16666,500,24,3,1988,3076142
"Bridelia","Bridelia micrantha","Bridelia micrantha (Hochst.) Baill.",1.404166,17.451388,NA,23,4,2009,3076142
"Bridelia","Bridelia micrantha","Bridelia micrantha (Hochst.) Baill.",6.720874,2.126068,NA,18,9,2000,3076142
"Bridelia","Bridelia micrantha","Bridelia micrantha (Hochst.) Baill.",9.468018,2.253797,NA,16,1,2001,3076142
"Bridelia","Bridelia micrantha","Bridelia micrantha (Hochst.) Baill.",9.913887,2.942768,NA,26,1,2001,3076142
"Bridelia","Bridelia micrantha","Bridelia micrantha (Hochst.) Baill.",6.713328,2.144628,NA,27,9,2000,3076142
"Bridelia","Bridelia micrantha","Bridelia micrantha (Hochst.) Baill.",9.923229,2.875497,NA,26,1,2001,3076142
"Bridelia","Bridelia micrantha","Bridelia micrantha (Hochst.) Baill.",9.70882,2.277591,NA,18,1,2001,3076142
"Bridelia","Bridelia micrantha","Bridelia micrantha (Hochst.) Baill.",6.716845,2.133631,NA,21,9,2000,3076142
"Bridelia","Bridelia micrantha","Bridelia micrantha (Hochst.) Baill.",5.4,-3.13,NA,NA,NA,1975,3076142
"Bridelia","Bridelia micrantha","Bridelia micrantha (Hochst.) Baill.",7.391266,3.862815,NA,7,2,1962,3076142
"Bridelia","Bridelia micrantha","Bridelia micrantha (Hochst.) Baill.",7.391266,3.862815,NA,6,12,1943,3076142
"Bridelia","Bridelia micrantha","Bridelia micrantha (Hochst.) Baill.",7.391266,3.862815,NA,20,6,1941,3076142
"Bridelia","Bridelia micrantha","Bridelia micrantha (Hochst.) Baill.",7.44459,3.900343,NA,21,2,1976,3076142
"Bridelia","Bridelia micrantha","Bridelia micrantha (Hochst.) Baill.",7.44459,3.900343,NA,11,3,1992,3076142
"Bridelia","Bridelia micrantha","Bridelia micrantha (Hochst.) Baill.",7.44459,3.900343,NA,NA,5,1993,3076142
"Bridelia","Bridelia micrantha","Bridelia micrantha (Hochst.) Baill.",7.397228,3.52562,NA,14,3,1981,3076142
"Bridelia","Bridelia micrantha","Bridelia micrantha (Hochst.) Baill.",-7.59944,14.97472,795,28,1,2014,3076142
"Bridelia","Bridelia micrantha","Bridelia micrantha (Hochst.) Baill.",-7.61639,14.96083,1000,26,1,2014,3076142
"Bridelia","Bridelia micrantha","Bridelia micrantha (Hochst.) Baill.",5.250683,-5.003332,NA,9,9,2007,3076142
"Bridelia","Bridelia micrantha","Bridelia micrantha (Hochst.) Baill.",9.283333,-3.05,NA,14,3,1968,3076142
"Bridelia","Bridelia micrantha","Bridelia micrantha (Hochst.) Baill.",7.384748,-7.52791,NA,28,5,1975,3076142
"Bridelia","Bridelia micrantha","Bridelia micrantha (Hochst.) Baill.",0.426743,12.295987,491,14,5,2022,3076142
"Bridelia","Bridelia micrantha","Bridelia micrantha (Hochst.) Baill.",-5.151389,38.467222,850,21,1,1999,3076142
"Bridelia","Bridelia micrantha","Bridelia micrantha (Hochst.) Baill.",-1.60619,11.36719,711,24,1,2008,3076142
"Bridelia","Bridelia micrantha","Bridelia micrantha (Hochst.) Baill.",6.27888,-0.62,360,28,2,1999,3076142
"Bridelia","Bridelia micrantha","Bridelia micrantha (Hochst.) Baill.",-29.875,30.875,NA,10,6,2003,3076142
"Bridelia","Bridelia micrantha","Bridelia micrantha (Hochst.) Baill.",-25.791944,30.580278,NA,13,12,2006,3076142
"Bridelia","Bridelia micrantha","Bridelia micrantha (Hochst.) Baill.",-29.625,31.125,NA,NA,11,1880,3076142
"Bridelia","Bridelia micrantha","Bridelia micrantha (Hochst.) Baill.",-28.875,31.875,NA,25,10,1962,3076142
"Bridelia","Bridelia micrantha","Bridelia micrantha (Hochst.) Baill.",-25.875,31.125,NA,18,8,1908,3076142
"Bridelia","Bridelia micrantha","Bridelia micrantha (Hochst.) Baill.",-23.875,30.125,NA,9,6,1906,3076142
"Bridelia","Bridelia micrantha","Bridelia micrantha (Hochst.) Baill.",-22.625,31.125,NA,13,4,1951,3076142
"Bridelia","Bridelia micrantha","Bridelia micrantha (Hochst.) Baill.",-29.875,30.875,NA,1,1,1950,3076142
"Bridelia","Bridelia micrantha","Bridelia micrantha (Hochst.) Baill.",-25.875,31.125,NA,NA,1,1909,3076142
"Bridelia","Bridelia micrantha","Bridelia micrantha (Hochst.) Baill.",-25.375,29.375,NA,2,4,1961,3076142
"Bridelia","Bridelia micrantha","Bridelia micrantha (Hochst.) Baill.",-24.625,31.125,NA,7,11,1973,3076142
"Bridelia","Bridelia micrantha","Bridelia micrantha (Hochst.) Baill.",-24.625,31.125,NA,1,11,1950,3076142
"Bridelia","Bridelia micrantha","Bridelia micrantha (Hochst.) Baill.",-28.375,32.375,NA,1,2,1982,3076142
"Bridelia","Bridelia micrantha","Bridelia micrantha (Hochst.) Baill.",-22.875,30.125,NA,3,11,1979,3076142
"Bridelia","Bridelia micrantha","Bridelia micrantha (Hochst.) Baill.",-25.735,28.278333,NA,1,11,2017,3076142
"Bridelia","Bridelia micrantha","Bridelia micrantha (Hochst.) Baill.",-25.875,31.375,NA,22,10,1963,3076142
"Bridelia","Bridelia micrantha","Bridelia micrantha (Hochst.) Baill.",-23.125,30.125,NA,NA,11,1965,3076142
"Bridelia","Bridelia micrantha","Bridelia micrantha (Hochst.) Baill.",-24.710833,30.818333,NA,20,11,1993,3076142
"Bridelia","Bridelia micrantha","Bridelia micrantha (Hochst.) Baill.",-28.125,32.375,NA,16,10,1944,3076142
"Bridelia","Bridelia micrantha","Bridelia micrantha (Hochst.) Baill.",-25.125,31.375,NA,3,11,1949,3076142
"Bridelia","Bridelia micrantha","Bridelia micrantha (Hochst.) Baill.",-25.125,30.375,NA,26,1,1906,3076142
"Bridelia","Bridelia micrantha","Bridelia micrantha (Hochst.) Baill.",-29.875,30.625,NA,5,1,1966,3076142
"Bridelia","Bridelia micrantha","Bridelia micrantha (Hochst.) Baill.",-22.875,30.375,NA,19,9,1934,3076142
"Bridelia","Bridelia micrantha","Bridelia micrantha (Hochst.) Baill.",-23.125,30.125,NA,23,8,1967,3076142
"Bridelia","Bridelia micrantha","Bridelia micrantha (Hochst.) Baill.",-28.375,32.125,NA,11,10,1967,3076142
"Bridelia","Bridelia micrantha","Bridelia micrantha (Hochst.) Baill.",-25.375,30.875,NA,23,3,1970,3076142
"Bridelia","Bridelia micrantha","Bridelia micrantha (Hochst.) Baill.",-29.875,30.875,NA,6,12,2005,3076142
"Bridelia","Bridelia micrantha","Bridelia micrantha (Hochst.) Baill.",-29.875,30.875,NA,4,3,1984,3076142
"Bridelia","Bridelia micrantha","Bridelia micrantha (Hochst.) Baill.",-22.875,30.375,NA,16,10,1977,3076142
"Bridelia","Bridelia micrantha","Bridelia micrantha (Hochst.) Baill.",-26.375,31.125,NA,4,10,1963,3076142
"Bridelia","Bridelia micrantha","Bridelia micrantha (Hochst.) Baill.",-30.375,30.625,NA,4,9,1965,3076142
"Bridelia","Bridelia micrantha","Bridelia micrantha (Hochst.) Baill.",-22.875,29.875,NA,NA,6,1937,3076142
"Bridelia","Bridelia micrantha","Bridelia micrantha (Hochst.) Baill.",-23.875,30.625,NA,5,11,1948,3076142
"Bridelia","Bridelia micrantha","Bridelia micrantha (Hochst.) Baill.",-28.375,32.125,NA,25,1,1965,3076142
"Bridelia","Bridelia micrantha","Bridelia micrantha (Hochst.) Baill.",-24.53923,30.86925,NA,NA,11,1925,3076142
"Bridelia","Bridelia micrantha","Bridelia micrantha (Hochst.) Baill.",-25.78544,31.04771,NA,18,8,1908,3076142
"Bridelia","Bridelia micrantha","Bridelia micrantha (Hochst.) Baill.",-23.625,30.125,NA,28,10,1971,3076142
"Bridelia","Bridelia micrantha","Bridelia micrantha (Hochst.) Baill.",-30.375,30.625,NA,10,2,1984,3076142
"Bridelia","Bridelia micrantha","Bridelia micrantha (Hochst.) Baill.",7.11,-0.6,NA,4,6,1995,3076142
"Bridelia","Bridelia micrantha","Bridelia micrantha (Hochst.) Baill.",10.86667,-1.93333,NA,25,5,1952,3076142
"Bridelia","Bridelia micrantha","Bridelia micrantha (Hochst.) Baill.",5.66667,-0.08333,NA,26,9,1978,3076142
"Bridelia","Bridelia micrantha","Bridelia micrantha (Hochst.) Baill.",5.666667,-0.083333,NA,26,9,1978,3076142
"Bridelia","Bridelia micrantha","Bridelia micrantha (Hochst.) Baill.",7,-2,NA,9,10,1995,3076142
"Bridelia","Bridelia micrantha","Bridelia micrantha (Hochst.) Baill.",5.2,-2.4,NA,22,10,2003,3076142
"Bridelia","Bridelia micrantha","Bridelia micrantha (Hochst.) Baill.",6.85,0.433333,NA,14,11,1953,3076142
"Bridelia","Bridelia micrantha","Bridelia micrantha (Hochst.) Baill.",5.85,-0.183333,NA,30,10,1936,3076142
"Bridelia","Bridelia micrantha","Bridelia micrantha (Hochst.) Baill.",7.86,-2.346667,NA,9,10,1995,3076142
"Bridelia","Bridelia micrantha","Bridelia micrantha (Hochst.) Baill.",7.672167,-1.855333,NA,6,12,1995,3076142
"Bridelia","Bridelia micrantha","Bridelia micrantha (Hochst.) Baill.",6.28,-0.62,NA,28,2,1999,3076142
"Bridelia","Bridelia micrantha","Bridelia micrantha (Hochst.) Baill.",7.68,-1.86,NA,6,12,1995,3076142
"Bridelia","Bridelia micrantha","Bridelia micrantha (Hochst.) Baill.",6.8,-1.083333,NA,9,4,1954,3076142
"Bridelia","Bridelia micrantha","Bridelia micrantha (Hochst.) Baill.",5.283333,-2.583333,NA,15,4,1978,3076142
"Bridelia","Bridelia micrantha","Bridelia micrantha (Hochst.) Baill.",6.666667,-0.75,NA,2,4,1900,3076142
"Bridelia","Bridelia micrantha","Bridelia micrantha (Hochst.) Baill.",6.58333,-0.73333,NA,12,4,1954,3076142
"Bridelia","Bridelia micrantha","Bridelia micrantha (Hochst.) Baill.",7.86,-2.34667,NA,9,10,1995,3076142
"Bridelia","Bridelia micrantha","Bridelia micrantha (Hochst.) Baill.",-3.38999,36.744724,1350.16,15,4,2022,3076142
"Bridelia","Bridelia micrantha","Bridelia micrantha (Hochst.) Baill.",-6.877167,37.682015,1101.12,12,1,2022,3076142
"Bridelia","Bridelia micrantha","Bridelia micrantha (Hochst.) Baill.",-3.372828,36.697464,1401.71,31,7,2022,3076142
"Bridelia","Bridelia micrantha","Bridelia micrantha (Hochst.) Baill.",-5.0639,38.4353,NA,16,1,1999,3076142
"Bridelia","Bridelia micrantha","Bridelia micrantha (Hochst.) Baill.",-29.779199,30.834395,NA,3,5,2021,3076142
"Bridelia","Bridelia micrantha","Bridelia micrantha (Hochst.) Baill.",7.5405,-8.536667,NA,12,6,2010,3076142
"Bridelia","Bridelia micrantha","Bridelia micrantha (Hochst.) Baill.",-4.516667,15.033333,NA,15,12,1964,3076142
"Bridelia","Bridelia micrantha","Bridelia micrantha (Hochst.) Baill.",8.416667,13.25,NA,25,7,1974,3076142
"Bridelia","Bridelia micrantha","Bridelia micrantha (Hochst.) Baill.",-27.875,31.375,NA,1,2,2002,3076142
"Bridelia","Bridelia micrantha","Bridelia micrantha (Hochst.) Baill.",-7.193055,36.814167,770,24,10,2006,3076142
"Bridelia","Bridelia micrantha","Bridelia micrantha (Hochst.) Baill.",-29.857914,30.918164,NA,26,11,2023,3076142
"Bridelia","Bridelia micrantha","Bridelia micrantha (Hochst.) Baill.",-5.016667,15.266667,NA,18,12,1908,3076142
"Bridelia","Bridelia micrantha","Bridelia micrantha (Hochst.) Baill.",-4.266667,29.783333,NA,30,10,1980,3076142
"Bridelia","Bridelia micrantha","Bridelia micrantha (Hochst.) Baill.",-3.116667,17.066667,NA,NA,NA,1914,3076142
"Bridelia","Bridelia micrantha","Bridelia micrantha (Hochst.) Baill.",-2.324999,28.816667,NA,1,9,1952,3076142
"Bridelia","Bridelia micrantha","Bridelia micrantha (Hochst.) Baill.",3.444444,25.691944,NA,15,3,1956,3076142
"Bridelia","Bridelia micrantha","Bridelia micrantha (Hochst.) Baill.",-1.916667,29.1,NA,9,4,1959,3076142
"Bridelia","Bridelia micrantha","Bridelia micrantha (Hochst.) Baill.",-3.066667,30.5,NA,27,9,1978,3076142
"Bridelia","Bridelia micrantha","Bridelia micrantha (Hochst.) Baill.",4.466667,-7.65,NA,20,7,1971,3076142
"Bridelia","Bridelia micrantha","Bridelia micrantha (Hochst.) Baill.",9.633333,-13.56666,NA,NA,6,1913,3076142
"Bridelia","Bridelia micrantha","Bridelia micrantha (Hochst.) Baill.",-12.983333,15.5,NA,15,2,1974,3076142
"Bridelia","Bridelia micrantha","Bridelia micrantha (Hochst.) Baill.",-22.983333,30.433333,NA,10,10,1938,3076142
"Bridelia","Bridelia micrantha","Bridelia micrantha (Hochst.) Baill.",7.366667,-8.716667,NA,NA,1,1961,3076142
"Bridelia","Bridelia micrantha","Bridelia micrantha (Hochst.) Baill.",6.349167,10.608611,NA,15,2,2006,3076142
"Bridelia","Bridelia micrantha","Bridelia micrantha (Hochst.) Baill.",-9.483333,32.6,NA,10,10,1970,3076142
"Bridelia","Bridelia micrantha","Bridelia micrantha (Hochst.) Baill.",4.916667,9.916667,NA,9,2,1972,3076142
"Bridelia","Bridelia micrantha","Bridelia micrantha (Hochst.) Baill.",4.35,29.283333,NA,13,3,1950,3076142
"Bridelia","Bridelia micrantha","Bridelia micrantha (Hochst.) Baill.",-10.475278,34.085,NA,NA,7,2007,3076142
"Bridelia","Bridelia micrantha","Bridelia micrantha (Hochst.) Baill.",6.5244,3.3792,NA,NA,NA,2004,3076142
"Bridelia","Bridelia micrantha","Bridelia micrantha (Hochst.) Baill.",-19.875,32.875,NA,6,1,1935,3076142
"Bridelia","Bridelia micrantha","Bridelia micrantha (Hochst.) Baill.",-18.125,32.625,NA,2,11,1924,3076142
"Bridelia","Bridelia micrantha","Bridelia micrantha (Hochst.) Baill.",-19.875,32.875,NA,11,1,1927,3076142
"Bridelia","Bridelia micrantha","Bridelia micrantha (Hochst.) Baill.",-19.125,32.625,NA,29,6,1934,3076142
"Bridelia","Bridelia micrantha","Bridelia micrantha (Hochst.) Baill.",-19.875,32.875,NA,19,8,1947,3076142
"Bridelia","Bridelia micrantha","Bridelia micrantha (Hochst.) Baill.",-19.875,32.875,NA,30,11,1927,3076142
"Bridelia","Bridelia micrantha","Bridelia micrantha (Hochst.) Baill.",-19.125,32.625,NA,2,5,1947,3076142
"Bridelia","Bridelia micrantha","Bridelia micrantha (Hochst.) Baill.",-20.125,32.625,NA,15,10,1962,3076142
"Bridelia","Bridelia micrantha","Bridelia micrantha (Hochst.) Baill.",-20.375,32.875,NA,4,11,1948,3076142
"Bridelia","Bridelia micrantha","Bridelia micrantha (Hochst.) Baill.",-19.125,32.625,NA,1,7,1931,3076142
"Bridelia","Bridelia micrantha","Bridelia micrantha (Hochst.) Baill.",-20.375,32.625,NA,1,9,1948,3076142
"Bridelia","Bridelia micrantha","Bridelia micrantha (Hochst.) Baill.",-20.375,32.625,NA,1,11,1924,3076142
"Bridelia","Bridelia micrantha","Bridelia micrantha (Hochst.) Baill.",-18.625,32.875,NA,6,1,1959,3076142
"Bridelia","Bridelia micrantha","Bridelia micrantha (Hochst.) Baill.",-18.625,32.875,NA,9,1,1967,3076142
"Bridelia","Bridelia micrantha","Bridelia micrantha (Hochst.) Baill.",-20.375,32.625,NA,23,10,1958,3076142
"Bridelia","Bridelia micrantha","Bridelia micrantha (Hochst.) Baill.",-19.875,32.875,NA,1,7,1910,3076142
"Bridelia","Bridelia micrantha","Bridelia micrantha (Hochst.) Baill.",-18.125,32.625,NA,18,11,1952,3076142
"Bridelia","Bridelia micrantha","Bridelia micrantha (Hochst.) Baill.",-19.125,32.625,NA,4,11,1924,3076142
"Bridelia","Bridelia micrantha","Bridelia micrantha (Hochst.) Baill.",-18.125,32.625,NA,22,10,1930,3076142
"Bridelia","Bridelia micrantha","Bridelia micrantha (Hochst.) Baill.",-20.125,32.625,NA,23,10,1958,3076142
"Bridelia","Bridelia micrantha","Bridelia micrantha (Hochst.) Baill.",-18.625,32.625,NA,3,2,1955,3076142
"Bridelia","Bridelia micrantha","Bridelia micrantha (Hochst.) Baill.",-19.125,32.625,NA,27,9,1946,3076142
"Bridelia","Bridelia micrantha","Bridelia micrantha (Hochst.) Baill.",-18.125,32.625,NA,15,2,1926,3076142
"Bridelia","Bridelia micrantha","Bridelia micrantha (Hochst.) Baill.",-20.375,32.625,NA,15,11,1955,3076142
"Bridelia","Bridelia micrantha","Bridelia micrantha (Hochst.) Baill.",-20.375,32.625,NA,5,11,1955,3076142
"Bridelia","Bridelia micrantha","Bridelia micrantha (Hochst.) Baill.",-19.125,32.625,NA,12,11,1930,3076142
"Bridelia","Bridelia micrantha","Bridelia micrantha (Hochst.) Baill.",-19.125,32.625,NA,13,11,1930,3076142
"Bridelia","Bridelia micrantha","Bridelia micrantha (Hochst.) Baill.",-28.3762,32.4181,NA,4,10,2021,3076142
"Bridelia","Bridelia micrantha","Bridelia micrantha (Hochst.) Baill.",-29.796738,30.788711,NA,12,4,2022,3076142
"Bridelia","Bridelia micrantha","Bridelia micrantha (Hochst.) Baill.",-18.952025,32.684528,NA,24,4,2018,3076142
"Bridelia","Bridelia micrantha","Bridelia micrantha (Hochst.) Baill.",8.883333,-10.816667,NA,10,1,1960,3076142
"Bridelia","Bridelia micrantha","Bridelia micrantha (Hochst.) Baill.",12.833333,-14.9,NA,22,10,1989,3076142
"Bridelia","Bridelia micrantha","Bridelia micrantha (Hochst.) Baill.",12.283333,-14.216667,NA,1,1,1966,3076142
"Bridelia","Bridelia micrantha","Bridelia micrantha (Hochst.) Baill.",12.466667,-15.15,NA,1,1,1966,3076142
"Bridelia","Bridelia micrantha","Bridelia micrantha (Hochst.) Baill.",12.833333,-16.5,NA,15,12,1995,3076142
"Bridelia","Bridelia micrantha","Bridelia micrantha (Hochst.) Baill.",7.666667,-8.3,NA,1,6,1949,3076142
"Bridelia","Bridelia micrantha","Bridelia micrantha (Hochst.) Baill.",8.3,11.9,NA,10,12,1958,3076142
"Bridelia","Bridelia micrantha","Bridelia micrantha (Hochst.) Baill.",12.333333,-13.95,NA,1,1,1996,3076142
"Bridelia","Bridelia micrantha","Bridelia micrantha (Hochst.) Baill.",12.25,-13.983333,NA,1,7,1964,3076142
"Bridelia","Bridelia micrantha","Bridelia micrantha (Hochst.) Baill.",12.833333,-14.833333,NA,10,11,1989,3076142
"Bridelia","Bridelia micrantha","Bridelia micrantha (Hochst.) Baill.",8.966667,1.716667,NA,1,1,1999,3076142
"Bridelia","Bridelia micrantha","Bridelia micrantha (Hochst.) Baill.",12.2,-14.583333,NA,1,1,1966,3076142
"Bridelia","Bridelia micrantha","Bridelia micrantha (Hochst.) Baill.",9.2,2.266667,NA,1,1,1999,3076142
"Bridelia","Bridelia micrantha","Bridelia micrantha (Hochst.) Baill.",9.2,1.6,NA,1,1,1999,3076142
"Bridelia","Bridelia micrantha","Bridelia micrantha (Hochst.) Baill.",9.15,2.3,NA,1,1,1997,3076142
"Bridelia","Bridelia micrantha","Bridelia micrantha (Hochst.) Baill.",12.3,-15.166667,NA,1,1,1966,3076142
"Bridelia","Bridelia micrantha","Bridelia micrantha (Hochst.) Baill.",14.9,-17.083333,NA,1,11,1961,3076142
"Bridelia","Bridelia micrantha","Bridelia micrantha (Hochst.) Baill.",9.25,1.55,NA,1,1,1999,3076142
"Bridelia","Bridelia micrantha","Bridelia micrantha (Hochst.) Baill.",8.72806,1.72885,292,20,6,1998,3076142
"Bridelia","Bridelia micrantha","Bridelia micrantha (Hochst.) Baill.",6.90606,2.4949,NA,13,7,2004,3076142
"Bridelia","Bridelia micrantha","Bridelia micrantha (Hochst.) Baill.",6.90539,2.49047,NA,15,7,2004,3076142
"Bridelia","Bridelia micrantha","Bridelia micrantha (Hochst.) Baill.",6.90605,2.4925,NA,18,6,2004,3076142
"Bridelia","Bridelia micrantha","Bridelia micrantha (Hochst.) Baill.",6.90108,2.49971,NA,22,6,2004,3076142
"Bridelia","Bridelia micrantha","Bridelia micrantha (Hochst.) Baill.",6.8973,2.4954,NA,30,6,2004,3076142
"Bridelia","Bridelia micrantha","Bridelia micrantha (Hochst.) Baill.",10.31806,-14.38611,51,22,10,2016,3076142
"Bridelia","Bridelia micrantha","Bridelia micrantha (Hochst.) Baill.",-3.28333,36.9,1500,9,12,1999,3076142
"Bridelia","Bridelia micrantha","Bridelia micrantha (Hochst.) Baill.",-1.0425,31.496389,1162,9,4,2001,3076142
"Bridelia","Bridelia micrantha","Bridelia micrantha (Hochst.) Baill.",-5.42111,30.58083,1140,19,12,2002,3076142
"Bridelia","Bridelia micrantha","Bridelia micrantha (Hochst.) Baill.",9.1701,-8.94141,998,5,6,2022,3076142
"Bridelia","Bridelia micrantha","Bridelia micrantha (Hochst.) Baill.",-5.06194,38.41944,1000,16,1,1999,3076142
"Bridelia","Bridelia micrantha","Bridelia micrantha (Hochst.) Baill.",-7.74861,36.91472,540,6,1,1999,3076142
"Bridelia","Bridelia micrantha","Bridelia micrantha (Hochst.) Baill.",-4.30833,38,1340,1,12,2000,3076142
"Bridelia","Bridelia micrantha","Bridelia micrantha (Hochst.) Baill.",-5.42055,30.5825,1100,13,12,2002,3076142
"Bridelia","Bridelia micrantha","Bridelia micrantha (Hochst.) Baill.",-12.527222,30.130833,1170,17,11,1993,3076142
"Bridelia","Bridelia micrantha","Bridelia micrantha (Hochst.) Baill.",0.544,30.4988,NA,21,9,1994,3076142
"Bridelia","Bridelia micrantha","Bridelia micrantha (Hochst.) Baill.",-0.3541,30.1262,NA,5,9,1993,3076142
"Bridelia","Bridelia micrantha","Bridelia micrantha (Hochst.) Baill.",0.6466,30.3872,NA,16,5,1993,3076142
"Bridelia","Bridelia micrantha","Bridelia micrantha (Hochst.) Baill.",0.2857,30.2477,NA,29,7,1993,3076142
"Bridelia","Bridelia micrantha","Bridelia micrantha (Hochst.) Baill.",-0.382,30.2288,NA,2,10,1993,3076142
"Bridelia","Bridelia micrantha","Bridelia micrantha (Hochst.) Baill.",0.5534,30.8133,NA,23,4,1993,3076142
"Bridelia","Bridelia micrantha","Bridelia micrantha (Hochst.) Baill.",-0.4504,30.0308,NA,12,11,1993,3076142
"Bridelia","Bridelia micrantha","Bridelia micrantha (Hochst.) Baill.",1.8173,31.683,NA,22,9,1994,3076142
"Bridelia","Bridelia micrantha","Bridelia micrantha (Hochst.) Baill.",1.8002,31.5939,NA,16,9,1994,3076142
"Bridelia","Bridelia micrantha","Bridelia micrantha (Hochst.) Baill.",0.2371,29.9813,NA,18,2,1994,3076142
"Bridelia","Bridelia micrantha","Bridelia micrantha (Hochst.) Baill.",-0.984,29.6934,NA,2,9,1994,3076142
"Bridelia","Bridelia micrantha","Bridelia micrantha (Hochst.) Baill.",-0.2623,30.1568,NA,11,9,1993,3076142
"Bridelia","Bridelia micrantha","Bridelia micrantha (Hochst.) Baill.",-0.1822,30.2603,NA,18,9,1993,3076142
"Bridelia","Bridelia micrantha","Bridelia micrantha (Hochst.) Baill.",-0.211,30.3593,NA,25,9,1993,3076142
"Bridelia","Bridelia micrantha","Bridelia micrantha (Hochst.) Baill.",0.8103,30.9802,NA,21,4,1993,3076142
"Bridelia","Bridelia micrantha","Bridelia micrantha (Hochst.) Baill.",0.8706,30.7291,NA,15,4,1993,3076142
"Bridelia","Bridelia micrantha","Bridelia micrantha (Hochst.) Baill.",-0.274,30.2918,NA,7,10,1993,3076142
"Bridelia","Bridelia micrantha","Bridelia micrantha (Hochst.) Baill.",-0.5827,29.84,NA,9,12,1993,3076142
"Bridelia","Bridelia micrantha","Bridelia micrantha (Hochst.) Baill.",-0.9831,29.6196,NA,18,2,1994,3076142
"Bridelia","Bridelia micrantha","Bridelia micrantha (Hochst.) Baill.",0.3523,30.3701,NA,9,9,1994,3076142
"Bridelia","Bridelia micrantha","Bridelia micrantha (Hochst.) Baill.",1.8659,31.6506,NA,7,10,1993,3076142
"Bridelia","Bridelia micrantha","Bridelia micrantha (Hochst.) Baill.",1.2909,31.0144,NA,19,3,1993,3076142
"Bridelia","Bridelia micrantha","Bridelia micrantha (Hochst.) Baill.",0.4261,30.5114,NA,16,9,1994,3076142
"Bridelia","Bridelia micrantha","Bridelia micrantha (Hochst.) Baill.",-0.2794,30.0479,NA,28,8,1994,3076142
"Bridelia","Bridelia micrantha","Bridelia micrantha (Hochst.) Baill.",0.7186,30.8803,NA,23,4,1993,3076142
"Bridelia","Bridelia micrantha","Bridelia micrantha (Hochst.) Baill.",-0.337,30.0857,NA,26,11,1993,3076142
"Bridelia","Bridelia micrantha","Bridelia micrantha (Hochst.) Baill.",1.7183,31.5471,NA,6,9,1993,3076142
"Bridelia","Bridelia micrantha","Bridelia micrantha (Hochst.) Baill.",-0.4018,30.0389,NA,19,11,1993,3076142
"Bridelia","Bridelia micrantha","Bridelia micrantha (Hochst.) Baill.",-0.4774,30.074,NA,5,11,1993,3076142
"Bridelia","Bridelia micrantha","Bridelia micrantha (Hochst.) Baill.",1.6715,31.4274,NA,18,9,1993,3076142
"Bridelia","Bridelia micrantha","Bridelia micrantha (Hochst.) Baill.",1.7939,31.557,NA,6,9,1993,3076142
"Bridelia","Bridelia micrantha","Bridelia micrantha (Hochst.) Baill.",1.7075,31.4724,NA,9,9,1994,3076142
"Bridelia","Bridelia micrantha","Bridelia micrantha (Hochst.) Baill.",-1.0452,29.7807,NA,11,2,1994,3076142
"Bridelia","Bridelia micrantha","Bridelia micrantha (Hochst.) Baill.",-5.06722,38.42388,1162.5,10,5,1999,3076142
"Bridelia","Bridelia micrantha","Bridelia micrantha (Hochst.) Baill.",0.532165,12.81791,488,19,4,2022,3076142
"Bridelia","Bridelia micrantha","Bridelia micrantha (Hochst.) Baill.",-8.7875,36.71833,630,9,2,2006,3076142
"Bridelia","Bridelia micrantha","Bridelia micrantha (Hochst.) Baill.",0.116667,32.416667,1200,18,2,2003,3076142
"Bridelia","Bridelia micrantha","Bridelia micrantha (Hochst.) Baill.",-5.07111,38.41805,1260,8,11,1998,3076142
"Bridelia","Bridelia micrantha","Bridelia micrantha (Hochst.) Baill.",-8.83333,33.33333,1350,21,9,1990,3076142
"Bridelia","Bridelia micrantha","Bridelia micrantha (Hochst.) Baill.",7.11166,0.60277,335,4,6,1995,3076142
"Bridelia","Bridelia micrantha","Bridelia micrantha (Hochst.) Baill.",-4.31388,38.00222,1280,29,11,2000,3076142
"Bridelia","Bridelia micrantha","Bridelia micrantha (Hochst.) Baill.",-29.784165,30.883664,NA,5,4,2021,3076142
"Bridelia","Bridelia micrantha","Bridelia micrantha (Hochst.) Baill.",-29.78316,30.845629,NA,30,4,2022,3076142
"Bridelia","Bridelia micrantha","Bridelia micrantha (Hochst.) Baill.",-29.925106,30.883142,NA,5,11,2023,3076142
"Bridelia","Bridelia micrantha","Bridelia micrantha (Hochst.) Baill.",-29.786411,30.804247,NA,25,11,2023,3076142
"Bridelia","Bridelia micrantha","Bridelia micrantha (Hochst.) Baill.",1.541667,10.416667,NA,7,2,1992,3076142
"Bridelia","Bridelia micrantha","Bridelia micrantha (Hochst.) Baill.",2.866667,9.883333,NA,20,5,1969,3076142
"Bridelia","Bridelia micrantha","Bridelia micrantha (Hochst.) Baill.",-9.283333,33.616667,NA,NA,1,1912,3076142
"Bridelia","Bridelia micrantha","Bridelia micrantha (Hochst.) Baill.",5.2,-3.433333,NA,25,4,1970,3076142
"Bridelia","Bridelia micrantha","Bridelia micrantha (Hochst.) Baill.",6.171167,-8.091833,NA,13,11,2022,3076142
"Bridelia","Bridelia micrantha","Bridelia micrantha (Hochst.) Baill.",5.383333,-4.05,NA,26,6,1975,3076142
"Bridelia","Bridelia micrantha","Bridelia micrantha (Hochst.) Baill.",12.233333,-14.7,NA,20,9,1955,3076142
"Bridelia","Bridelia micrantha","Bridelia micrantha (Hochst.) Baill.",0.133333,34.85,NA,18,4,1965,3076142
"Bridelia","Bridelia micrantha","Bridelia micrantha (Hochst.) Baill.",-10.033333,34.6,NA,22,11,1992,3076142
"Bridelia","Bridelia micrantha","Bridelia micrantha (Hochst.) Baill.",6.683333,-1.616667,NA,NA,4,1969,3076142
"Bridelia","Bridelia micrantha","Bridelia micrantha (Hochst.) Baill.",4.75,9.483333,NA,14,7,1986,3076142
"Bridelia","Bridelia micrantha","Bridelia micrantha (Hochst.) Baill.",4.733333,9.716667,NA,11,7,1996,3076142
"Bridelia","Bridelia micrantha","Bridelia micrantha (Hochst.) Baill.",8.68059,-8.87139,753,18,5,2020,3076142
"Bridelia","Bridelia micrantha","Bridelia micrantha (Hochst.) Baill.",-5.066667,38.633333,1050,28,3,2006,3076142
"Bridelia","Bridelia micrantha","Bridelia micrantha (Hochst.) Baill.",-2.006916,11.028313,112,5,5,2023,3076142
"Bridelia","Bridelia micrantha","Bridelia micrantha (Hochst.) Baill.",-1.04916,31.57111,1130,18,9,1999,3076142
"Bridelia","Bridelia micrantha","Bridelia micrantha (Hochst.) Baill.",-5.066944,38.743611,500,25,2,2008,3076142
"Bridelia","Bridelia micrantha","Bridelia micrantha (Hochst.) Baill.",-10.1025,39.217778,899,5,7,2008,3076142
"Bridelia","Bridelia micrantha","Bridelia micrantha (Hochst.) Baill.",7.675833,-1.858889,360,6,12,1995,3076142
"Bridelia","Bridelia micrantha","Bridelia micrantha (Hochst.) Baill.",-1.005278,31.621945,1130,19,11,1999,3076142
"Bridelia","Bridelia micrantha","Bridelia micrantha (Hochst.) Baill.",-3.577145,37.677139,NA,NA,NA,2013,3076142
"Bridelia","Bridelia micrantha","Bridelia micrantha (Hochst.) Baill.",-7.83444,36.88277,520,29,1,1999,3076142
"Bridelia","Bridelia micrantha","Bridelia micrantha (Hochst.) Baill.",5.816667,-4.783333,NA,13,8,1975,3076142
"Bridelia","Bridelia micrantha","Bridelia micrantha (Hochst.) Baill.",4.113833,9.1905,NA,21,6,2001,3076142
"Bridelia","Bridelia micrantha","Bridelia micrantha (Hochst.) Baill.",-8.833333,33.333333,NA,30,11,1989,3076142
"Bridelia","Bridelia micrantha","Bridelia micrantha (Hochst.) Baill.",5.383333,-4.05,NA,24,4,1973,3076142
"Bridelia","Bridelia micrantha","Bridelia micrantha (Hochst.) Baill.",3.733333,29.7,NA,14,6,1955,3076142
"Bridelia","Bridelia micrantha","Bridelia micrantha (Hochst.) Baill.",-0.633333,34.716667,NA,4,5,1978,3076142
"Bridelia","Bridelia micrantha","Bridelia micrantha (Hochst.) Baill.",5.666667,-0.066667,NA,26,9,1978,3076142
"Bridelia","Bridelia micrantha","Bridelia micrantha (Hochst.) Baill.",10.15,9.216667,NA,NA,2,1966,3076142
"Bridelia","Bridelia micrantha","Bridelia micrantha (Hochst.) Baill.",5.966667,8.35,NA,9,5,1959,3076142
"Bridelia","Bridelia micrantha","Bridelia micrantha (Hochst.) Baill.",-23.850697,30.130292,NA,5,10,2020,3076142
"Bridelia","Bridelia micrantha","Bridelia micrantha (Hochst.) Baill.",7.4,-7.166667,NA,5,12,2015,3076142
"Bridelia","Bridelia micrantha","Bridelia micrantha (Hochst.) Baill.",-15.377222,35.3475,NA,25,11,2005,3076142
"Bridelia","Bridelia micrantha","Bridelia micrantha (Hochst.) Baill.",12.466667,-16.233333,NA,16,7,1991,3076142
"Bridelia","Bridelia micrantha","Bridelia micrantha (Hochst.) Baill.",-0.25,30.516667,NA,16,1,1989,3076142
"Bridelia","Bridelia micrantha","Bridelia micrantha (Hochst.) Baill.",5.933333,10.2,NA,17,7,1987,3076142
"Bridelia","Bridelia micrantha","Bridelia micrantha (Hochst.) Baill.",9.75,10.5,NA,8,3,1971,3076142
"Bridelia","Bridelia micrantha","Bridelia micrantha (Hochst.) Baill.",-3.833333,30,NA,10,6,1976,3076142
"Bridelia","Bridelia micrantha","Bridelia micrantha (Hochst.) Baill.",-0.783333,34.65,NA,6,11,1974,3076142
"Bridelia","Bridelia micrantha","Bridelia micrantha (Hochst.) Baill.",8.766667,-12.783333,NA,29,4,1964,3076142
"Bridelia","Bridelia micrantha","Bridelia micrantha (Hochst.) Baill.",8.866667,-10.766667,NA,14,4,1965,3076142
"Bridelia","Bridelia micrantha","Bridelia micrantha (Hochst.) Baill.",6.483333,-10.65,NA,5,9,1961,3076142
"Bridelia","Bridelia micrantha","Bridelia micrantha (Hochst.) Baill.",6.666667,2.7,NA,19,5,2001,3076142
"Bridelia","Bridelia micrantha","Bridelia micrantha (Hochst.) Baill.",-0.5,37.316667,NA,4,1,1967,3076142
"Bridelia","Bridelia micrantha","Bridelia micrantha (Hochst.) Baill.",8.512667,34.5775,NA,19,11,2013,3076142
"Bridelia","Bridelia micrantha","Bridelia micrantha (Hochst.) Baill.",5.333333,-4.15,NA,24,3,1968,3076142
"Bridelia","Bridelia micrantha","Bridelia micrantha (Hochst.) Baill.",7.38,3.838333,NA,9,1,1966,3076142
"Bridelia","Bridelia micrantha","Bridelia micrantha (Hochst.) Baill.",7.677167,-8.385,NA,7,12,2007,3076142
"Bridelia","Bridelia micrantha","Bridelia micrantha (Hochst.) Baill.",4.65,9.4,NA,26,3,1986,3076142
"Bridelia","Bridelia micrantha","Bridelia micrantha (Hochst.) Baill.",11.7,-0.3,NA,26,9,1996,3076142
"Bridelia","Bridelia micrantha","Bridelia micrantha (Hochst.) Baill.",5.466667,10.116667,NA,15,3,1970,3076142
"Bridelia","Bridelia micrantha","Bridelia micrantha (Hochst.) Baill.",7.25,-3.016667,NA,24,2,1958,3076142
"Bridelia","Bridelia micrantha","Bridelia micrantha (Hochst.) Baill.",3.623333,11.573833,NA,23,3,2004,3076142
"Bridelia","Bridelia micrantha","Bridelia micrantha (Hochst.) Baill.",-29.835246,30.921294,NA,27,11,2023,3076142
"Bridelia","Bridelia micrantha","Bridelia micrantha (Hochst.) Baill.",11.10126,-8.84807,393,NA,NA,NA,3076142
"Bridelia","Bridelia micrantha","Bridelia micrantha (Hochst.) Baill.",8.39758,-9.19318,550,NA,NA,NA,3076142
"Bridelia","Bridelia micrantha","Bridelia micrantha (Hochst.) Baill.",11.09034,-8.84178,397,NA,NA,NA,3076142
"Bridelia","Bridelia micrantha","Bridelia micrantha (Hochst.) Baill.",8.39737,-9.19299,553,NA,NA,NA,3076142
"Bridelia","Bridelia micrantha","Bridelia micrantha (Hochst.) Baill.",-6.6994,31.7214,1580,15,6,2004,3076142
"Bridelia","Bridelia micrantha","Bridelia micrantha (Hochst.) Baill.",-1.616667,29.133333,NA,26,12,1972,3076142
"Bridelia","Bridelia micrantha","Bridelia micrantha (Hochst.) Baill.",0.55,25.8,NA,5,4,1971,3076142
"Bridelia","Bridelia micrantha","Bridelia micrantha (Hochst.) Baill.",6.266667,-10.666667,NA,1,5,1962,3076142
"Bridelia","Bridelia micrantha","Bridelia micrantha (Hochst.) Baill.",-3.2,30.733333,NA,3,1,1979,3076142
"Bridelia","Bridelia micrantha","Bridelia micrantha (Hochst.) Baill.",6.283333,-10.683333,NA,9,8,1962,3076142
"Bridelia","Bridelia micrantha","Bridelia micrantha (Hochst.) Baill.",-9.189722,33.6275,NA,21,11,2007,3076142
"Bridelia","Bridelia micrantha","Bridelia micrantha (Hochst.) Baill.",9.07,36.1,1350,8,2,1962,3076142
"Bridelia","Bridelia micrantha","Bridelia micrantha (Hochst.) Baill.",5.270333,6.54743,NA,1,8,2018,3076142
"Bridelia","Bridelia micrantha","Bridelia micrantha (Hochst.) Baill.",5.270407,6.552145,NA,1,8,2018,3076142
"Bridelia","Bridelia micrantha","Bridelia micrantha (Hochst.) Baill.",5.100833,6.537963,NA,1,8,2018,3076142
"Bridelia","Bridelia micrantha","Bridelia micrantha (Hochst.) Baill.",5.101233,6.538135,NA,1,8,2018,3076142
"Bridelia","Bridelia micrantha","Bridelia micrantha (Hochst.) Baill.",5.27318,6.549414,NA,1,8,2018,3076142
"Bridelia","Bridelia micrantha","Bridelia micrantha (Hochst.) Baill.",5.089863,6.559807,NA,1,8,2018,3076142
"Bridelia","Bridelia micrantha","Bridelia micrantha (Hochst.) Baill.",1.294,23.431,NA,26,10,2004,3076142
"Bridelia","Bridelia micrantha","Bridelia micrantha (Hochst.) Baill.",8.139,-8.573,620,30,11,2003,3076142
"Bridelia","Bridelia micrantha","Bridelia micrantha (Hochst.) Baill.",7.533,-8.933,NA,21,11,2003,3076142
"Bridelia","Bridelia micrantha","Bridelia micrantha (Hochst.) Baill.",10.622,-14.523,30,1,5,2005,3076142
"Bridelia","Bridelia micrantha","Bridelia micrantha (Hochst.) Baill.",6.174,-7.788,NA,24,3,2002,3076142
"Bridelia","Bridelia micrantha","Bridelia micrantha (Hochst.) Baill.",4.9,-7.316,NA,14,3,2002,3076142
"Bridelia","Bridelia micrantha","Bridelia micrantha (Hochst.) Baill.",8.533,-8.9,NA,27,11,2002,3076142
"Bridelia","Bridelia micrantha","Bridelia micrantha (Hochst.) Baill.",-3.39008,36.745197,1349.89,15,4,2022,3076142
"Bridelia","Bridelia micrantha","Bridelia micrantha (Hochst.) Baill.",-9.189722,33.6275,1528,21,11,2007,3076142
"Bridelia","Bridelia micrantha","Bridelia micrantha (Hochst.) Baill.",-7.866667,36.366667,1510,28,11,1999,3076142
"Bridelia","Bridelia micrantha","Bridelia micrantha (Hochst.) Baill.",-5.06666,38.78333,740,27,11,2001,3076142
"Bridelia","Bridelia micrantha","Bridelia micrantha (Hochst.) Baill.",4.65,9.4,300,26,3,1986,3076142
"Bridelia","Bridelia micrantha","Bridelia micrantha (Hochst.) Baill.",-8.25,35.25,1380,23,2,1986,3076142
"Bridelia","Bridelia micrantha","Bridelia micrantha (Hochst.) Baill.",2.38333,16.11666,350,22,5,1988,3076142
"Bridelia","Bridelia micrantha","Bridelia micrantha (Hochst.) Baill.",5.01666,8.83333,50,12,4,1985,3076142
"Bridelia","Bridelia micrantha","Bridelia micrantha (Hochst.) Baill.",-5.48459,30.59702,1430,8,5,2009,3076142
"Bridelia","Bridelia micrantha","Bridelia micrantha (Hochst.) Baill.",-9.9,34.53333,1500,9,2,1991,3076142
"Bridelia","Bridelia micrantha","Bridelia micrantha (Hochst.) Baill.",-3.7,37.5,1600,23,7,1989,3076142
"Bridelia","Bridelia micrantha","Bridelia micrantha (Hochst.) Baill.",-12.55,33.6,NA,13,10,1978,3076142
"Bridelia","Bridelia micrantha","Bridelia micrantha (Hochst.) Baill.",-15.913047,35.062602,NA,NA,NA,NA,3076142
"Bridelia","Bridelia micrantha","Bridelia micrantha (Hochst.) Baill.",-15.913047,35.062602,NA,3,9,1930,3076142
"Bridelia","Bridelia micrantha","Bridelia micrantha (Hochst.) Baill.",-15.388614,35.337673,NA,3,11,1977,3076142
"Bridelia","Bridelia micrantha","Bridelia micrantha (Hochst.) Baill.",-15.786823,35.013868,NA,NA,NA,NA,3076142
"Bridelia","Bridelia micrantha","Bridelia micrantha (Hochst.) Baill.",-15.385957,35.318801,NA,25,9,1962,3076142
"Bridelia","Bridelia micrantha","Bridelia micrantha (Hochst.) Baill.",-12.55,33.6,NA,8,12,1978,3076142
"Bridelia","Bridelia micrantha","Bridelia micrantha (Hochst.) Baill.",-16.161156,35.311602,NA,16,10,1983,3076142
"Bridelia","Bridelia micrantha","Bridelia micrantha (Hochst.) Baill.",-15.80375,35.0002,NA,24,10,1971,3076142
"Bridelia","Bridelia micrantha","Bridelia micrantha (Hochst.) Baill.",-15.786823,35.013868,NA,7,12,1968,3076142
"Bridelia","Bridelia micrantha","Bridelia micrantha (Hochst.) Baill.",-15.840748,35.023413,NA,16,4,1969,3076142
"Bridelia","Bridelia micrantha","Bridelia micrantha (Hochst.) Baill.",-15.4,35.35,NA,9,12,1983,3076142
"Bridelia","Bridelia micrantha","Bridelia micrantha (Hochst.) Baill.",-15.283333,35.283333,NA,NA,NA,NA,3076142
"Bridelia","Bridelia micrantha","Bridelia micrantha (Hochst.) Baill.",-15.430074,35.418291,NA,25,3,1933,3076142
"Bridelia","Bridelia micrantha","Bridelia micrantha (Hochst.) Baill.",-15.430074,35.418291,NA,24,2,1934,3076142
"Bridelia","Bridelia micrantha","Bridelia micrantha (Hochst.) Baill.",-15.430074,35.418291,NA,20,10,1936,3076142
"Bridelia","Bridelia micrantha","Bridelia micrantha (Hochst.) Baill.",-15.350074,35.274633,NA,27,9,1952,3076142
"Bridelia","Bridelia micrantha","Bridelia micrantha (Hochst.) Baill.",-15.385957,35.318801,NA,27,1,1955,3076142
"Bridelia","Bridelia micrantha","Bridelia micrantha (Hochst.) Baill.",-15.350074,35.274633,NA,8,10,1987,3076142
"Bridelia","Bridelia micrantha","Bridelia micrantha (Hochst.) Baill.",-15.266667,35.366667,NA,9,12,1983,3076142
"Bridelia","Bridelia micrantha","Bridelia micrantha (Hochst.) Baill.",-15.815426,35.164778,NA,6,1,1966,3076142
"Bridelia","Bridelia micrantha","Bridelia micrantha (Hochst.) Baill.",-15.738049,34.995211,NA,6,1,1966,3076142
"Bridelia","Bridelia micrantha","Bridelia micrantha (Hochst.) Baill.",-11.854277,33.607776,NA,23,1,1973,3076142
"Bridelia","Bridelia micrantha","Bridelia micrantha (Hochst.) Baill.",-12.716667,33.4,NA,4,6,1991,3076142
"Bridelia","Bridelia micrantha","Bridelia micrantha (Hochst.) Baill.",-15.350074,35.274633,NA,12,11,1987,3076142
"Bridelia","Bridelia micrantha","Bridelia micrantha (Hochst.) Baill.",-9.666667,33.55,NA,22,12,1966,3076142
"Bridelia","Bridelia micrantha","Bridelia micrantha (Hochst.) Baill.",-15.366667,35.333333,NA,21,10,1987,3076142
"Bridelia","Bridelia micrantha","Bridelia micrantha (Hochst.) Baill.",-15.85,34.983333,NA,11,9,1930,3076142
"Bridelia","Bridelia micrantha","Bridelia micrantha (Hochst.) Baill.",-10.802922,33.805243,NA,17,10,1973,3076142
"Bridelia","Bridelia micrantha","Bridelia micrantha (Hochst.) Baill.",-11.65304,34.053218,NA,5,12,1976,3076142
"Bridelia","Bridelia micrantha","Bridelia micrantha (Hochst.) Baill.",-11.854277,33.607776,NA,29,11,1972,3076142
"Bridelia","Bridelia micrantha","Bridelia micrantha (Hochst.) Baill.",-10.66667,33.86667,NA,6,11,1966,3076142
"Bridelia","Bridelia micrantha","Bridelia micrantha (Hochst.) Baill.",-15.716667,35.666667,NA,23,10,1983,3076142
"Bridelia","Bridelia micrantha","Bridelia micrantha (Hochst.) Baill.",-11.44428,34.09482,NA,8,1,1971,3076142
"Bridelia","Bridelia micrantha","Bridelia micrantha (Hochst.) Baill.",-15.366667,35.333333,NA,1,10,1977,3076142
"Bridelia","Bridelia micrantha","Bridelia micrantha (Hochst.) Baill.",-15.386288,35.384108,NA,1,10,1984,3076142
"Bridelia","Bridelia micrantha","Bridelia micrantha (Hochst.) Baill.",-13.796151,32.889357,NA,21,11,1983,3076142
"Bridelia","Bridelia micrantha","Bridelia micrantha (Hochst.) Baill.",-14.816667,34.583333,NA,15,12,1987,3076142
"Bridelia","Bridelia micrantha","Bridelia micrantha (Hochst.) Baill.",-14.816667,34.583333,NA,6,1,1985,3076142
"Bridelia","Bridelia micrantha","Bridelia micrantha (Hochst.) Baill.",-9.65,33.433333,NA,NA,NA,NA,3076142
"Bridelia","Bridelia micrantha","Bridelia micrantha (Hochst.) Baill.",-15.374422,35.319417,NA,3,10,1984,3076142
"Bridelia","Bridelia micrantha","Bridelia micrantha (Hochst.) Baill.",-14.003404,33.360198,NA,25,11,1983,3076142
"Bridelia","Bridelia micrantha","Bridelia micrantha (Hochst.) Baill.",-9.927265,33.425412,NA,15,1,1989,3076142
"Bridelia","Bridelia micrantha","Bridelia micrantha (Hochst.) Baill.",-15.430074,35.418291,NA,6,11,1977,3076142
"Bridelia","Bridelia micrantha","Bridelia micrantha (Hochst.) Baill.",-15.833333,35.1,NA,8,12,1989,3076142
"Bridelia","Bridelia micrantha","Bridelia micrantha (Hochst.) Baill.",-11.444289,34.020602,NA,17,5,1991,3076142
"Bridelia","Bridelia micrantha","Bridelia micrantha (Hochst.) Baill.",-11.6,34.3,NA,1,4,1989,3076142
"Bridelia","Bridelia micrantha","Bridelia micrantha (Hochst.) Baill.",-9.927265,33.425412,NA,5,1,1974,3076142
"Bridelia","Bridelia micrantha","Bridelia micrantha (Hochst.) Baill.",-15.329063,35.380284,NA,10,10,1990,3076142
"Bridelia","Bridelia micrantha","Bridelia micrantha (Hochst.) Baill.",-15.45,35.25,NA,23,10,1984,3076142
"Bridelia","Bridelia micrantha","Bridelia micrantha (Hochst.) Baill.",-15.5,35.45,NA,25,10,1983,3076142
"Bridelia","Bridelia micrantha","Bridelia micrantha (Hochst.) Baill.",-15.45,35.25,NA,2,11,1984,3076142
"Bridelia","Bridelia micrantha","Bridelia micrantha (Hochst.) Baill.",-15.45,35.25,NA,11,10,1983,3076142
"Bridelia","Bridelia micrantha","Bridelia micrantha (Hochst.) Baill.",-15.45,35.45,NA,6,11,1984,3076142
"Bridelia","Bridelia micrantha","Bridelia micrantha (Hochst.) Baill.",-13.183333,33.483333,NA,10,2,1985,3076142
"Bridelia","Bridelia micrantha","Bridelia micrantha (Hochst.) Baill.",-15.4,35.33333,NA,3,11,1977,3076142
"Bridelia","Bridelia micrantha","Bridelia micrantha (Hochst.) Baill.",-14.153726,34.141748,NA,28,3,1990,3076142
"Bridelia","Bridelia micrantha","Bridelia micrantha (Hochst.) Baill.",-14.382769,34.33162,NA,13,10,1965,3076142
"Bridelia","Bridelia micrantha","Bridelia micrantha (Hochst.) Baill.",-13.535665,33.917833,NA,3,11,1950,3076142
"Bridelia","Bridelia micrantha","Bridelia micrantha (Hochst.) Baill.",-14.2,34.2,NA,2,4,1990,3076142
"Bridelia","Bridelia micrantha","Bridelia micrantha (Hochst.) Baill.",-14.301861,34.222907,NA,2,10,1983,3076142
"Bridelia","Bridelia micrantha","Bridelia micrantha (Hochst.) Baill.",-11.65,34.133333,NA,NA,NA,NA,3076142
"Bridelia","Bridelia micrantha","Bridelia micrantha (Hochst.) Baill.",-14.301861,34.222907,NA,21,10,1978,3076142
"Bridelia","Bridelia micrantha","Bridelia micrantha (Hochst.) Baill.",-11.444289,34.020602,NA,18,10,1990,3076142
"Bridelia","Bridelia micrantha","Bridelia micrantha (Hochst.) Baill.",-16.025439,35.504015,NA,14,11,1985,3076142
"Bridelia","Bridelia micrantha","Bridelia micrantha (Hochst.) Baill.",-16.025439,35.504015,NA,18,11,1985,3076142
"Bridelia","Bridelia micrantha","Bridelia micrantha (Hochst.) Baill.",-15.691951,35.145065,NA,12,10,1992,3076142
"Bridelia","Bridelia micrantha","Bridelia micrantha (Hochst.) Baill.",-15.809008,35.060176,NA,25,10,1930,3076142
"Bridelia","Bridelia micrantha","Bridelia micrantha (Hochst.) Baill.",-14.016667,34.85,NA,10,5,1987,3076142
"Bridelia","Bridelia micrantha","Bridelia micrantha (Hochst.) Baill.",-13,33.416667,NA,31,12,1928,3076142
"Bridelia","Bridelia micrantha","Bridelia micrantha (Hochst.) Baill.",-14.416667,34.116667,NA,2,6,1961,3076142
"Bridelia","Bridelia micrantha","Bridelia micrantha (Hochst.) Baill.",-14.463253,35.255233,NA,23,4,1967,3076142
"Bridelia","Bridelia micrantha","Bridelia micrantha (Hochst.) Baill.",11.7783,-15.0222,16,5,5,1998,3076142
"Bridelia","Bridelia micrantha","Bridelia micrantha (Hochst.) Baill.",11.6456,-15.2008,20,6,6,1996,3076142
"Bridelia","Bridelia micrantha","Bridelia micrantha (Hochst.) Baill.",12.3278,-16.3858,5,18,5,2000,3076142
"Bridelia","Bridelia micrantha","Bridelia micrantha (Hochst.) Baill.",12.6011,-14.0436,73,3,12,2001,3076142
"Bridelia","Bridelia micrantha","Bridelia micrantha (Hochst.) Baill.",12.3881,-16.2758,10,16,5,2000,3076142
"Bridelia","Bridelia micrantha","Bridelia micrantha (Hochst.) Baill.",11.7272,-14.9983,14,5,5,1998,3076142
"Bridelia","Bridelia micrantha","Bridelia micrantha (Hochst.) Baill.",11.6381,-15.0533,25,6,5,1998,3076142
"Bridelia","Bridelia micrantha","Bridelia micrantha (Hochst.) Baill.",11.5725,-14.6369,58,1,4,2000,3076142
"Bridelia","Bridelia micrantha","Bridelia micrantha (Hochst.) Baill.",11.7592,-15.1711,25,19,11,1997,3076142
"Bridelia","Bridelia micrantha","Bridelia micrantha (Hochst.) Baill.",11.715,-15.0842,10,31,5,1996,3076142
"Bridelia","Bridelia micrantha","Bridelia micrantha (Hochst.) Baill.",11.7233,-15.14,25,4,6,1996,3076142
"Bridelia","Bridelia micrantha","Bridelia micrantha (Hochst.) Baill.",11.6928,-15.0111,24,8,5,1998,3076142
"Bridelia","Bridelia micrantha","Bridelia micrantha (Hochst.) Baill.",11.7078,-15.0792,9,4,6,1996,3076142
"Bridelia","Bridelia micrantha","Bridelia micrantha (Hochst.) Baill.",11.6328,-15.2483,6,5,5,2001,3076142
"Bridelia","Bridelia micrantha","Bridelia micrantha (Hochst.) Baill.",11.6892,-15.0425,10,30,5,1996,3076142
"Bridelia","Bridelia micrantha","Bridelia micrantha (Hochst.) Baill.",11.6728,-15.0694,25,6,5,1998,3076142
"Bridelia","Bridelia micrantha","Bridelia micrantha (Hochst.) Baill.",11.7244,-14.9119,22,23,11,1997,3076142
"Bridelia","Bridelia micrantha","Bridelia micrantha (Hochst.) Baill.",12.3261,-14.9439,32,5,12,2001,3076142
"Bridelia","Bridelia micrantha","Bridelia micrantha (Hochst.) Baill.",11.7147,-15.0278,6,29,5,1996,3076142
"Bridelia","Bridelia micrantha","Bridelia micrantha (Hochst.) Baill.",12.3233,-16.3994,4,18,5,2000,3076142
"Bridelia","Bridelia micrantha","Bridelia micrantha (Hochst.) Baill.",11.8117,-13.8622,115,5,4,2000,3076142
"Bridelia","Bridelia micrantha","Bridelia micrantha (Hochst.) Baill.",11.7386,-14.9892,14,5,6,1996,3076142
"Bridelia","Bridelia micrantha","Bridelia micrantha (Hochst.) Baill.",11.6686,-15.0733,20,6,5,1998,3076142
"Bridelia","Bridelia micrantha","Bridelia micrantha (Hochst.) Baill.",11.7086,-15.0167,6,29,5,1996,3076142
"Bridelia","Bridelia micrantha","Bridelia micrantha (Hochst.) Baill.",12.4794,-14.2822,40,2,12,2001,3076142
"Bridelia","Bridelia micrantha","Bridelia micrantha (Hochst.) Baill.",11.7392,-15.0064,20,26,11,1997,3076142
"Bridelia","Bridelia micrantha","Bridelia micrantha (Hochst.) Baill.",11.6089,-14.9819,24,2,6,1996,3076142
"Bridelia","Bridelia micrantha","Bridelia micrantha (Hochst.) Baill.",12.2631,-16.0269,9,15,4,2000,3076142
"Bridelia","Bridelia micrantha","Bridelia micrantha (Hochst.) Baill.",-0.45472,34.86111,1500,NA,NA,NA,3076142
"Bridelia","Bridelia micrantha","Bridelia micrantha (Hochst.) Baill.",-15.3656,28.1614,1200,31,10,1993,3076142
"Bridelia","Bridelia micrantha","Bridelia micrantha (Hochst.) Baill.",-8.431111,38.986111,490,17,8,2016,3076142
"Bridelia","Bridelia micrantha","Bridelia micrantha (Hochst.) Baill.",-0.25,30.51666,1900,16,1,1989,3076142
"Bridelia","Bridelia micrantha","Bridelia micrantha (Hochst.) Baill.",5.93333,10.2,1650,17,7,1987,3076142
"Bridelia","Bridelia micrantha","Bridelia micrantha (Hochst.) Baill.",-8.60972,35.62694,1480,4,1,1998,3076142
"Bridelia","Bridelia micrantha","Bridelia micrantha (Hochst.) Baill.",-1.04,31.535,1220,27,10,1998,3076142
"Bridelia","Bridelia micrantha","Bridelia micrantha (Hochst.) Baill.",-5.06666,38.43333,1100,9,4,1999,3076142
"Bridelia","Bridelia micrantha","Bridelia micrantha (Hochst.) Baill.",3.687643,14.694045,661,20,5,2013,3076142
"Bridelia","Bridelia micrantha","Bridelia micrantha (Hochst.) Baill.",-15.365556,28.161389,1200,31,10,1993,3076142
"Bridelia","Bridelia micrantha","Bridelia micrantha (Hochst.) Baill.",-5.1,38.66666,970,26,2,2000,3076142
"Bridelia","Bridelia micrantha","Bridelia micrantha (Hochst.) Baill.",10.875279,3.128283,NA,1,8,2014,3076142
"Bridelia","Bridelia micrantha","Bridelia micrantha (Hochst.) Baill.",10.810637,3.049976,NA,1,8,2014,3076142
"Bridelia","Bridelia micrantha","Bridelia micrantha (Hochst.) Baill.",10.739596,3.18878,NA,1,8,2014,3076142
"Bridelia","Bridelia micrantha","Bridelia micrantha (Hochst.) Baill.",10.817245,3.124425,NA,1,8,2014,3076142
"Bridelia","Bridelia micrantha","Bridelia micrantha (Hochst.) Baill.",10.713713,2.966995,NA,1,8,2014,3076142
"Bridelia","Bridelia micrantha","Bridelia micrantha (Hochst.) Baill.",10.818824,2.966929,NA,1,8,2014,3076142
"Bridelia","Bridelia micrantha","Bridelia micrantha (Hochst.) Baill.",10.733194,3.083134,NA,1,8,2014,3076142
"Bridelia","Bridelia micrantha","Bridelia micrantha (Hochst.) Baill.",-13.638537,32.644123,1152.6,17,10,2019,3076142
"Bridelia","Bridelia micrantha","Bridelia micrantha (Hochst.) Baill.",9.73502,-10.63524,460,NA,NA,2017,3076142
"Bridelia","Bridelia micrantha","Bridelia micrantha (Hochst.) Baill.",9.97839,-10.70629,444,NA,NA,2017,3076142
"Bridelia","Bridelia micrantha","Bridelia micrantha (Hochst.) Baill.",9.98243,-10.71189,430,NA,NA,2017,3076142
"Bridelia","Bridelia micrantha","Bridelia micrantha (Hochst.) Baill.",4.72,9.55,150,10,7,1986,3076142
"Bridelia","Bridelia micrantha","Bridelia micrantha (Hochst.) Baill.",0.666667,10.383333,NA,22,1,1991,3076142
"Bridelia","Bridelia micrantha","Bridelia micrantha (Hochst.) Baill.",4.416667,14.366667,NA,14,6,1965,3076142
"Bridelia","Bridelia micrantha","Bridelia micrantha (Hochst.) Baill.",7.316667,13.583333,NA,NA,1,1946,3076142
"Bridelia","Bridelia micrantha","Bridelia micrantha (Hochst.) Baill.",-18.233333,32.75,NA,7,11,1930,3076142
"Bridelia","Bridelia micrantha","Bridelia micrantha (Hochst.) Baill.",7.483333,36.483333,NA,18,3,1976,3076142
"Bridelia","Bridelia micrantha","Bridelia micrantha (Hochst.) Baill.",5.45,-3.17,NA,25,7,1968,3076142
"Bridelia","Bridelia micrantha","Bridelia micrantha (Hochst.) Baill.",1.71666,31.46666,1090,29,6,1998,3076142
"Bridelia","Bridelia micrantha","Bridelia micrantha (Hochst.) Baill.",-3.22583,35.91972,1040,15,4,2000,3076142
"Bridelia","Bridelia micrantha","Bridelia micrantha (Hochst.) Baill.",-5.0667,38.4211,NA,12,1,1999,3076142
"Bridelia","Bridelia micrantha","Bridelia micrantha (Hochst.) Baill.",11.7233,-15.1403,NA,4,6,1996,3076142
"Bridelia","Bridelia micrantha","Bridelia micrantha (Hochst.) Baill.",4.86666,9.46666,240,20,4,1988,3076142
"Bridelia","Bridelia micrantha","Bridelia micrantha (Hochst.) Baill.",-3.683333,37.65,1600,23,7,1989,3076142
"Bridelia","Bridelia micrantha","Bridelia micrantha (Hochst.) Baill.",-25.509672,27.779883,1163.5,2,5,2022,3076142
"Bridelia","Bridelia micrantha","Bridelia micrantha (Hochst.) Baill.",9.437611,-10.185222,523,NA,NA,NA,3076142
"Bridelia","Bridelia micrantha","Bridelia micrantha (Hochst.) Baill.",8.719333,-8.742333,667,NA,NA,NA,3076142
"Bridelia","Bridelia micrantha","Bridelia micrantha (Hochst.) Baill.",8.405694,-8.744778,649,NA,NA,NA,3076142
"Bridelia","Bridelia micrantha","Bridelia micrantha (Hochst.) Baill.",9.254583,-10.014167,460,NA,NA,NA,3076142
"Bridelia","Bridelia micrantha","Bridelia micrantha (Hochst.) Baill.",8.569639,-9.875528,557,NA,NA,NA,3076142
"Bridelia","Bridelia micrantha","Bridelia micrantha (Hochst.) Baill.",8.848917,-8.657944,666,NA,NA,NA,3076142
"Bridelia","Bridelia micrantha","Bridelia micrantha (Hochst.) Baill.",-1.021397,36.879937,1701.62,27,7,2022,3076142
"Bridelia","Bridelia micrantha","Bridelia micrantha (Hochst.) Baill.",-13.075603,28.707368,1248.93,6,12,2022,3076142
"Bridelia","Bridelia micrantha","Bridelia micrantha (Hochst.) Baill.",7.05,2.25,NA,15,10,2002,3076142
"Bridelia","Bridelia micrantha","Bridelia micrantha (Hochst.) Baill.",-22.862838,30.28947,NA,23,10,2022,3076142
"Bridelia","Bridelia micrantha","Bridelia micrantha (Hochst.) Baill.",5.651823,6.528292,NA,11,6,2017,3076142
"Bridelia","Bridelia micrantha","Bridelia micrantha (Hochst.) Baill.",5.653225,6.507445,NA,11,6,2017,3076142
"Bridelia","Bridelia micrantha","Bridelia micrantha (Hochst.) Baill.",5.696733,6.533817,NA,10,6,2017,3076142
"Bridelia","Bridelia micrantha","Bridelia micrantha (Hochst.) Baill.",5.691677,6.554262,NA,10,6,2017,3076142
"Bridelia","Bridelia micrantha","Bridelia micrantha (Hochst.) Baill.",5.668008,6.519873,NA,11,6,2017,3076142
"Bridelia","Bridelia micrantha","Bridelia micrantha (Hochst.) Baill.",5.37441,6.04062,NA,16,1,2018,3076142
"Bridelia","Bridelia micrantha","Bridelia micrantha (Hochst.) Baill.",5.44128,6.04192,NA,17,1,2018,3076142
"Bridelia","Bridelia micrantha","Bridelia micrantha (Hochst.) Baill.",5.42495,5.99828,NA,17,1,2018,3076142
"Bridelia","Bridelia micrantha","Bridelia micrantha (Hochst.) Baill.",5.37768,6.03944,NA,16,1,2018,3076142
"Bridelia","Bridelia micrantha","Bridelia micrantha (Hochst.) Baill.",5.57014,5.83699,NA,20,1,2018,3076142
"Bridelia","Bridelia micrantha","Bridelia micrantha (Hochst.) Baill.",5.56645,5.66032,NA,19,1,2018,3076142
"Bridelia","Bridelia micrantha","Bridelia micrantha (Hochst.) Baill.",5.54859,5.85211,NA,19,1,2018,3076142
"Bridelia","Bridelia micrantha","Bridelia micrantha (Hochst.) Baill.",5.53009,5.90362,NA,18,1,2018,3076142
"Bridelia","Bridelia micrantha","Bridelia micrantha (Hochst.) Baill.",5.57361,5.81375,NA,20,1,2018,3076142
"Bridelia","Bridelia micrantha","Bridelia micrantha (Hochst.) Baill.",1.52,35.42,1100,15,3,1977,3076142
"Bridelia","Bridelia micrantha","Bridelia micrantha (Hochst.) Baill.",9.241278,1.550305,NA,NA,NA,1996,3076142
"Bridelia","Bridelia micrantha","Bridelia micrantha (Hochst.) Baill.",9.340725,2.140722,NA,NA,NA,2005,3076142
"Bridelia","Bridelia micrantha","Bridelia micrantha (Hochst.) Baill.",9.202746,2.279167,NA,NA,NA,1996,3076142
"Bridelia","Bridelia micrantha","Bridelia micrantha (Hochst.) Baill.",6.919917,2.40315,NA,NA,NA,2004,3076142
"Bridelia","Bridelia micrantha","Bridelia micrantha (Hochst.) Baill.",8.972082,1.730004,NA,NA,NA,1996,3076142
"Bridelia","Bridelia micrantha","Bridelia micrantha (Hochst.) Baill.",-11.905278,14.875556,1757,13,6,2016,3076142
"Bridelia","Bridelia micrantha","Bridelia micrantha (Hochst.) Baill.",4.926111,9.733333,850,11,12,1999,3076142
"Bridelia","Bridelia micrantha","Bridelia micrantha (Hochst.) Baill.",12.216667,-10.45,NA,25,3,1955,3076142
"Bridelia","Bridelia micrantha","Bridelia micrantha (Hochst.) Baill.",-11.844722,14.793056,1880,14,6,2016,3076142
"Bridelia","Bridelia micrantha","Bridelia micrantha (Hochst.) Baill.",4.15,9.233333,1000,1,1,1929,3076142
"Bridelia","Bridelia micrantha","Bridelia micrantha (Hochst.) Baill.",4.983334,9.683333,1500,17,1,1998,3076142
"Bridelia","Bridelia micrantha","Bridelia micrantha (Hochst.) Baill.",4.083333,9.05,300,23,12,1993,3076142
"Bridelia","Bridelia micrantha","Bridelia micrantha (Hochst.) Baill.",-16.506944,35.735278,1060,2,12,2006,3076142
"Bridelia","Bridelia micrantha","Bridelia micrantha (Hochst.) Baill.",6.366111,10.6125,1640,28,4,2005,3076142
"Bridelia","Bridelia micrantha","Bridelia micrantha (Hochst.) Baill.",4.833334,9.683333,850,6,2,1984,3076142
"Bridelia","Bridelia micrantha","Bridelia micrantha (Hochst.) Baill.",4.633333,9.433333,200,1,3,1984,3076142
"Bridelia","Bridelia micrantha","Bridelia micrantha (Hochst.) Baill.",4.3,9.033333,500,16,10,1993,3076142
"Bridelia","Bridelia micrantha","Bridelia micrantha (Hochst.) Baill.",10.383333,-12.083333,NA,23,4,2012,3076142
"Bridelia","Bridelia micrantha","Bridelia micrantha (Hochst.) Baill.",8.683333,-8.633333,NA,17,11,2007,3076142
"Bridelia","Bridelia micrantha","Bridelia micrantha (Hochst.) Baill.",8.633333,-10.3,NA,2,5,2012,3076142
"Bridelia","Bridelia micrantha","Bridelia micrantha (Hochst.) Baill.",9.266667,-13.366667,NA,3,7,2012,3076142
"Bridelia","Bridelia micrantha","Bridelia micrantha (Hochst.) Baill.",9.791111,-13.523333,NA,6,5,2011,3076142
"Bridelia","Bridelia micrantha","Bridelia micrantha (Hochst.) Baill.",6.897266,2.479241,NA,NA,NA,2004,3076142
"Bridelia","Bridelia micrantha","Bridelia micrantha (Hochst.) Baill.",6.902703,2.496071,NA,NA,NA,2004,3076142
"Bridelia","Bridelia micrantha","Bridelia micrantha (Hochst.) Baill.",6.89971,2.496152,NA,NA,NA,2004,3076142
"Bridelia","Bridelia micrantha","Bridelia micrantha (Hochst.) Baill.",6.902329,2.484346,NA,NA,NA,2004,3076142
"Bridelia","Bridelia micrantha","Bridelia micrantha (Hochst.) Baill.",6.90008,2.499221,NA,NA,NA,2004,3076142
"Bridelia","Bridelia micrantha","Bridelia micrantha (Hochst.) Baill.",9.066667,13.466667,NA,18,10,1997,3076142
"Bridelia","Bridelia micrantha","Bridelia micrantha (Hochst.) Baill.",9.066667,13.466667,NA,12,3,1985,3076142
"Bridelia","Bridelia micrantha","Bridelia micrantha (Hochst.) Baill.",9.066667,13.466667,NA,14,2,1985,3076142
"Bridelia","Bridelia micrantha","Bridelia micrantha (Hochst.) Baill.",6.902703,2.496071,NA,NA,NA,2012,3076142
"Bridelia","Bridelia micrantha","Bridelia micrantha (Hochst.) Baill.",6.896318,2.479715,NA,NA,NA,2012,3076142
"Bridelia","Bridelia micrantha","Bridelia micrantha (Hochst.) Baill.",6.901776,2.485321,NA,NA,NA,2012,3076142
"Bridelia","Bridelia micrantha","Bridelia micrantha (Hochst.) Baill.",6.899763,2.493439,NA,NA,NA,2012,3076142
"Bridelia","Bridelia micrantha","Bridelia micrantha (Hochst.) Baill.",6.900133,2.496508,NA,NA,NA,2012,3076142
"Bridelia","Bridelia micrantha","Bridelia micrantha (Hochst.) Baill.",0.716667,11.033333,NA,2,3,1986,3076142
"Bridelia","Bridelia micrantha","Bridelia micrantha (Hochst.) Baill.",-2.55,10.533333,NA,18,4,1987,3076142
"Bridelia","Bridelia micrantha","Bridelia micrantha (Hochst.) Baill.",1.08667,14.05516,NA,23,1,2018,3076142
"Bridelia","Bridelia micrantha","Bridelia micrantha (Hochst.) Baill.",-29.795217,30.833795,NA,1,5,2023,3076142
"Bridelia","Bridelia micrantha","Bridelia micrantha (Hochst.) Baill.",10.348861,-12.297417,894,NA,NA,2018,3076142
"Bridelia","Bridelia micrantha","Bridelia micrantha (Hochst.) Baill.",-4.28,15.23,280,4,2,1993,3076142
"Bridelia","Bridelia micrantha","Bridelia micrantha (Hochst.) Baill.",-6.9,39.08,200,20,1,1998,3076142
"Bridelia","Bridelia micrantha","Bridelia micrantha (Hochst.) Baill.",-3.28,36.9,1500,9,12,1999,3076142
"Bridelia","Bridelia micrantha","Bridelia micrantha (Hochst.) Baill.",-4.26,37.99,1300,30,8,2001,3076142
"Bridelia","Bridelia micrantha","Bridelia micrantha (Hochst.) Baill.",-1.32,31.8,1250,2,11,1992,3076142
"Bridelia","Bridelia micrantha","Bridelia micrantha (Hochst.) Baill.",-27.346604,32.56938,NA,7,6,2021,3076142
"Bridelia","Bridelia micrantha","Bridelia micrantha (Hochst.) Baill.",-29.628023,30.987017,NA,30,4,2023,3076142
"Bridelia","Bridelia micrantha","Bridelia micrantha (Hochst.) Baill.",-29.796066,30.850049,NA,28,12,2021,3076142
"Bridelia","Bridelia micrantha","Bridelia micrantha (Hochst.) Baill.",-29.795216,30.8342,NA,3,4,2021,3076142
"Bridelia","Bridelia micrantha","Bridelia micrantha (Hochst.) Baill.",-29.766537,30.810791,NA,4,4,2021,3076142
"Bridelia","Bridelia micrantha","Bridelia micrantha (Hochst.) Baill.",-29.628023,30.987017,NA,28,10,2022,3076142
"Bridelia","Bridelia micrantha","Bridelia micrantha (Hochst.) Baill.",-28.385666,32.411357,NA,10,9,2005,3076142
"Bridelia","Bridelia micrantha","Bridelia micrantha (Hochst.) Baill.",-29.729933,31.049889,NA,5,11,2023,3076142
"Bridelia","Bridelia micrantha","Bridelia micrantha (Hochst.) Baill.",-29.835246,30.921294,NA,1,5,2023,3076142
"Bridelia","Bridelia micrantha","Bridelia micrantha (Hochst.) Baill.",-29.796441,30.832127,NA,31,12,2021,3076142
"Bridelia","Bridelia micrantha","Bridelia micrantha (Hochst.) Baill.",-28.3529,32.4185,NA,10,7,2021,3076142
"Bridelia","Bridelia micrantha","Bridelia micrantha (Hochst.) Baill.",-29.836437,30.904324,NA,7,4,2021,3076142
"Bridelia","Bridelia micrantha","Bridelia micrantha (Hochst.) Baill.",-29.814783,30.908825,NA,30,4,2022,3076142
"Bridelia","Bridelia micrantha","Bridelia micrantha (Hochst.) Baill.",-29.880623,30.829249,NA,19,4,2023,3076142
"Bridelia","Bridelia micrantha","Bridelia micrantha (Hochst.) Baill.",-29.859037,30.920113,NA,23,10,2021,3076142
"Bridelia","Bridelia micrantha","Bridelia micrantha (Hochst.) Baill.",-29.519231,31.215424,NA,16,1,2022,3076142
"Bridelia","Bridelia micrantha","Bridelia micrantha (Hochst.) Baill.",-28.823108,32.062331,NA,30,11,2023,3076142
"Bridelia","Bridelia micrantha","Bridelia micrantha (Hochst.) Baill.",-28.3762,32.4181,NA,25,3,2019,3076142
"Bridelia","Bridelia micrantha","Bridelia micrantha (Hochst.) Baill.",-29.814786,30.814145,NA,9,8,2023,3076142
"Bridelia","Bridelia micrantha","Bridelia micrantha (Hochst.) Baill.",-29.628023,30.987017,NA,11,10,2022,3076142
"Bridelia","Bridelia micrantha","Bridelia micrantha (Hochst.) Baill.",-1.98459,30.211143,NA,10,9,2021,3076142
"Bridelia","Bridelia micrantha","Bridelia micrantha (Hochst.) Baill.",-29.780532,30.734807,NA,7,4,2021,3076142
"Bridelia","Bridelia micrantha","Bridelia micrantha (Hochst.) Baill.",-29.858395,30.918055,NA,28,10,2022,3076142
"Bridelia","Bridelia micrantha","Bridelia micrantha (Hochst.) Baill.",-29.783626,30.779786,NA,6,4,2021,3076142
"Bridelia","Bridelia micrantha","Bridelia micrantha (Hochst.) Baill.",-25.738242,31.272745,NA,10,11,2019,3076142
"Bridelia","Bridelia micrantha","Bridelia micrantha (Hochst.) Baill.",-29.050276,31.637604,NA,5,5,2019,3076142
"Bridelia","Bridelia micrantha","Bridelia micrantha (Hochst.) Baill.",-28.379108,32.408092,NA,14,11,2023,3076142
"Bridelia","Bridelia micrantha","Bridelia micrantha (Hochst.) Baill.",-29.79464,30.833389,NA,31,12,2021,3076142
"Bridelia","Bridelia micrantha","Bridelia micrantha (Hochst.) Baill.",-29.802472,30.842266,NA,28,4,2023,3076142
"Bridelia","Bridelia micrantha","Bridelia micrantha (Hochst.) Baill.",-29.630753,30.991728,NA,15,11,2021,3076142
"Bridelia","Bridelia micrantha","Bridelia micrantha (Hochst.) Baill.",-28.3585,32.4224,NA,22,10,2021,3076142
"Bridelia","Bridelia micrantha","Bridelia micrantha (Hochst.) Baill.",-29.781321,30.845786,NA,24,11,2023,3076142
"Bridelia","Bridelia micrantha","Bridelia micrantha (Hochst.) Baill.",-29.779502,30.776616,NA,2,2,2024,3076142
"Bridelia","Bridelia micrantha","Bridelia micrantha (Hochst.) Baill.",-19.71052,33.00786,NA,25,11,2019,3076142
"Bridelia","Bridelia micrantha","Bridelia micrantha (Hochst.) Baill.",-26.283333,31.116667,NA,8,1,2013,3076142
"Bridelia","Bridelia micrantha","Bridelia micrantha (Hochst.) Baill.",-24.162415,30.254541,NA,6,11,2022,3076142
"Bridelia","Bridelia micrantha","Bridelia micrantha (Hochst.) Baill.",-28.3762,32.4181,NA,6,12,2022,3076142
"Bridelia","Bridelia micrantha","Bridelia micrantha (Hochst.) Baill.",-29.764495,30.800405,NA,12,4,2022,3076142
"Bridelia","Bridelia micrantha","Bridelia micrantha (Hochst.) Baill.",-29.639488,30.982956,NA,28,4,2023,3076142
"Bridelia","Bridelia micrantha","Bridelia micrantha (Hochst.) Baill.",0.66666,10.38333,500,22,1,1991,3076142
"Bridelia","Bridelia micrantha","Bridelia micrantha (Hochst.) Baill.",-8.3,31.26666,1547.5,26,10,1992,3076142
"Bridelia","Bridelia micrantha","Bridelia micrantha (Hochst.) Baill.",4.616667,9.433333,170,NA,1,1987,3076142
"Bridelia","Bridelia micrantha","Bridelia micrantha (Hochst.) Baill.",-6.98333,39.28333,NA,23,8,1989,3076142
"Bridelia","Bridelia micrantha","Bridelia micrantha (Hochst.) Baill.",-0.3,30.33333,1800,13,1,1991,3076142
"Bridelia","Bridelia micrantha","Bridelia micrantha (Hochst.) Baill.",6.525258,3.361124,NA,8,10,2015,3076142
"Bridelia","Bridelia micrantha","Bridelia micrantha (Hochst.) Baill.",-5.07,38.42,1162.5,10,5,1999,3076142
"Bridelia","Bridelia micrantha","Bridelia micrantha (Hochst.) Baill.",-6.699444,31.721389,1580,15,6,2004,3076142
"Bridelia","Bridelia micrantha","Bridelia micrantha (Hochst.) Baill.",-5.140228,15.067486,NA,NA,NA,NA,3076142
"Bridelia","Bridelia micrantha","Bridelia micrantha (Hochst.) Baill.",4.716667,9.55,150,10,7,1986,3076142
"Bridelia","Bridelia micrantha","Bridelia micrantha (Hochst.) Baill.",-29.649021,30.997219,NA,28,3,2023,3076142
"Bridelia","Bridelia micrantha","Bridelia micrantha (Hochst.) Baill.",-1.2424,36.8443,NA,20,11,1977,3076142
"Bridelia","Bridelia micrantha","Bridelia micrantha (Hochst.) Baill.",-28.732253,31.819072,NA,7,1,2024,3076142
"Bridelia","Bridelia micrantha","Bridelia micrantha (Hochst.) Baill.",-3.22583,35.91972,NA,15,4,2000,3076142
"Bridelia","Bridelia micrantha","Bridelia micrantha (Hochst.) Baill.",6.910456,2.398863,NA,16,6,2020,3076142
"Bridelia","Bridelia micrantha","Bridelia micrantha (Hochst.) Baill.",4.438055,25.838611,NA,15,10,1953,3076142
"Bridelia","Bridelia micrantha","Bridelia micrantha (Hochst.) Baill.",-3.081666,29.392222,NA,18,11,1970,3076142
"Bridelia","Bridelia micrantha","Bridelia micrantha (Hochst.) Baill.",-2.233638,28.786749,NA,20,9,2014,3076142
"Bridelia","Bridelia micrantha","Bridelia micrantha (Hochst.) Baill.",1.440833,28.610555,NA,18,9,1954,3076142
"Bridelia","Bridelia micrantha","Bridelia micrantha (Hochst.) Baill.",-2.733333,30.4,NA,28,5,1984,3076142
"Bridelia","Bridelia micrantha","Bridelia micrantha (Hochst.) Baill.",1.55,28.05,NA,31,3,1996,3076142
"Bridelia","Bridelia micrantha","Bridelia micrantha (Hochst.) Baill.",-8.3,31.31666,1570,25,10,1992,3076142
"Bridelia","Bridelia micrantha","Bridelia micrantha (Hochst.) Baill.",6.7333,2.1333,NA,2,9,2013,3076142
"Bridelia","Bridelia micrantha","Bridelia micrantha (Hochst.) Baill.",9.5,1.9833,NA,2,9,2013,3076142
"Bridelia","Bridelia micrantha","Bridelia micrantha (Hochst.) Baill.",9.35,2.6166,NA,2,9,2013,3076142
"Bridelia","Bridelia micrantha","Bridelia micrantha (Hochst.) Baill.",6.6666,2.7166,NA,2,9,2013,3076142
"Bridelia","Bridelia micrantha","Bridelia micrantha (Hochst.) Baill.",6.55,2.6666,NA,2,9,2013,3076142
"Bridelia","Bridelia micrantha","Bridelia micrantha (Hochst.) Baill.",-4.25944,37.99166,1300,30,8,2001,3076142
"Bridelia","Bridelia micrantha","Bridelia micrantha (Hochst.) Baill.",-5.06666,38.42111,1150,12,1,1999,3076142
"Bridelia","Bridelia micrantha","Bridelia micrantha (Hochst.) Baill.",-4.8,38.8,750,15,1,2000,3076142
"Bridelia","Bridelia micrantha","Bridelia micrantha (Hochst.) Baill.",0.333333,12.133333,NA,11,5,1984,3076142
"Bridelia","Bridelia micrantha","Bridelia micrantha (Hochst.) Baill.",-5.425,30.58083,1170,19,12,2002,3076142
"Bridelia","Bridelia micrantha","Bridelia micrantha (Hochst.) Baill.",-6.89416,39.07694,100,21,8,2003,3076142
"Bridelia","Bridelia micrantha","Bridelia micrantha (Hochst.) Baill.",-5.05,38.633333,200,14,1,1999,3076142
"Bridelia","Bridelia micrantha","Bridelia micrantha (Hochst.) Baill.",0.38333,32.58333,1200,6,9,1983,3076142
"Bridelia","Bridelia micrantha","Bridelia micrantha (Hochst.) Baill.",3.91233,11.48771,986,23,6,2022,3076142
"Bridelia","Bridelia micrantha","Bridelia micrantha (Hochst.) Baill.",-1.01666,31.61666,1130,16,11,1999,3076142
"Bridelia","Bridelia micrantha","Bridelia micrantha (Hochst.) Baill.",-5.10305,38.49166,550,11,5,1999,3076142
"Bridelia","Bridelia micrantha","Bridelia micrantha (Hochst.) Baill.",-8.61222,35.62444,1581,21,11,2001,3076142
"Bridelia","Bridelia micrantha","Bridelia micrantha (Hochst.) Baill.",-3.4,36.83333,1400,15,4,2003,3076142
"Bridelia","Bridelia micrantha","Bridelia micrantha (Hochst.) Baill.",-0.554338,37.185891,1392,11,11,2022,3076142
"Bridelia","Bridelia micrantha","Bridelia micrantha (Hochst.) Baill.",-30.262446,30.610719,NA,25,11,2023,3076142
"Bridelia","Bridelia micrantha","Bridelia micrantha (Hochst.) Baill.",-29.83646,30.902674,NA,7,4,2021,3076142
"Bridelia","Bridelia micrantha","Bridelia micrantha (Hochst.) Baill.",-29.780924,30.844394,NA,24,11,2023,3076142
"Bridelia","Bridelia micrantha","Bridelia micrantha (Hochst.) Baill.",-26.072195,31.103876,NA,17,2,2020,3076142
"Bridelia","Bridelia micrantha","Bridelia micrantha (Hochst.) Baill.",-25.375123,31.860028,NA,12,10,2022,3076142
"Bridelia","Bridelia micrantha","Bridelia micrantha (Hochst.) Baill.",-25.44226,31.631084,NA,25,1,2018,3076142
"Bridelia","Bridelia micrantha","Bridelia micrantha (Hochst.) Baill.",-24.519182,30.814597,NA,3,8,2023,3076142
"Bridelia","Bridelia micrantha","Bridelia micrantha (Hochst.) Baill.",-28.3762,32.4181,NA,10,7,2021,3076142
"Bridelia","Bridelia micrantha","Bridelia micrantha (Hochst.) Baill.",-29.428068,31.250894,NA,5,7,2022,3076142
"Bridelia","Bridelia micrantha","Bridelia micrantha (Hochst.) Baill.",-29.842901,30.920064,NA,7,4,2021,3076142
"Bridelia","Bridelia micrantha","Bridelia micrantha (Hochst.) Baill.",-29.645671,30.973291,NA,2,12,2023,3076142
"Bridelia","Bridelia micrantha","Bridelia micrantha (Hochst.) Baill.",-29.814847,30.814237,NA,15,4,2023,3076142
"Bridelia","Bridelia micrantha","Bridelia micrantha (Hochst.) Baill.",-29.572824,31.076574,NA,18,6,2020,3076142
"Bridelia","Bridelia micrantha","Bridelia micrantha (Hochst.) Baill.",-29.777636,30.771884,NA,1,1,2022,3076142
"Bridelia","Bridelia micrantha","Bridelia micrantha (Hochst.) Baill.",-25.5742,31.4839,NA,10,11,2016,3076142
"Bridelia","Bridelia micrantha","Bridelia micrantha (Hochst.) Baill.",-28.3762,32.4181,NA,8,9,2016,3076142
"Bridelia","Bridelia micrantha","Bridelia micrantha (Hochst.) Baill.",-30.046671,30.794961,NA,24,11,2023,3076142
"Bridelia","Bridelia micrantha","Bridelia micrantha (Hochst.) Baill.",-29.730123,31.049472,NA,27,7,2022,3076142
"Bridelia","Bridelia micrantha","Bridelia micrantha (Hochst.) Baill.",-24.526015,30.792478,NA,21,7,2022,3076142
"Bridelia","Bridelia micrantha","Bridelia micrantha (Hochst.) Baill.",-25.496792,31.009067,NA,3,2,2019,3076142
"Bridelia","Bridelia micrantha","Bridelia micrantha (Hochst.) Baill.",-29.852364,30.900242,NA,24,10,2021,3076142
"Bridelia","Bridelia micrantha","Bridelia micrantha (Hochst.) Baill.",-29.628023,30.987017,NA,28,1,2022,3076142
"Bridelia","Bridelia micrantha","Bridelia micrantha (Hochst.) Baill.",-24.090133,30.180154,NA,6,11,2022,3076142
"Bridelia","Bridelia micrantha","Bridelia micrantha (Hochst.) Baill.",-29.859832,30.919488,NA,26,11,2023,3076142
"Bridelia","Bridelia micrantha","Bridelia micrantha (Hochst.) Baill.",-23.503763,29.97965,NA,25,10,2023,3076142
"Bridelia","Bridelia micrantha","Bridelia micrantha (Hochst.) Baill.",-29.814887,30.908717,NA,30,4,2022,3076142
"Bridelia","Bridelia micrantha","Bridelia micrantha (Hochst.) Baill.",-22.817249,30.649935,NA,30,4,2022,3076142
"Bridelia","Bridelia micrantha","Bridelia micrantha (Hochst.) Baill.",-29.779112,30.772483,NA,6,11,2022,3076142
"Bridelia","Bridelia micrantha","Bridelia micrantha (Hochst.) Baill.",-25.583597,31.479219,NA,23,10,2021,3076142
"Bridelia","Bridelia micrantha","Bridelia micrantha (Hochst.) Baill.",-29.782667,30.845642,NA,28,10,2022,3076142
"Bridelia","Bridelia micrantha","Bridelia micrantha (Hochst.) Baill.",-28.963054,31.757411,NA,7,11,2016,3076142
"Bridelia","Bridelia micrantha","Bridelia micrantha (Hochst.) Baill.",-25.46432,30.94617,NA,10,6,2019,3076142
"Bridelia","Bridelia micrantha","Bridelia micrantha (Hochst.) Baill.",-29.852718,30.899995,NA,1,5,2022,3076142
"Bridelia","Bridelia micrantha","Bridelia micrantha (Hochst.) Baill.",-29.809532,30.890662,NA,28,12,2021,3076142
"Bridelia","Bridelia micrantha","Bridelia micrantha (Hochst.) Baill.",-29.845295,30.919747,NA,18,9,2022,3076142
"Bridelia","Bridelia micrantha","Bridelia micrantha (Hochst.) Baill.",-29.791306,30.808637,NA,15,4,2022,3076142
"Bridelia","Bridelia micrantha","Bridelia micrantha (Hochst.) Baill.",-28.376095,32.41831,NA,5,10,2014,3076142
"Bridelia","Bridelia micrantha","Bridelia micrantha (Hochst.) Baill.",-29.846481,30.936137,NA,29,6,2023,3076142
"Bridelia","Bridelia micrantha","Bridelia micrantha (Hochst.) Baill.",-29.844311,30.902112,NA,30,4,2022,3076142
"Bridelia","Bridelia micrantha","Bridelia micrantha (Hochst.) Baill.",-30.263387,30.611693,NA,30,10,2022,3076142
"Bridelia","Bridelia micrantha","Bridelia micrantha (Hochst.) Baill.",-29.89501,30.876169,NA,2,3,2022,3076142
"Bridelia","Bridelia micrantha","Bridelia micrantha (Hochst.) Baill.",-29.814921,30.908712,NA,28,4,2023,3076142
"Bridelia","Bridelia micrantha","Bridelia micrantha (Hochst.) Baill.",-29.844578,30.901049,NA,25,11,2023,3076142
"Bridelia","Bridelia micrantha","Bridelia micrantha (Hochst.) Baill.",-29.516929,31.216616,NA,28,10,2022,3076142
"Bridelia","Bridelia micrantha","Bridelia micrantha (Hochst.) Baill.",-29.831807,30.917933,NA,2,5,2021,3076142
"Bridelia","Bridelia micrantha","Bridelia micrantha (Hochst.) Baill.",-29.628023,30.987017,NA,13,1,2022,3076142
"Bridelia","Bridelia micrantha","Bridelia micrantha (Hochst.) Baill.",-29.632606,30.989033,NA,28,4,2023,3076142
"Bridelia","Bridelia micrantha","Bridelia micrantha (Hochst.) Baill.",-30.317211,30.348503,NA,29,10,2022,3076142
"Bridelia","Bridelia micrantha","Bridelia micrantha (Hochst.) Baill.",-24.168847,30.343416,NA,4,11,2023,3076142
"Bridelia","Bridelia micrantha","Bridelia micrantha (Hochst.) Baill.",-28.732719,31.829747,NA,7,1,2024,3076142
"Bridelia","Bridelia micrantha","Bridelia micrantha (Hochst.) Baill.",-29.844894,30.900701,NA,25,11,2023,3076142
"Bridelia","Bridelia micrantha","Bridelia micrantha (Hochst.) Baill.",-29.516343,31.215277,NA,26,12,2021,3076142
"Bridelia","Bridelia micrantha","Bridelia micrantha (Hochst.) Baill.",-29.8462,30.91917,NA,15,12,2019,3076142
"Bridelia","Bridelia micrantha","Bridelia micrantha (Hochst.) Baill.",-28.3762,32.4181,NA,26,10,2018,3076142
"Bridelia","Bridelia micrantha","Bridelia micrantha (Hochst.) Baill.",-29.823728,30.925883,NA,30,4,2021,3076142
"Bridelia","Bridelia micrantha","Bridelia micrantha (Hochst.) Baill.",-29.755098,30.791286,NA,1,3,2024,3076142
"Bridelia","Bridelia micrantha","Bridelia micrantha (Hochst.) Baill.",-28.3765,32.4186,NA,28,8,2014,3076142
"Bridelia","Bridelia micrantha","Bridelia micrantha (Hochst.) Baill.",-25.614925,31.365062,NA,27,8,2020,3076142
"Bridelia","Bridelia micrantha","Bridelia micrantha (Hochst.) Baill.",-28.974293,31.746278,NA,20,1,2020,3076142
"Bridelia","Bridelia micrantha","Bridelia micrantha (Hochst.) Baill.",-30.964463,30.158672,NA,7,9,2023,3076142
"Bridelia","Bridelia micrantha","Bridelia micrantha (Hochst.) Baill.",-28.3762,32.4181,NA,25,11,2017,3076142
"Bridelia","Bridelia micrantha","Bridelia micrantha (Hochst.) Baill.",-29.778359,30.835437,NA,24,10,2023,3076142
"Bridelia","Bridelia micrantha","Bridelia micrantha (Hochst.) Baill.",-29.8077,30.852419,NA,6,4,2021,3076142
"Bridelia","Bridelia micrantha","Bridelia micrantha (Hochst.) Baill.",-29.852718,30.899995,NA,30,4,2023,3076142
"Bridelia","Bridelia micrantha","Bridelia micrantha (Hochst.) Baill.",-24.404623,30.813818,NA,27,11,2023,3076142
"Bridelia","Bridelia micrantha","Bridelia micrantha (Hochst.) Baill.",-29.860695,30.926913,NA,26,11,2023,3076142
"Bridelia","Bridelia micrantha","Bridelia micrantha (Hochst.) Baill.",6.666667,2.7,33,19,5,2001,3076142
"Bridelia","Bridelia micrantha","Bridelia micrantha (Hochst.) Baill.",3.51,15.05,NA,20,6,1961,3076142
"Bridelia","Bridelia micrantha","Bridelia micrantha (Hochst.) Baill.",4.04,9.7,NA,12,5,1976,3076142
"Bridelia","Bridelia micrantha","Bridelia micrantha (Hochst.) Baill.",5.033333,9.316667,550,27,10,1986,3076142
"Bridelia","Bridelia micrantha","Bridelia micrantha (Hochst.) Baill.",3.333333,12.816667,NA,18,4,1993,3076142
"Bridelia","Bridelia micrantha","Bridelia micrantha (Hochst.) Baill.",4.15,9.23,NA,17,5,1970,3076142
"Bridelia","Bridelia micrantha","Bridelia micrantha (Hochst.) Baill.",4.083333,9.1,500,29,12,1983,3076142
"Bridelia","Bridelia micrantha","Bridelia micrantha (Hochst.) Baill.",4.433333,9.183333,160,7,3,1985,3076142
"Bridelia","Bridelia micrantha","Bridelia micrantha (Hochst.) Baill.",8.528889,-8.920833,1032,17,8,2008,3076142
"Bridelia","Bridelia micrantha","Bridelia micrantha (Hochst.) Baill.",6.71667,2.13333,NA,9,9,1998,3076142
"Bridelia","Bridelia micrantha","Bridelia micrantha (Hochst.) Baill.",4.26,13.81,NA,27,2,1960,3076142
"Bridelia","Bridelia micrantha","Bridelia micrantha (Hochst.) Baill.",4.16,14.46,NA,7,4,1962,3076142
"Bridelia","Bridelia micrantha","Bridelia micrantha (Hochst.) Baill.",6.05,10.23,NA,4,3,1962,3076142
"Bridelia","Bridelia micrantha","Bridelia micrantha (Hochst.) Baill.",9.440556,-13.381111,NA,3,7,2012,3076142
"Bridelia","Bridelia micrantha","Bridelia micrantha (Hochst.) Baill.",6.72361,2.13528,NA,NA,6,2001,3076142
"Bridelia","Bridelia micrantha","Bridelia micrantha (Hochst.) Baill.",4.04,9.7,NA,NA,5,1952,3076142
"Bridelia","Bridelia micrantha","Bridelia micrantha (Hochst.) Baill.",5.683333,9.55,100,26,3,1978,3076142
"Bridelia","Bridelia micrantha","Bridelia micrantha (Hochst.) Baill.",3.15,11.4,NA,30,11,1998,3076142
"Bridelia","Bridelia micrantha","Bridelia micrantha (Hochst.) Baill.",3.133333,13.65,590,13,12,1982,3076142
"Bridelia","Bridelia micrantha","Bridelia micrantha (Hochst.) Baill.",2.733333,13.35,NA,7,10,1995,3076142
"Bridelia","Bridelia micrantha","Bridelia micrantha (Hochst.) Baill.",2.9,11.13,NA,20,2,1964,3076142
"Bridelia","Bridelia micrantha","Bridelia micrantha (Hochst.) Baill.",4.866667,9.466667,240,20,4,1988,3076142
"Bridelia","Bridelia micrantha","Bridelia micrantha (Hochst.) Baill.",9.008056,1.665278,NA,29,2,1992,3076142
"Bridelia","Bridelia micrantha","Bridelia micrantha (Hochst.) Baill.",6.73333,2.13333,NA,24,8,1999,3076142
"Bridelia","Bridelia micrantha","Bridelia micrantha (Hochst.) Baill.",4.55,12.46,NA,23,4,1959,3076142
"Bridelia","Bridelia micrantha","Bridelia micrantha (Hochst.) Baill.",2.85,9.886111,NA,20,5,1969,3076142
"Bridelia","Bridelia micrantha","Bridelia micrantha (Hochst.) Baill.",5.016667,8.833333,50,12,4,1985,3076142
"Bridelia","Bridelia micrantha","Bridelia micrantha (Hochst.) Baill.",10.151944,-11.685556,368,23,4,2012,3076142
"Bridelia","Bridelia micrantha","Bridelia micrantha (Hochst.) Baill.",4.16,9.66,NA,NA,4,1955,3076142
"Bridelia","Bridelia micrantha","Bridelia micrantha (Hochst.) Baill.",3.966667,13.233333,666,12,2,1977,3076142
"Bridelia","Bridelia micrantha","Bridelia micrantha (Hochst.) Baill.",5.933333,10.2,930,17,7,1987,3076142
"Bridelia","Bridelia micrantha","Bridelia micrantha (Hochst.) Baill.",3.233333,13.666667,NA,6,8,1995,3076142
"Bridelia","Bridelia micrantha","Bridelia micrantha (Hochst.) Baill.",7.23,13.58,1100,31,1,1966,3076142
"Bridelia","Bridelia micrantha","Bridelia micrantha (Hochst.) Baill.",4.633333,9.433333,200,NA,3,1984,3076142
"Bridelia","Bridelia micrantha","Bridelia micrantha (Hochst.) Baill.",4.75,9.033333,150,22,3,1986,3076142
"Bridelia","Bridelia micrantha","Bridelia micrantha (Hochst.) Baill.",9.708056,-13.540556,95,6,5,2011,3076142
"Bridelia","Bridelia micrantha","Bridelia micrantha (Hochst.) Baill.",4.58,13.68,NA,29,2,1960,3076142
"Bridelia","Bridelia micrantha","Bridelia micrantha (Hochst.) Baill.",7.23,13.58,NA,NA,NA,NA,3076142
"Bridelia","Bridelia micrantha","Bridelia micrantha (Hochst.) Baill.",3.86,11.51,700,10,1,1962,3076142
"Bridelia","Bridelia micrantha","Bridelia micrantha (Hochst.) Baill.",5.75,10.5,NA,5,4,1962,3076142
"Bridelia","Bridelia micrantha","Bridelia micrantha (Hochst.) Baill.",4.833333,9.016667,850,6,2,1984,3076142
"Bridelia","Bridelia micrantha","Bridelia micrantha (Hochst.) Baill.",8.884722,-8.3075,1037,17,11,2007,3076142
"Bridelia","Bridelia micrantha","Bridelia micrantha (Hochst.) Baill.",4.43,14.36,650,14,6,1965,3076142
"Bridelia","Bridelia micrantha","Bridelia micrantha (Hochst.) Baill.",4.166667,11.016667,NA,25,3,1978,3076142
"Bridelia","Bridelia micrantha","Bridelia micrantha (Hochst.) Baill.",3.81,11.48,NA,25,6,1986,3076142
"Bridelia","Bridelia micrantha","Bridelia micrantha (Hochst.) Baill.",5.533333,9.983333,1700,29,8,1999,3076142
"Bridelia","Bridelia micrantha","Bridelia micrantha (Hochst.) Baill.",10.029722,-12.678611,300,2,5,2012,3076142
"Bridelia","Bridelia micrantha","Bridelia micrantha (Hochst.) Baill.",-5.1,38.666667,970,26,2,2000,3076142
"Bridelia","Bridelia micrantha","Bridelia micrantha (Hochst.) Baill.",-5.103056,38.491667,550,11,5,1999,3076142
"Bridelia","Bridelia micrantha","Bridelia micrantha (Hochst.) Baill.",-28.3762,32.4181,NA,5,4,2020,3076142
"Bridelia","Bridelia micrantha","Bridelia micrantha (Hochst.) Baill.",-29.519481,31.219484,NA,28,10,2022,3076142
"Bridelia","Bridelia micrantha","Bridelia micrantha (Hochst.) Baill.",-30.260848,30.611354,NA,21,9,2023,3076142
"Bridelia","Bridelia micrantha","Bridelia micrantha (Hochst.) Baill.",-0.71492,37.18283,NA,12,10,2018,3076142
"Bridelia","Bridelia micrantha","Bridelia micrantha (Hochst.) Baill.",-0.75006,37.15853,NA,11,10,2018,3076142
"Bridelia","Bridelia micrantha","Bridelia micrantha (Hochst.) Baill.",-0.57737,37.70191,NA,13,5,2019,3076142
"Bridelia","Bridelia micrantha","Bridelia micrantha (Hochst.) Baill.",-0.58403,36.906,NA,1,7,2019,3076142
"Bridelia","Bridelia micrantha","Bridelia micrantha (Hochst.) Baill.",-0.90697,36.98844,NA,4,7,2019,3076142
"Bridelia","Bridelia micrantha","Bridelia micrantha (Hochst.) Baill.",-0.49942,36.93558,NA,10,10,2018,3076142
"Bridelia","Bridelia micrantha","Bridelia micrantha (Hochst.) Baill.",-0.52367,37.01617,NA,10,10,2018,3076142
"Bridelia","Bridelia micrantha","Bridelia micrantha (Hochst.) Baill.",-0.78172,36.79317,NA,14,10,2018,3076142
"Bridelia","Bridelia micrantha","Bridelia micrantha (Hochst.) Baill.",-0.67739,36.96772,NA,1,7,2019,3076142
"Bridelia","Bridelia micrantha","Bridelia micrantha (Hochst.) Baill.",-0.5556,37.73082,NA,14,5,2019,3076142
"Bridelia","Bridelia micrantha","Bridelia micrantha (Hochst.) Baill.",-1.02397,37.0695,NA,16,10,2018,3076142
"Bridelia","Bridelia micrantha","Bridelia micrantha (Hochst.) Baill.",-15.4,35.13333,NA,23,8,1980,3076142
"Bridelia","Bridelia micrantha","Bridelia micrantha (Hochst.) Baill.",-15.529645,35.019015,NA,19,7,1985,3076142
"Bridelia","Bridelia micrantha","Bridelia micrantha (Hochst.) Baill.",-10.38333,34.18333,NA,9,12,1983,3076142
"Bridelia","Bridelia micrantha","Bridelia micrantha (Hochst.) Baill.",-9.993558,33.700866,NA,1,10,1984,3076142
"Bridelia","Bridelia micrantha","Bridelia micrantha (Hochst.) Baill.",-15.36667,35.33333,NA,27,9,1952,3076142
"Bridelia","Bridelia micrantha","Bridelia micrantha (Hochst.) Baill.",-15.383576,35.3213,NA,6,11,1977,3076142
"Bridelia","Bridelia micrantha","Bridelia micrantha (Hochst.) Baill.",-15.45,35.21667,NA,16,1,1987,3076142
"Bridelia","Bridelia micrantha","Bridelia micrantha (Hochst.) Baill.",-15.36667,35.38333,NA,28,6,1989,3076142
"Bridelia","Bridelia micrantha","Bridelia micrantha (Hochst.) Baill.",-15.383576,35.3213,NA,17,6,1990,3076142
"Bridelia","Bridelia micrantha","Bridelia micrantha (Hochst.) Baill.",-15.377157,35.316793,NA,16,6,1990,3076142
"Bridelia","Bridelia micrantha","Bridelia micrantha (Hochst.) Baill.",-15.36667,35.33333,NA,11,3,1978,3076142
"Bridelia","Bridelia micrantha","Bridelia micrantha (Hochst.) Baill.",-15.38333,35.26667,NA,4,5,1979,3076142
"Bridelia","Bridelia micrantha","Bridelia micrantha (Hochst.) Baill.",-15.45,35.21667,NA,29,5,1991,3076142
"Bridelia","Bridelia micrantha","Bridelia micrantha (Hochst.) Baill.",-15.45,35.21667,NA,7,6,1991,3076142
"Bridelia","Bridelia micrantha","Bridelia micrantha (Hochst.) Baill.",-15.46667,35.31667,NA,20,10,1936,3076142
"Bridelia","Bridelia micrantha","Bridelia micrantha (Hochst.) Baill.",-15.45,35.21667,NA,24,2,1934,3076142
"Bridelia","Bridelia micrantha","Bridelia micrantha (Hochst.) Baill.",-15.260912,35.355216,NA,5,12,1976,3076142
"Bridelia","Bridelia micrantha","Bridelia micrantha (Hochst.) Baill.",-15.370817,35.333083,NA,4,7,1977,3076142
"Bridelia","Bridelia micrantha","Bridelia micrantha (Hochst.) Baill.",-15.391208,35.341259,NA,24,4,1984,3076142
"Bridelia","Bridelia micrantha","Bridelia micrantha (Hochst.) Baill.",-15.390357,35.336203,NA,7,6,1986,3076142
"Bridelia","Bridelia micrantha","Bridelia micrantha (Hochst.) Baill.",-15.260912,35.355216,NA,29,12,1977,3076142
"Bridelia","Bridelia micrantha","Bridelia micrantha (Hochst.) Baill.",-15.46667,35.13333,NA,23,10,1983,3076142
"Bridelia","Bridelia micrantha","Bridelia micrantha (Hochst.) Baill.",-15.4,35.33333,NA,18,11,1985,3076142
"Bridelia","Bridelia micrantha","Bridelia micrantha (Hochst.) Baill.",-15.31667,35.61667,NA,22,9,1970,3076142
"Bridelia","Bridelia micrantha","Bridelia micrantha (Hochst.) Baill.",-15.2,35.33333,NA,10,9,1972,3076142
"Bridelia","Bridelia micrantha","Bridelia micrantha (Hochst.) Baill.",-15.23333,35.31667,NA,20,8,1984,3076142
"Bridelia","Bridelia micrantha","Bridelia micrantha (Hochst.) Baill.",-15.41667,35.05,NA,8,1,1971,3076142
"Bridelia","Bridelia micrantha","Bridelia micrantha (Hochst.) Baill.",-15.46667,35.13333,NA,1,3,1969,3076142
"Bridelia","Bridelia micrantha","Bridelia micrantha (Hochst.) Baill.",-15.23333,35.31667,NA,29,11,1972,3076142
"Bridelia","Bridelia micrantha","Bridelia micrantha (Hochst.) Baill.",-15.38333,35.31667,NA,23,1,1973,3076142
"Bridelia","Bridelia micrantha","Bridelia micrantha (Hochst.) Baill.",-15.31667,35.63333,NA,18,10,1990,3076142
"Bridelia","Bridelia micrantha","Bridelia micrantha (Hochst.) Baill.",-15.46667,35.13333,NA,22,4,1983,3076142
"Bridelia","Bridelia micrantha","Bridelia micrantha (Hochst.) Baill.",-15.46667,35.13333,NA,4,6,1991,3076142
"Bridelia","Bridelia micrantha","Bridelia micrantha (Hochst.) Baill.",-15.4,35.41667,NA,29,6,1981,3076142
"Bridelia","Bridelia micrantha","Bridelia micrantha (Hochst.) Baill.",-15.4,35.41667,NA,21,11,1983,3076142
"Bridelia","Bridelia micrantha","Bridelia micrantha (Hochst.) Baill.",-15.46667,35.13333,NA,25,11,1983,3076142
"Bridelia","Bridelia micrantha","Bridelia micrantha (Hochst.) Baill.",-15.31667,35.18333,NA,31,12,1928,3076142
"Bridelia","Bridelia micrantha","Bridelia micrantha (Hochst.) Baill.",-15.46667,35.13333,NA,22,3,1970,3076142
"Bridelia","Bridelia micrantha","Bridelia micrantha (Hochst.) Baill.",-13.71667,34.63333,NA,2,7,1970,3076142
"Bridelia","Bridelia micrantha","Bridelia micrantha (Hochst.) Baill.",-15.96667,35.08333,NA,7,12,1968,3076142
"Bridelia","Bridelia micrantha","Bridelia micrantha (Hochst.) Baill.",-15.28333,35.38333,NA,16,4,1969,3076142
"Bridelia","Bridelia micrantha","Bridelia micrantha (Hochst.) Baill.",-15.293311,35.529832,NA,24,10,1971,3076142
"Bridelia","Bridelia micrantha","Bridelia micrantha (Hochst.) Baill.",-10.66667,33.86667,NA,25,10,1930,3076142
"Bridelia","Bridelia micrantha","Bridelia micrantha (Hochst.) Baill.",-10.66667,33.86667,NA,13,4,1970,3076142
"Bridelia","Bridelia micrantha","Bridelia micrantha (Hochst.) Baill.",7.783333,4.116667,NA,15,3,2014,3076142
"Bridelia","Bridelia micrantha","Bridelia micrantha (Hochst.) Baill.",-6.35579,34.8183,NA,NA,NA,NA,3076142
"Bridelia","Bridelia micrantha","Bridelia micrantha (Hochst.) Baill.",-28.96087,31.76055,NA,16,9,2017,3076142
"Bridelia","Bridelia micrantha","Bridelia micrantha (Hochst.) Baill.",-12.316667,17.1,1520,8,3,1974,3076142
"Bridelia","Bridelia micrantha","Bridelia micrantha (Hochst.) Baill.",-9.283333,16.366667,NA,12,3,1974,3076142
"Bridelia","Bridelia micrantha","Bridelia micrantha (Hochst.) Baill.",-9.366667,14.95,NA,17,3,1974,3076142
"Bridelia","Bridelia micrantha","Bridelia micrantha (Hochst.) Baill.",-9.7,15.7,NA,16,3,1974,3076142
"Bridelia","Bridelia micrantha","Bridelia micrantha (Hochst.) Baill.",-20.386023,32.833756,NA,30,10,1944,3076142
"Bridelia","Bridelia micrantha","Bridelia micrantha (Hochst.) Baill.",-26.475278,32.648333,NA,17,11,1944,3076142
"Bridelia","Bridelia micrantha","Bridelia micrantha (Hochst.) Baill.",-20.447959,32.858036,NA,30,10,1944,3076142
"Bridelia","Bridelia micrantha","Bridelia micrantha (Hochst.) Baill.",-19.011666,33.143337,NA,19,10,1944,3076142
"Bridelia","Bridelia micrantha","Bridelia micrantha (Hochst.) Baill.",-19.058579,33.786369,NA,4,2,1948,3076142
"Bridelia","Bridelia micrantha","Bridelia micrantha (Hochst.) Baill.",-19.015833,33.897778,NA,5,2,1948,3076142
"Bridelia","Bridelia micrantha","Bridelia micrantha (Hochst.) Baill.",-26.470301,32.647977,NA,22,11,1948,3076142
"Bridelia","Bridelia micrantha","Bridelia micrantha (Hochst.) Baill.",-14.728889,36.641944,NA,14,10,1942,3076142
"Bridelia","Bridelia micrantha","Bridelia micrantha (Hochst.) Baill.",-19.011666,33.143337,NA,7,1,1948,3076142
"Bridelia","Bridelia micrantha","Bridelia micrantha (Hochst.) Baill.",-15.61301,34.457854,1200,3,10,1942,3076142
"Bridelia","Bridelia micrantha","Bridelia micrantha (Hochst.) Baill.",-13.828228,37.241019,NA,16,10,1942,3076142
"Bridelia","Bridelia micrantha","Bridelia micrantha (Hochst.) Baill.",-25.810556,32.573611,NA,15,12,1944,3076142
"Bridelia","Bridelia micrantha","Bridelia micrantha (Hochst.) Baill.",-16.08132,35.809166,NA,1,10,1944,3076142
"Bridelia","Bridelia micrantha","Bridelia micrantha (Hochst.) Baill.",-15.374166,37.040556,NA,8,11,1944,3076142
"Bridelia","Bridelia micrantha","Bridelia micrantha (Hochst.) Baill.",-19.051524,33.754948,NA,2,2,1948,3076142
"Bridelia","Bridelia micrantha","Bridelia micrantha (Hochst.) Baill.",-26.475278,32.648333,NA,22,11,1947,3076142
"Bridelia","Bridelia micrantha","Bridelia micrantha (Hochst.) Baill.",-16.08132,35.809166,NA,23,2,1943,3076142
"Bridelia","Bridelia micrantha","Bridelia micrantha (Hochst.) Baill.",-19.104444,33.813055,NA,7,11,1941,3076142
"Bridelia","Bridelia micrantha","Bridelia micrantha (Hochst.) Baill.",-14.766666,34.383333,NA,15,10,1943,3076142
"Bridelia","Bridelia micrantha","Bridelia micrantha (Hochst.) Baill.",4.4,9.45,NA,9,3,1956,3076142
"Bridelia","Bridelia micrantha","Bridelia micrantha (Hochst.) Baill.",4.133333,9.033333,110,14,2,1992,3076142
"Bridelia","Bridelia micrantha","Bridelia micrantha (Hochst.) Baill.",6.353611,10.597777,1600,25,9,2006,3076142
"Bridelia","Bridelia micrantha","Bridelia micrantha (Hochst.) Baill.",-15.399166,37.041666,1730,28,5,2007,3076142
"Bridelia","Bridelia micrantha","Bridelia micrantha (Hochst.) Baill.",-15.345278,37.076111,1537,2,6,2007,3076142
"Bridelia","Bridelia micrantha","Bridelia micrantha (Hochst.) Baill.",3.627778,11.578611,658,23,3,2004,3076142
"Bridelia","Bridelia micrantha","Bridelia micrantha (Hochst.) Baill.",4.083333,9.033333,100,16,4,1992,3076142
"Bridelia","Bridelia micrantha","Bridelia micrantha (Hochst.) Baill.",4.016667,9.2,1230,1,12,1929,3076142
"Bridelia","Bridelia micrantha","Bridelia micrantha (Hochst.) Baill.",-20.375,32.625,NA,7,12,1906,3076142
"Bridelia","Bridelia micrantha","Bridelia micrantha (Hochst.) Baill.",-20.375,32.625,NA,16,2,1960,3076142
"Bridelia","Bridelia micrantha","Bridelia micrantha (Hochst.) Baill.",-20.125,32.625,NA,23,10,1947,3076142
"Bridelia","Bridelia micrantha","Bridelia micrantha (Hochst.) Baill.",-20.125,32.625,NA,1,2,1966,3076142
"Bridelia","Bridelia micrantha","Bridelia micrantha (Hochst.) Baill.",-20.375,32.625,NA,18,10,1947,3076142
"Bridelia","Bridelia micrantha","Bridelia micrantha (Hochst.) Baill.",-20.375,32.625,NA,6,4,1943,3076142
"Bridelia","Bridelia micrantha","Bridelia micrantha (Hochst.) Baill.",-20.375,32.625,NA,1,12,1966,3076142
"Bridelia","Bridelia micrantha","Bridelia micrantha (Hochst.) Baill.",-18.625,32.625,NA,19,11,1948,3076142
"Bridelia","Bridelia micrantha","Bridelia micrantha (Hochst.) Baill.",-19.125,32.625,NA,1,11,1924,3076142
"Bridelia","Bridelia micrantha","Bridelia micrantha (Hochst.) Baill.",-19.125,32.625,NA,18,12,1930,3076142
"Bridelia","Bridelia micrantha","Bridelia micrantha (Hochst.) Baill.",-19.125,32.625,NA,11,10,1951,3076142
"Bridelia","Bridelia micrantha","Bridelia micrantha (Hochst.) Baill.",-19.125,32.625,NA,1,11,1974,3076142
"Bridelia","Bridelia micrantha","Bridelia micrantha (Hochst.) Baill.",-18.125,32.625,NA,13,11,1958,3076142
"Bridelia","Bridelia micrantha","Bridelia micrantha (Hochst.) Baill.",-18.125,32.625,NA,3,11,1973,3076142
"Bridelia","Bridelia micrantha","Bridelia micrantha (Hochst.) Baill.",-18.625,32.875,NA,1,11,1967,3076142
"Bridelia","Bridelia micrantha","Bridelia micrantha (Hochst.) Baill.",-18.625,32.875,NA,1,11,1973,3076142
"Bridelia","Bridelia micrantha","Bridelia micrantha (Hochst.) Baill.",-19.875,32.875,NA,22,2,1957,3076142
"Bridelia","Bridelia micrantha","Bridelia micrantha (Hochst.) Baill.",-19.875,32.875,NA,4,11,1950,3076142
"Bridelia","Bridelia micrantha","Bridelia micrantha (Hochst.) Baill.",-19.125,32.625,NA,3,5,1945,3076142
"Bridelia","Bridelia micrantha","Bridelia micrantha (Hochst.) Baill.",-19.875,32.875,NA,1,10,1919,3076142
"Bridelia","Bridelia micrantha","Bridelia micrantha (Hochst.) Baill.",-19.125,32.625,NA,27,12,1974,3076142
"Bridelia","Bridelia micrantha","Bridelia micrantha (Hochst.) Baill.",-19.125,32.625,NA,12,1,1967,3076142
"Bridelia","Bridelia micrantha","Bridelia micrantha (Hochst.) Baill.",-19.875,32.875,NA,1,11,1932,3076142
"Bridelia","Bridelia micrantha","Bridelia micrantha (Hochst.) Baill.",-19.125,32.625,NA,9,1,1967,3076142
"Bridelia","Bridelia micrantha","Bridelia micrantha (Hochst.) Baill.",-19.875,32.875,NA,21,11,1967,3076142
"Bridelia","Bridelia micrantha","Bridelia micrantha (Hochst.) Baill.",-18.125,32.625,NA,1,11,1933,3076142
"Bridelia","Bridelia micrantha","Bridelia micrantha (Hochst.) Baill.",-18.125,32.625,NA,1,10,1953,3076142
"Bridelia","Bridelia micrantha","Bridelia micrantha (Hochst.) Baill.",-28.99853,25.092539,NA,NA,NA,NA,3076142
"Bridelia","Bridelia micrantha","Bridelia micrantha (Hochst.) Baill.",-29.874192,30.905382,NA,2,3,2022,3076142
"Bridelia","Bridelia micrantha","Bridelia micrantha (Hochst.) Baill.",3.516667,15.033333,NA,20,6,1961,3076142
"Bridelia","Bridelia micrantha","Bridelia micrantha (Hochst.) Baill.",6.168333,-7.746667,NA,28,3,2000,3076142
"Bridelia","Bridelia micrantha","Bridelia micrantha (Hochst.) Baill.",-0.3,31.883333,NA,17,4,1969,3076142
"Bridelia","Bridelia micrantha","Bridelia micrantha (Hochst.) Baill.",5.333333,-4.116667,NA,21,5,1962,3076142
"Bridelia","Bridelia micrantha","Bridelia micrantha (Hochst.) Baill.",7.411368,3.878175,NA,17,12,2018,3076142
"Bridelia","Bridelia micrantha","Bridelia micrantha (Hochst.) Baill.",7.371712,4.186862,NA,9,2,2015,3076142
"Bridelia","Bridelia micrantha","Bridelia micrantha (Hochst.) Baill.",7.371712,4.186862,NA,18,4,2013,3076142
"Bridelia","Bridelia micrantha","Bridelia micrantha (Hochst.) Baill.",6.978858,3.438929,NA,8,12,2015,3076142
"Bridelia","Bridelia micrantha","Bridelia micrantha (Hochst.) Baill.",10.804743,6.296267,NA,1,9,2011,3076142
"Bridelia","Bridelia micrantha","Bridelia micrantha (Hochst.) Baill.",7.4824,4.56032,NA,24,8,2015,3076142
"Bridelia","Bridelia micrantha","Bridelia micrantha (Hochst.) Baill.",7.37241,4.18739,NA,18,11,2009,3076142
"Bridelia","Bridelia micrantha","Bridelia micrantha (Hochst.) Baill.",6.94851,3.50561,NA,7,1,2010,3076142
"Bridelia","Bridelia micrantha","Bridelia micrantha (Hochst.) Baill.",7.36409,4.19075,NA,21,11,2012,3076142
"Bridelia","Bridelia micrantha","Bridelia micrantha (Hochst.) Baill.",5.318969,8.34966,NA,19,4,2012,3076142
"Bridelia","Bridelia micrantha","Bridelia micrantha (Hochst.) Baill.",7.546789,3.882178,NA,6,6,2012,3076142
"Bridelia","Bridelia micrantha","Bridelia micrantha (Hochst.) Baill.",7.542421,11.615498,NA,24,5,2008,3076142
"Bridelia","Bridelia micrantha","Bridelia micrantha (Hochst.) Baill.",7.371712,4.186862,NA,31,10,2016,3076142
"Bridelia","Bridelia micrantha","Bridelia micrantha (Hochst.) Baill.",6.518794,3.401238,NA,10,8,2014,3076142
"Bridelia","Bridelia micrantha","Bridelia micrantha (Hochst.) Baill.",7.728636,4.435056,NA,27,5,2002,3076142
"Bridelia","Bridelia micrantha","Bridelia micrantha (Hochst.) Baill.",5.440477,8.374572,NA,25,10,2020,3076142
"Bridelia","Bridelia micrantha","Bridelia micrantha (Hochst.) Baill.",8.245244,-1.655978,NA,24,5,2013,3076142
"Bridelia","Bridelia micrantha","Bridelia micrantha (Hochst.) Baill.",7.440778,-2.779558,NA,18,4,2013,3076142
"Bridelia","Bridelia micrantha","Bridelia micrantha (Hochst.) Baill.",6.48,-1.05,NA,9,4,1954,3076142
"Bridelia","Bridelia micrantha","Bridelia micrantha (Hochst.) Baill.",6.35,0.44,NA,12,4,1954,3076142
"Bridelia","Bridelia micrantha","Bridelia micrantha (Hochst.) Baill.",6.51,0.26,NA,14,11,1953,3076142
"Bridelia","Bridelia micrantha","Bridelia micrantha (Hochst.) Baill.",5.17,-2.35,NA,15,4,1978,3076142
"Bridelia","Bridelia micrantha","Bridelia micrantha (Hochst.) Baill.",10.32,0.26,NA,NA,7,1937,3076142
"Bridelia","Bridelia micrantha","Bridelia micrantha (Hochst.) Baill.",4.1,11.01,NA,25,3,1978,3076142
"Bridelia","Bridelia micrantha","Bridelia micrantha (Hochst.) Baill.",6.41,-1.37,NA,NA,10,1978,3076142
"Bridelia","Bridelia micrantha","Bridelia micrantha (Hochst.) Baill.",6.41,-1.37,NA,NA,6,1973,3076142
"Bridelia","Bridelia micrantha","Bridelia micrantha (Hochst.) Baill.",-29.817594,30.907685,NA,15,6,2019,3076142
"Bridelia","Bridelia micrantha","Bridelia micrantha (Hochst.) Baill.",-23.098514,30.293383,NA,18,12,2018,3076142
"Bridelia","Bridelia micrantha","Bridelia micrantha (Hochst.) Baill.",-25.49108,30.975499,NA,26,9,2021,3076142
"Bridelia","Bridelia micrantha","Bridelia micrantha (Hochst.) Baill.",-25.519147,31.249728,NA,28,10,2022,3076142
"Bridelia","Bridelia micrantha","Bridelia micrantha (Hochst.) Baill.",-10.828333,33.586111,NA,NA,NA,2003,3076142
"Bridelia","Bridelia micrantha","Bridelia micrantha (Hochst.) Baill.",-10.8075,33.61,NA,NA,NA,2003,3076142
"Bridelia","Bridelia micrantha","Bridelia micrantha (Hochst.) Baill.",-29.802675,30.845097,NA,6,6,2020,3076142
"Bridelia","Bridelia micrantha","Bridelia micrantha (Hochst.) Baill.",12.557455,-8.183229,NA,29,5,2004,3076142
"Bridelia","Bridelia micrantha","Bridelia micrantha (Hochst.) Baill.",12.558443,-8.183936,NA,8,4,2007,3076142
"Bridelia","Bridelia micrantha","Bridelia micrantha (Hochst.) Baill.",12.557455,-8.183229,NA,21,3,2003,3076142
"Bridelia","Bridelia micrantha","Bridelia micrantha (Hochst.) Baill.",12.557455,-8.183229,NA,23,3,2003,3076142
"Bridelia","Bridelia micrantha","Bridelia micrantha (Hochst.) Baill.",13.266847,-16.783934,NA,28,6,2008,3076142
"Bridelia","Bridelia micrantha","Bridelia micrantha (Hochst.) Baill.",-3.26,37.41,NA,3,2,2011,3076142
"Bridelia","Bridelia micrantha","Bridelia micrantha (Hochst.) Baill.",-13.317726,34.044899,NA,8,10,2010,3076142
"Bridelia","Bridelia micrantha","Bridelia micrantha (Hochst.) Baill.",1.4,17.45,NA,23,4,2009,3076142
"Bridelia","Bridelia micrantha","Bridelia micrantha (Hochst.) Baill.",1.35,17.45,NA,11,5,2008,3076142
"Bridelia","Bridelia micrantha","Bridelia micrantha (Hochst.) Baill.",13.285442,-16.784561,NA,27,12,2011,3076142
"Bridelia","Bridelia micrantha","Bridelia micrantha (Hochst.) Baill.",1.39,17.45,NA,23,4,2009,3076142
"Bridelia","Bridelia micrantha","Bridelia micrantha (Hochst.) Baill.",-11.624495,34.268932,NA,12,2,2016,3076142
"Bridelia","Bridelia micrantha","Bridelia micrantha (Hochst.) Baill.",6.48785,2.702273,NA,30,11,2012,3076142
"Bridelia","Bridelia micrantha","Bridelia micrantha (Hochst.) Baill.",6.4871,2.7021,NA,30,11,2012,3076142
"Bridelia","Bridelia micrantha","Bridelia micrantha (Hochst.) Baill.",6.89898,2.48983,27,31,8,2012,3076142
"Bridelia","Bridelia micrantha","Bridelia micrantha (Hochst.) Baill.",6.99026,2.63065,NA,18,9,2012,3076142
"Bridelia","Bridelia micrantha","Bridelia micrantha (Hochst.) Baill.",6.89885,2.48893,NA,1,9,2012,3076142
"Bridelia","Bridelia micrantha","Bridelia micrantha (Hochst.) Baill.",-5.43,30.58,1170,19,12,2002,3076142
"Bridelia","Bridelia micrantha","Bridelia micrantha (Hochst.) Baill.",10.267,-3.083,NA,NA,NA,NA,3076142
"Bridelia","Bridelia micrantha","Bridelia micrantha (Hochst.) Baill.",13.25,-3.4,NA,NA,NA,NA,3076142
"Bridelia","Bridelia micrantha","Bridelia micrantha (Hochst.) Baill.",13.167,-3.417,NA,NA,NA,NA,3076142
"Bridelia","Bridelia micrantha","Bridelia micrantha (Hochst.) Baill.",11.2,-4.3,NA,NA,NA,NA,3076142
"Bridelia","Bridelia micrantha","Bridelia micrantha (Hochst.) Baill.",10.633,-4.9,NA,NA,NA,NA,3076142
"Bridelia","Bridelia micrantha","Bridelia micrantha (Hochst.) Baill.",-10.785,33.796667,NA,NA,9,2003,3076142
"Bridelia","Bridelia micrantha","Bridelia micrantha (Hochst.) Baill.",-10.818611,33.714167,NA,NA,9,2003,3076142
"Bridelia","Bridelia micrantha","Bridelia micrantha (Hochst.) Baill.",-10.805278,33.785556,NA,NA,9,2003,3076142
"Bridelia","Bridelia micrantha","Bridelia micrantha (Hochst.) Baill.",-10.8,33.780556,NA,NA,9,2003,3076142
"Bridelia","Bridelia micrantha","Bridelia micrantha (Hochst.) Baill.",-23.921408,30.145928,NA,7,7,2020,3076142
"Bridelia","Bridelia micrantha","Bridelia micrantha (Hochst.) Baill.",-6.834538,36.983169,609.6,23,1,1954,3076142
"Bridelia","Bridelia micrantha","Bridelia micrantha (Hochst.) Baill.",-4.797212,38.281075,NA,6,3,1960,3076142
"Bridelia","Bridelia micrantha","Bridelia micrantha (Hochst.) Baill.",-2.435648,30.547854,1127.76,16,9,1956,3076142
"Bridelia","Bridelia micrantha","Bridelia micrantha (Hochst.) Baill.",-7.864711,31.718469,2180,16,11,1971,3076142
"Bridelia","Bridelia micrantha","Bridelia micrantha (Hochst.) Baill.",-7.966475,31.617835,NA,16,2,1955,3076142
"Bridelia","Bridelia micrantha","Bridelia micrantha (Hochst.) Baill.",-3.367122,37.357122,NA,10,9,1948,3076142
"Bridelia","Bridelia micrantha","Bridelia micrantha (Hochst.) Baill.",-7.864711,31.718469,NA,2,6,1983,3076142
"Bridelia","Bridelia micrantha","Bridelia micrantha (Hochst.) Baill.",-6.908145,39.078267,NA,22,1,1948,3076142
"Bridelia","Bridelia micrantha","Bridelia micrantha (Hochst.) Baill.",-6.908145,39.078267,NA,13,11,1952,3076142
"Bridelia","Bridelia micrantha","Bridelia micrantha (Hochst.) Baill.",-1.85407,33.329735,1158.24,23,11,1953,3076142
"Bridelia","Bridelia micrantha","Bridelia micrantha (Hochst.) Baill.",-7.032076,37.634099,NA,21,3,1965,3076142
"Bridelia","Bridelia micrantha","Bridelia micrantha (Hochst.) Baill.",-4.774747,38.282058,NA,2,3,1989,3076142
"Bridelia","Bridelia micrantha","Bridelia micrantha (Hochst.) Baill.",-6.834538,36.983169,NA,26,1,1958,3076142
"Bridelia","Bridelia micrantha","Bridelia micrantha (Hochst.) Baill.",-4.805949,38.329752,NA,16,11,1938,3076142
"Bridelia","Bridelia micrantha","Bridelia micrantha (Hochst.) Baill.",-1.249883,31.422561,NA,27,12,1997,3076142
"Bridelia","Bridelia micrantha","Bridelia micrantha (Hochst.) Baill.",-4.784754,38.304975,NA,15,11,1938,3076142
"Bridelia","Bridelia micrantha","Bridelia micrantha (Hochst.) Baill.",-4.792623,38.346285,1402.08,22,11,1952,3076142
"Bridelia","Bridelia micrantha","Bridelia micrantha (Hochst.) Baill.",-4.784754,38.304975,1371.6,12,10,1954,3076142
"Bridelia","Bridelia micrantha","Bridelia micrantha (Hochst.) Baill.",-6.834538,36.983169,NA,29,7,1948,3076142
"Bridelia","Bridelia micrantha","Bridelia micrantha (Hochst.) Baill.",-2.288597,32.018743,NA,20,11,1936,3076142
"Bridelia","Bridelia micrantha","Bridelia micrantha (Hochst.) Baill.",-4.797212,38.281075,1310,12,1,1960,3076142
"Bridelia","Bridelia micrantha","Bridelia micrantha (Hochst.) Baill.",-4.414994,30.176476,1219.2,26,12,1960,3076142
"Bridelia","Bridelia micrantha","Bridelia micrantha (Hochst.) Baill.",-1.331667,31.812222,NA,19,10,1928,3076142
"Bridelia","Bridelia micrantha","Bridelia micrantha (Hochst.) Baill.",-4.283116,33.866816,NA,23,11,1954,3076142
"Bridelia","Bridelia micrantha","Bridelia micrantha (Hochst.) Baill.",-6.164842,37.835762,NA,9,1,1957,3076142
"Bridelia","Bridelia micrantha","Bridelia micrantha (Hochst.) Baill.",-6.151289,37.601037,NA,26,3,1955,3076142
"Bridelia","Bridelia micrantha","Bridelia micrantha (Hochst.) Baill.",-6.164842,37.835762,NA,22,5,1926,3076142
"Bridelia","Bridelia micrantha","Bridelia micrantha (Hochst.) Baill.",-3.631816,37.621976,NA,25,11,1953,3076142
"Bridelia","Bridelia micrantha","Bridelia micrantha (Hochst.) Baill.",-4.784754,38.304975,NA,15,11,1951,3076142
"Bridelia","Bridelia micrantha","Bridelia micrantha (Hochst.) Baill.",-6.834538,36.983169,NA,23,3,1949,3076142
"Bridelia","Bridelia micrantha","Bridelia micrantha (Hochst.) Baill.",-7.966475,31.617835,NA,11,1,1955,3076142
"Bridelia","Bridelia micrantha","Bridelia micrantha (Hochst.) Baill.",-6.908145,39.078267,NA,2,2,1937,3076142
"Bridelia","Bridelia micrantha","Bridelia micrantha (Hochst.) Baill.",-4.199185,35.751257,1600,13,11,1972,3076142
"Bridelia","Bridelia micrantha","Bridelia micrantha (Hochst.) Baill.",-9.167892,33.583614,NA,10,4,1959,3076142
"Bridelia","Bridelia micrantha","Bridelia micrantha (Hochst.) Baill.",-7.966475,31.617835,1219.2,11,9,1948,3076142
"Bridelia","Bridelia micrantha","Bridelia micrantha (Hochst.) Baill.",-6.834538,36.983169,NA,27,1,1955,3076142
"Bridelia","Bridelia micrantha","Bridelia micrantha (Hochst.) Baill.",4.438055,25.838611,NA,NA,NA,NA,3076142
"Bridelia","Bridelia micrantha","Bridelia micrantha (Hochst.) Baill.",-16.241444,35.140101,NA,21,5,2018,3076142
"Bridelia","Bridelia micrantha","Bridelia micrantha (Hochst.) Baill.",-16.262618,35.160084,NA,20,5,2018,3076142
"Bridelia","Bridelia micrantha","Bridelia micrantha (Hochst.) Baill.",-1.65,29.116667,NA,3,6,1959,3076142
"Bridelia","Bridelia micrantha","Bridelia micrantha (Hochst.) Baill.",-2.044,11.1984,NA,NA,NA,2015,3076142
"Bridelia","Bridelia micrantha","Bridelia micrantha (Hochst.) Baill.",-2.26082,11.15489,NA,NA,NA,2015,3076142
"Bridelia","Bridelia micrantha","Bridelia micrantha (Hochst.) Baill.",-1.370258,11.592877,NA,NA,12,2017,3076142
"Bridelia","Bridelia micrantha","Bridelia micrantha (Hochst.) Baill.",-2.27709,11.254,NA,NA,NA,2015,3076142
"Bridelia","Bridelia micrantha","Bridelia micrantha (Hochst.) Baill.",-1.589,13.2807,NA,NA,NA,2012,3076142
"Bridelia","Bridelia micrantha","Bridelia micrantha (Hochst.) Baill.",2.163961,11.896063,NA,NA,NA,2018,3076142
"Bridelia","Bridelia micrantha","Bridelia micrantha (Hochst.) Baill.",-1.4561,13.2243,NA,NA,8,2012,3076142
"Bridelia","Bridelia micrantha","Bridelia micrantha (Hochst.) Baill.",-1.94339,10.98807,NA,NA,NA,NA,3076142
"Bridelia","Bridelia micrantha","Bridelia micrantha (Hochst.) Baill.",-2.11499,11.60244,NA,NA,12,2017,3076142
"Bridelia","Bridelia micrantha","Bridelia micrantha (Hochst.) Baill.",-2.11957,11.59805,NA,NA,12,2017,3076142
"Bridelia","Bridelia micrantha","Bridelia micrantha (Hochst.) Baill.",-2.49024,11.2543,NA,NA,NA,2015,3076142
"Bridelia","Bridelia micrantha","Bridelia micrantha (Hochst.) Baill.",-1.635216,10.443101,NA,NA,NA,2013,3076142
"Bridelia","Bridelia micrantha","Bridelia micrantha (Hochst.) Baill.",-2.38,11.21238,NA,NA,NA,2015,3076142
"Bridelia","Bridelia micrantha","Bridelia micrantha (Hochst.) Baill.",-1.591146,10.440007,NA,NA,NA,2013,3076142
"Bridelia","Bridelia micrantha","Bridelia micrantha (Hochst.) Baill.",-2.11047,11.58905,NA,NA,12,2017,3076142
"Bridelia","Bridelia micrantha","Bridelia micrantha (Hochst.) Baill.",-1.60257,13.25778,NA,NA,NA,2012,3076142
"Bridelia","Bridelia micrantha","Bridelia micrantha (Hochst.) Baill.",-1.613287,10.562092,NA,NA,NA,2013,3076142
"Bridelia","Bridelia micrantha","Bridelia micrantha (Hochst.) Baill.",-2.10596,11.58903,NA,NA,12,2017,3076142
"Bridelia","Bridelia micrantha","Bridelia micrantha (Hochst.) Baill.",-1.625635,10.442271,NA,NA,NA,2013,3076142
"Bridelia","Bridelia micrantha","Bridelia micrantha (Hochst.) Baill.",-1.5876,13.2834,NA,NA,NA,2012,3076142
"Bridelia","Bridelia micrantha","Bridelia micrantha (Hochst.) Baill.",-1.422055,11.42547,NA,NA,12,2017,3076142
"Bridelia","Bridelia micrantha","Bridelia micrantha (Hochst.) Baill.",-2.275,11.238,NA,NA,NA,2015,3076142
"Bridelia","Bridelia micrantha","Bridelia micrantha (Hochst.) Baill.",-2.11059,11.59365,NA,NA,12,2017,3076142
"Bridelia","Bridelia micrantha","Bridelia micrantha (Hochst.) Baill.",-1.608501,10.564222,NA,NA,NA,2013,3076142
"Bridelia","Bridelia micrantha","Bridelia micrantha (Hochst.) Baill.",2.183442,11.896063,NA,NA,NA,2018,3076142
"Bridelia","Bridelia micrantha","Bridelia micrantha (Hochst.) Baill.",-2.25525,11.14679,NA,NA,NA,2015,3076142
"Bridelia","Bridelia micrantha","Bridelia micrantha (Hochst.) Baill.",0.384639,10.54198,NA,NA,7,2017,3076142
"Bridelia","Bridelia micrantha","Bridelia micrantha (Hochst.) Baill.",-2.1059,11.59352,NA,NA,12,2017,3076142
"Bridelia","Bridelia micrantha","Bridelia micrantha (Hochst.) Baill.",2.175827,11.896063,NA,NA,NA,2018,3076142
"Bridelia","Bridelia micrantha","Bridelia micrantha (Hochst.) Baill.",-2.02547,11.02413,NA,NA,NA,NA,3076142
"Bridelia","Bridelia micrantha","Bridelia micrantha (Hochst.) Baill.",-1.46278,10.60575,NA,NA,2,2014,3076142
"Bridelia","Bridelia micrantha","Bridelia micrantha (Hochst.) Baill.",-1.4705,10.6147,NA,NA,2,2014,3076142
"Bridelia","Bridelia micrantha","Bridelia micrantha (Hochst.) Baill.",2.162087,11.896063,NA,NA,NA,2018,3076142
"Bridelia","Bridelia micrantha","Bridelia micrantha (Hochst.) Baill.",5.339736,-4.133893,NA,29,3,1979,3076142
"Bridelia","Bridelia micrantha","Bridelia micrantha (Hochst.) Baill.",5.33057,-4.128087,NA,5,7,1952,3076142
"Bridelia","Bridelia micrantha","Bridelia micrantha (Hochst.) Baill.",6.239723,-3.792679,NA,1,10,1946,3076142
"Bridelia","Bridelia micrantha","Bridelia micrantha (Hochst.) Baill.",-29.628637,30.990295,NA,2,11,2023,3076142
"Bridelia","Bridelia micrantha","Bridelia micrantha (Hochst.) Baill.",-25.040936,31.062424,573.59,31,3,2021,3076142
"Bridelia","Bridelia micrantha","Bridelia micrantha (Hochst.) Baill.",-29.877803,30.92517,NA,2,3,2022,3076142
"Bridelia","Bridelia micrantha","Bridelia micrantha (Hochst.) Baill.",-15.68,35.17,NA,12,10,1992,3076142
"Bridelia","Bridelia micrantha","Bridelia micrantha (Hochst.) Baill.",-5.42,30.58,1100,13,12,2002,3076142
"Bridelia","Bridelia micrantha","Bridelia micrantha (Hochst.) Baill.",-1.05,31.57,1130,18,9,1999,3076142
"Bridelia","Bridelia micrantha","Bridelia micrantha (Hochst.) Baill.",-1.07,31.83,1140,30,10,1992,3076142
"Bridelia","Bridelia micrantha","Bridelia micrantha (Hochst.) Baill.",1.662683,10.288767,1100,12,2,2001,3076142
"Bridelia","Bridelia micrantha","Bridelia micrantha (Hochst.) Baill.",4.83333,9.68333,850,6,2,1984,3076142
"Bridelia","Bridelia micrantha","Bridelia micrantha (Hochst.) Baill.",-8.83333,33.33333,1300,30,11,1989,3076142
"Bridelia","Bridelia micrantha","Bridelia micrantha (Hochst.) Baill.",-8.083056,31.300833,2010,18,8,2005,3076142
"Bridelia","Bridelia micrantha","Bridelia micrantha (Hochst.) Baill.",4.75,9.53333,150,22,3,1986,3076142
"Bridelia","Bridelia micrantha","Bridelia micrantha (Hochst.) Baill.",-9.98333,34.6,1920,15,1,1991,3076142
"Bridelia","Bridelia micrantha","Bridelia micrantha (Hochst.) Baill.",-6.9,39.083333,200,20,1,1998,3076142
"Bridelia","Bridelia micrantha","Bridelia micrantha (Hochst.) Baill.",-9.135278,33.743611,1762,17,5,2008,3076142
"Bridelia","Bridelia micrantha","Bridelia micrantha (Hochst.) Baill.",5.366667,25.366667,560,13,2,1995,3076142
"Bridelia","Bridelia micrantha","Bridelia micrantha (Hochst.) Baill.",-29.789579,30.801088,NA,30,4,2022,3076142
"Bridelia","Bridelia micrantha","Bridelia micrantha (Hochst.) Baill.",-29.780136,30.834401,NA,28,12,2021,3076142
"Bridelia","Bridelia micrantha","Bridelia micrantha (Hochst.) Baill.",-29.761354,30.755322,NA,7,2,2024,3076142
"Bridelia","Bridelia micrantha","Bridelia micrantha (Hochst.) Baill.",-29.808315,30.906629,NA,28,12,2021,3076142
"Bridelia","Bridelia micrantha","Bridelia micrantha (Hochst.) Baill.",-29.766573,30.800169,NA,12,4,2022,3076142
"Bridelia","Bridelia micrantha","Bridelia micrantha (Hochst.) Baill.",-29.844881,30.901541,NA,25,11,2023,3076142
"Bridelia","Bridelia micrantha","Bridelia micrantha (Hochst.) Baill.",-22.934092,29.639492,NA,4,12,2021,3076142
"Bridelia","Bridelia micrantha","Bridelia micrantha (Hochst.) Baill.",-29.813318,30.933115,NA,28,12,2021,3076142
"Bridelia","Bridelia micrantha","Bridelia micrantha (Hochst.) Baill.",0.533333,25.133333,NA,28,5,1977,3076142
"Bridelia","Bridelia micrantha","Bridelia micrantha (Hochst.) Baill.",3.444444,25.691944,NA,12,5,1958,3076142
"Bridelia","Bridelia micrantha","Bridelia micrantha (Hochst.) Baill.",2.25,30.266667,NA,NA,2,1946,3076142
"Bridelia","Bridelia micrantha","Bridelia micrantha (Hochst.) Baill.",-2.116667,28.916667,NA,12,2,1959,3076142
"Bridelia","Bridelia micrantha","Bridelia micrantha (Hochst.) Baill.",3.732222,29.708888,NA,11,6,1955,3076142
"Bridelia","Bridelia micrantha","Bridelia micrantha (Hochst.) Baill.",0.767499,24.446944,NA,NA,5,1951,3076142
"Bridelia","Bridelia micrantha","Bridelia micrantha (Hochst.) Baill.",4.716667,27.683333,NA,1,11,1924,3076142
"Bridelia","Bridelia micrantha","Bridelia micrantha (Hochst.) Baill.",-1.083333,29.5,NA,3,11,1914,3076142
"Bridelia","Bridelia micrantha","Bridelia micrantha (Hochst.) Baill.",-2.033333,28.466667,NA,19,9,1955,3076142
"Bridelia","Bridelia micrantha","Bridelia micrantha (Hochst.) Baill.",2.883333,22.383333,NA,NA,9,1913,3076142
"Bridelia","Bridelia micrantha","Bridelia micrantha (Hochst.) Baill.",4.716667,27.683333,NA,25,3,1933,3076142
"Bridelia","Bridelia micrantha","Bridelia micrantha (Hochst.) Baill.",-2.55,10.53,NA,18,4,1987,3076142
"Bridelia","Bridelia micrantha","Bridelia micrantha (Hochst.) Baill.",-29.875,30.875,NA,15,11,2004,3076142
"Bridelia","Bridelia micrantha","Bridelia micrantha (Hochst.) Baill.",-28.875,31.375,NA,9,2,1949,3076142
"Bridelia","Bridelia micrantha","Bridelia micrantha (Hochst.) Baill.",-22.666111,30.8125,NA,NA,NA,NA,3076142
"Bridelia","Bridelia micrantha","Bridelia micrantha (Hochst.) Baill.",-30.125,30.125,NA,8,12,1992,3076142
"Bridelia","Bridelia micrantha","Bridelia micrantha (Hochst.) Baill.",-25.375,31.125,NA,24,9,1989,3076142
"Bridelia","Bridelia micrantha","Bridelia micrantha (Hochst.) Baill.",-29.875,30.875,NA,23,9,1966,3076142
"Bridelia","Bridelia micrantha","Bridelia micrantha (Hochst.) Baill.",-25.875,31.375,NA,17,1,1987,3076142
"Bridelia","Bridelia micrantha","Bridelia micrantha (Hochst.) Baill.",-27.919167,31.38,NA,1,2,2002,3076142
"Bridelia","Bridelia micrantha","Bridelia micrantha (Hochst.) Baill.",-26.125,31.125,NA,18,2,1960,3076142
"Bridelia","Bridelia micrantha","Bridelia micrantha (Hochst.) Baill.",-24.375,30.625,NA,6,12,1959,3076142
"Bridelia","Bridelia micrantha","Bridelia micrantha (Hochst.) Baill.",-22.875,29.875,NA,20,11,1962,3076142
"Bridelia","Bridelia micrantha","Bridelia micrantha (Hochst.) Baill.",-31.375,29.625,NA,NA,12,1922,3076142
"Bridelia","Bridelia micrantha","Bridelia micrantha (Hochst.) Baill.",-23.125,30.125,NA,NA,12,1930,3076142
"Bridelia","Bridelia micrantha","Bridelia micrantha (Hochst.) Baill.",-24.375,30.625,NA,9,11,1960,3076142
"Bridelia","Bridelia micrantha","Bridelia micrantha (Hochst.) Baill.",-24.125,30.125,NA,18,11,1976,3076142
"Bridelia","Bridelia micrantha","Bridelia micrantha (Hochst.) Baill.",-24.125,30.375,NA,26,11,1984,3076142
"Bridelia","Bridelia micrantha","Bridelia micrantha (Hochst.) Baill.",-26.125,31.125,NA,31,12,1985,3076142
"Bridelia","Bridelia micrantha","Bridelia micrantha (Hochst.) Baill.",-22.875,29.875,NA,22,12,1935,3076142
"Bridelia","Bridelia micrantha","Bridelia micrantha (Hochst.) Baill.",-29.375,31.125,NA,7,10,1944,3076142
"Bridelia","Bridelia micrantha","Bridelia micrantha (Hochst.) Baill.",-28.875,31.875,NA,21,2,1961,3076142
"Bridelia","Bridelia micrantha","Bridelia micrantha (Hochst.) Baill.",-22.875,30.125,NA,28,10,1948,3076142
"Bridelia","Bridelia micrantha","Bridelia micrantha (Hochst.) Baill.",-23.875,30.125,NA,15,1,1908,3076142
"Bridelia","Bridelia micrantha","Bridelia micrantha (Hochst.) Baill.",-23.625,30.125,NA,2,2,1959,3076142
"Bridelia","Bridelia micrantha","Bridelia micrantha (Hochst.) Baill.",-22.875,29.875,NA,17,12,1928,3076142
"Bridelia","Bridelia micrantha","Bridelia micrantha (Hochst.) Baill.",-23.875,30.125,NA,16,3,1968,3076142
"Bridelia","Bridelia micrantha","Bridelia micrantha (Hochst.) Baill.",-28.375,32.125,NA,22,1,1965,3076142
"Bridelia","Bridelia micrantha","Bridelia micrantha (Hochst.) Baill.",-22.875,29.875,NA,1,12,1981,3076142
"Bridelia","Bridelia micrantha","Bridelia micrantha (Hochst.) Baill.",-30.375,30.375,NA,1,1,1909,3076142
"Bridelia","Bridelia micrantha","Bridelia micrantha (Hochst.) Baill.",-22.875,29.875,NA,NA,1,1925,3076142
"Bridelia","Bridelia micrantha","Bridelia micrantha (Hochst.) Baill.",-25.375,30.375,NA,2,5,1949,3076142
"Bridelia","Bridelia micrantha","Bridelia micrantha (Hochst.) Baill.",-30.375,30.125,NA,12,9,1966,3076142
"Bridelia","Bridelia micrantha","Bridelia micrantha (Hochst.) Baill.",-23.125,30.125,NA,NA,6,1930,3076142
"Bridelia","Bridelia micrantha","Bridelia micrantha (Hochst.) Baill.",-25.375,30.875,NA,10,4,1974,3076142
"Bridelia","Bridelia micrantha","Bridelia micrantha (Hochst.) Baill.",-32.625,26.875,NA,26,2,1976,3076142
"Bridelia","Bridelia micrantha","Bridelia micrantha (Hochst.) Baill.",-28.875,31.625,NA,25,1,1980,3076142
"Bridelia","Bridelia micrantha","Bridelia micrantha (Hochst.) Baill.",-0.9,29.35,NA,NA,9,1937,3076142
"Bridelia","Bridelia micrantha","Bridelia micrantha (Hochst.) Baill.",0.383333,32.583333,NA,6,9,1983,3076142
"Bridelia","Bridelia micrantha","Bridelia micrantha (Hochst.) Baill.",2.366667,10.616667,NA,14,2,2001,3076142
"Bridelia","Bridelia micrantha","Bridelia micrantha (Hochst.) Baill.",-12.092063,37.664759,NA,8,11,2016,3076142
"Bridelia","Bridelia micrantha","Bridelia micrantha (Hochst.) Baill.",0.05,37.65,NA,20,2,1922,3076142
"Bridelia","Bridelia micrantha","Bridelia micrantha (Hochst.) Baill.",0.38,32.58,1200,6,9,1983,3076142
"Bridelia","Bridelia micrantha","Bridelia micrantha (Hochst.) Baill.",7.666667,36.883333,NA,2,9,1974,3076142
"Bridelia","Bridelia micrantha","Bridelia micrantha (Hochst.) Baill.",0.6,14.9,NA,26,1,1995,3076142
"Bridelia","Bridelia micrantha","Bridelia micrantha (Hochst.) Baill.",11.8,37.116667,NA,18,3,1937,3076142
"Bridelia","Bridelia micrantha","Bridelia micrantha (Hochst.) Baill.",6.266667,-10.666667,NA,30,3,1966,3076142
"Bridelia","Bridelia micrantha","Bridelia micrantha (Hochst.) Baill.",8.3403,-9.20356,545,NA,NA,2016,3076142
"Bridelia","Bridelia micrantha","Bridelia micrantha (Hochst.) Baill.",8.39503,-9.24617,545,NA,NA,2016,3076142
"Bridelia","Bridelia micrantha","Bridelia micrantha (Hochst.) Baill.",8.3355,-9.20684,533,NA,NA,2016,3076142
"Bridelia","Bridelia micrantha","Bridelia micrantha (Hochst.) Baill.",-25.782087,31.158649,NA,9,6,2020,3076142
"Bridelia","Bridelia micrantha","Bridelia micrantha (Hochst.) Baill.",-29.801171,30.853323,NA,24,4,2020,3076142
"Bridelia","Bridelia micrantha","Bridelia micrantha (Hochst.) Baill.",-28.95735,31.76318,NA,3,1,2016,3076142
"Bridelia","Bridelia micrantha","Bridelia micrantha (Hochst.) Baill.",-9.99222,39.3875,150,30,10,2005,3076142
"Bridelia","Bridelia micrantha","Bridelia micrantha (Hochst.) Baill.",6.7253,2.6676,NA,1,1,2011,3076142
"Bridelia","Bridelia micrantha","Bridelia micrantha (Hochst.) Baill.",-13.769,32.865,NA,3,6,2019,3076142
"Bridelia","Bridelia micrantha","Bridelia micrantha (Hochst.) Baill.",-13.67,32.823,NA,3,6,2019,3076142
"Bridelia","Bridelia micrantha","Bridelia micrantha (Hochst.) Baill.",-13.737,32.855,NA,3,6,2019,3076142
"Bridelia","Bridelia micrantha","Bridelia micrantha (Hochst.) Baill.",-25.17,31.267,585,28,3,2007,3076142
"Bridelia","Bridelia micrantha","Bridelia micrantha (Hochst.) Baill.",-7.899722,31.027222,1665,21,9,2005,3076142
"Bridelia","Bridelia micrantha","Bridelia micrantha (Hochst.) Baill.",-29.881161,30.881172,NA,2,3,2022,3076142
"Bridelia","Bridelia micrantha","Bridelia micrantha (Hochst.) Baill.",-29.771208,30.802046,NA,27,4,2020,3076142
"Bridelia","Bridelia micrantha","Bridelia micrantha (Hochst.) Baill.",-19.133147,32.809373,NA,11,3,2022,3076142
"Bridelia","Bridelia micrantha","Bridelia micrantha (Hochst.) Baill.",-28.895657,31.44761,NA,20,5,2006,3076142
"Bridelia","Bridelia micrantha","Bridelia micrantha (Hochst.) Baill.",-29.541315,31.201491,NA,17,4,2022,3076142
"Bridelia","Bridelia micrantha","Bridelia micrantha (Hochst.) Baill.",-28.848645,31.737594,NA,24,11,2021,3076142
"Bridelia","Bridelia micrantha","Bridelia micrantha (Hochst.) Baill.",-4.31666,38,1200,5,12,2000,3076142
"Bridelia","Bridelia micrantha","Bridelia micrantha (Hochst.) Baill.",-28.961121,31.756286,NA,2,5,2022,3076142
