"genus","species","scientificname","decimallatitude","decimallongitude","elevation","day","month","year","taxonkey"
"Cupania","Cupania vernalis","Cupania vernalis Cambess.",-22.266667,-50.133333,NA,1,7,1982,3784297
"Cupania","Cupania vernalis","Cupania vernalis Cambess.",-22.278611,-42.648611,NA,5,11,2021,3784297
"Cupania","Cupania vernalis","Cupania vernalis Cambess.",-9.305278,-64.606667,120,7,1,2009,3784297
"Cupania","Cupania vernalis","Cupania vernalis Cambess.",-15.742222,-48.149722,NA,9,5,2012,3784297
"Cupania","Cupania vernalis","Cupania vernalis Cambess.",-29.627778,-53.873889,NA,20,6,2015,3784297
"Cupania","Cupania vernalis","Cupania vernalis Cambess.",-15.951667,-47.882222,NA,14,8,1989,3784297
"Cupania","Cupania vernalis","Cupania vernalis Cambess.",-27.9,-49.23,NA,17,6,2009,3784297
"Cupania","Cupania vernalis","Cupania vernalis Cambess.",-23.30296,-44.55142,NA,7,5,2006,3784297
"Cupania","Cupania vernalis","Cupania vernalis Cambess.",-18.031667,-57.49,NA,29,1,2010,3784297
"Cupania","Cupania vernalis","Cupania vernalis Cambess.",-19.378611,-43.659722,816,2,9,2008,3784297
"Cupania","Cupania vernalis","Cupania vernalis Cambess.",-22.333056,-44.538055,NA,17,4,2018,3784297
"Cupania","Cupania vernalis","Cupania vernalis Cambess.",-20.52,-47.34,NA,3,3,2020,3784297
"Cupania","Cupania vernalis","Cupania vernalis Cambess.",-22.25,-44.566667,1100,15,9,1994,3784297
"Cupania","Cupania vernalis","Cupania vernalis Cambess.",-22.504167,-47.869444,NA,4,8,1994,3784297
"Cupania","Cupania vernalis","Cupania vernalis Cambess.",-22.988055,-43.653056,NA,5,7,2022,3784297
"Cupania","Cupania vernalis","Cupania vernalis Cambess.",-22.393055,-41.843055,NA,16,6,2023,3784297
"Cupania","Cupania vernalis","Cupania vernalis Cambess.",-18.2444,-63.6775,1423,13,6,2005,3784297
"Cupania","Cupania vernalis","Cupania vernalis Cambess.",-9.72382,-68.1402,157,10,12,2018,3784297
"Cupania","Cupania vernalis","Cupania vernalis Cambess.",-27.158056,-48.552778,NA,23,10,1986,3784297
"Cupania","Cupania vernalis","Cupania vernalis Cambess.",-27.158056,-48.552778,NA,16,5,1986,3784297
"Cupania","Cupania vernalis","Cupania vernalis Cambess.",-30.046583,-51.118389,NA,1,10,2000,3784297
"Cupania","Cupania vernalis","Cupania vernalis Cambess.",-30.276667,-51.015556,NA,21,11,2010,3784297
"Cupania","Cupania vernalis","Cupania vernalis Cambess.",-27.001944,-51.405833,NA,26,6,1988,3784297
"Cupania","Cupania vernalis","Cupania vernalis Cambess.",-27.634167,-51.803611,NA,16,11,1996,3784297
"Cupania","Cupania vernalis","Cupania vernalis Cambess.",-29.943333,-51.718056,NA,5,1,2002,3784297
"Cupania","Cupania vernalis","Cupania vernalis Cambess.",-29.943333,-51.718056,NA,9,1,2002,3784297
"Cupania","Cupania vernalis","Cupania vernalis Cambess.",-29.755,-57.088056,NA,8,4,1988,3784297
"Cupania","Cupania vernalis","Cupania vernalis Cambess.",-30.543889,-52.521667,NA,7,9,2004,3784297
"Cupania","Cupania vernalis","Cupania vernalis Cambess.",-29.480833,-50.174444,NA,21,10,2000,3784297
"Cupania","Cupania vernalis","Cupania vernalis Cambess.",-29.480833,-50.174444,NA,17,9,2000,3784297
"Cupania","Cupania vernalis","Cupania vernalis Cambess.",-27.001944,-51.405833,NA,24,6,1988,3784297
"Cupania","Cupania vernalis","Cupania vernalis Cambess.",-27.234444,-52.027778,NA,12,12,1988,3784297
"Cupania","Cupania vernalis","Cupania vernalis Cambess.",-27.234444,-52.027778,NA,22,5,1988,3784297
"Cupania","Cupania vernalis","Cupania vernalis Cambess.",-29.365833,-50.815556,NA,4,5,2002,3784297
"Cupania","Cupania vernalis","Cupania vernalis Cambess.",-29.480833,-50.174444,NA,21,3,1998,3784297
"Cupania","Cupania vernalis","Cupania vernalis Cambess.",-10.260277,-40.237777,878,30,7,2022,3784297
"Cupania","Cupania vernalis","Cupania vernalis Cambess.",-26.407534,-52.359859,NA,30,7,2017,3784297
"Cupania","Cupania vernalis","Cupania vernalis Cambess.",-19.343498,-45.453829,NA,NA,NA,NA,3784297
"Cupania","Cupania vernalis","Cupania vernalis Cambess.",-19.342726,-45.451609,NA,NA,NA,NA,3784297
"Cupania","Cupania vernalis","Cupania vernalis Cambess.",-9.12347,-62.9,112,27,10,1979,3784297
"Cupania","Cupania vernalis","Cupania vernalis Cambess.",-25.4833,-56.1833,158.5,26,8,1993,3784297
"Cupania","Cupania vernalis","Cupania vernalis Cambess.",-18.285833,-63.651667,1732,14,9,2007,3784297
"Cupania","Cupania vernalis","Cupania vernalis Cambess.",-22.28333,-64.38333,770,20,11,1998,3784297
"Cupania","Cupania vernalis","Cupania vernalis Cambess.",-25.41666,-57.16666,250,2,6,1988,3784297
"Cupania","Cupania vernalis","Cupania vernalis Cambess.",-22.26666,-64.5,1100,24,4,1983,3784297
"Cupania","Cupania vernalis","Cupania vernalis Cambess.",-26.09694,-55.48277,450,25,11,1997,3784297
"Cupania","Cupania vernalis","Cupania vernalis Cambess.",-22.606944,-45.638467,887,30,7,2006,3784297
"Cupania","Cupania vernalis","Cupania vernalis Cambess.",-19.1,-46.266667,1060,11,11,2014,3784297
"Cupania","Cupania vernalis","Cupania vernalis Cambess.",-15.166667,-56.85,NA,23,12,1995,3784297
"Cupania","Cupania vernalis","Cupania vernalis Cambess.",-13.845278,-46.981667,838,23,10,2018,3784297
"Cupania","Cupania vernalis","Cupania vernalis Cambess.",-19.1,-46.266667,1060,29,6,2016,3784297
"Cupania","Cupania vernalis","Cupania vernalis Cambess.",-15.3,-56.733333,NA,22,12,1995,3784297
"Cupania","Cupania vernalis","Cupania vernalis Cambess.",-15.5325,-55.72,NA,21,2,1997,3784297
"Cupania","Cupania vernalis","Cupania vernalis Cambess.",-16.587167,-56.2757,NA,8,1,2018,3784297
"Cupania","Cupania vernalis","Cupania vernalis Cambess.",-10,-67.833333,NA,26,10,1980,3784297
"Cupania","Cupania vernalis","Cupania vernalis Cambess.",-15.989444,-47.892778,NA,31,5,1989,3784297
"Cupania","Cupania vernalis","Cupania vernalis Cambess.",-18.9325,-47.140556,NA,1,3,1989,3784297
"Cupania","Cupania vernalis","Cupania vernalis Cambess.",-15.968333,-47.895278,NA,8,8,1989,3784297
"Cupania","Cupania vernalis","Cupania vernalis Cambess.",-15.9925,-47.894722,NA,12,7,1989,3784297
"Cupania","Cupania vernalis","Cupania vernalis Cambess.",-15.973611,-47.910278,NA,19,7,1989,3784297
"Cupania","Cupania vernalis","Cupania vernalis Cambess.",-15.650278,-57.213333,NA,23,2,2007,3784297
"Cupania","Cupania vernalis","Cupania vernalis Cambess.",-15.516667,-48.1,NA,10,8,1995,3784297
"Cupania","Cupania vernalis","Cupania vernalis Cambess.",-10.396944,-50.424444,190,21,3,1999,3784297
"Cupania","Cupania vernalis","Cupania vernalis Cambess.",-14.138889,-47.768889,NA,12,9,1996,3784297
"Cupania","Cupania vernalis","Cupania vernalis Cambess.",-27.076279,-65.66185,NA,1,11,1973,3784297
"Cupania","Cupania vernalis","Cupania vernalis Cambess.",-27.18,-49.86,NA,5,9,2016,3784297
"Cupania","Cupania vernalis","Cupania vernalis Cambess.",-22.992778,-43.650833,NA,13,5,2022,3784297
"Cupania","Cupania vernalis","Cupania vernalis Cambess.",-22.289167,-42.868889,898,25,8,2005,3784297
"Cupania","Cupania vernalis","Cupania vernalis Cambess.",-21.216667,-47.833333,581,30,4,2008,3784297
"Cupania","Cupania vernalis","Cupania vernalis Cambess.",-26.233611,-49.051389,NA,15,7,2017,3784297
"Cupania","Cupania vernalis","Cupania vernalis Cambess.",-22.576111,-43.464444,704,13,11,2001,3784297
"Cupania","Cupania vernalis","Cupania vernalis Cambess.",-22.298055,-42.890833,900,18,6,2004,3784297
"Cupania","Cupania vernalis","Cupania vernalis Cambess.",-19.1,-46.266667,NA,29,6,2016,3784297
"Cupania","Cupania vernalis","Cupania vernalis Cambess.",-19.4075,-43.665833,NA,24,9,2007,3784297
"Cupania","Cupania vernalis","Cupania vernalis Cambess.",-19.310556,-43.6125,958,31,5,2010,3784297
"Cupania","Cupania vernalis","Cupania vernalis Cambess.",-26.345685,-48.876208,NA,22,11,2021,3784297
"Cupania","Cupania vernalis","Cupania vernalis Cambess.",-32.7657,-53.309942,NA,9,1,2024,3784297
"Cupania","Cupania vernalis","Cupania vernalis Cambess.",-20.630141,-41.604648,438,10,6,2008,3784297
"Cupania","Cupania vernalis","Cupania vernalis Cambess.",-25.930833,-52.075833,900,13,3,1967,3784297
"Cupania","Cupania vernalis","Cupania vernalis Cambess.",-16.956944,-51.810278,800,27,6,1966,3784297
"Cupania","Cupania vernalis","Cupania vernalis Cambess.",-17.998889,-43.681111,975,23,3,1970,3784297
"Cupania","Cupania vernalis","Cupania vernalis Cambess.",-10.793611,-49.623333,NA,14,6,1979,3784297
"Cupania","Cupania vernalis","Cupania vernalis Cambess.",-23.654444,-46.621944,NA,13,10,1931,3784297
"Cupania","Cupania vernalis","Cupania vernalis Cambess.",-27.903889,-49.128333,400,2,4,1953,3784297
"Cupania","Cupania vernalis","Cupania vernalis Cambess.",-15.779722,-47.929444,NA,20,4,1979,3784297
"Cupania","Cupania vernalis","Cupania vernalis Cambess.",-18.579167,-46.518056,NA,12,9,1963,3784297
"Cupania","Cupania vernalis","Cupania vernalis Cambess.",-23.654444,-46.621944,NA,19,5,1977,3784297
"Cupania","Cupania vernalis","Cupania vernalis Cambess.",-24.251111,-49.705556,NA,10,5,1914,3784297
"Cupania","Cupania vernalis","Cupania vernalis Cambess.",-15.616667,-47.666667,1025,21,7,1966,3784297
"Cupania","Cupania vernalis","Cupania vernalis Cambess.",-25.834722,-49.0775,NA,20,2,2011,3784297
"Cupania","Cupania vernalis","Cupania vernalis Cambess.",-27.816111,-50.325833,950,12,2,1957,3784297
"Cupania","Cupania vernalis","Cupania vernalis Cambess.",-24.23,-49.68,NA,17,8,1996,3784297
"Cupania","Cupania vernalis","Cupania vernalis Cambess.",-17.127778,-51.816667,840,29,4,1973,3784297
"Cupania","Cupania vernalis","Cupania vernalis Cambess.",-15.783333,-47.683333,950,13,5,1966,3784297
"Cupania","Cupania vernalis","Cupania vernalis Cambess.",-32.813508,-53.397186,NA,3,3,2024,3784297
"Cupania","Cupania vernalis","Cupania vernalis Cambess.",-25.41666,-57.16666,NA,23,9,1987,3784297
"Cupania","Cupania vernalis","Cupania vernalis Cambess.",-26,-56.83333,150,1,10,1985,3784297
"Cupania","Cupania vernalis","Cupania vernalis Cambess.",-25.8998,-56.1515,NA,12,11,1988,3784297
"Cupania","Cupania vernalis","Cupania vernalis Cambess.",-14.83333,-66.5,25,2,9,1991,3784297
"Cupania","Cupania vernalis","Cupania vernalis Cambess.",-19.92972,-64.22027,1679,26,12,2007,3784297
"Cupania","Cupania vernalis","Cupania vernalis Cambess.",-25.5,-57.25,NA,15,5,1984,3784297
"Cupania","Cupania vernalis","Cupania vernalis Cambess.",-15.426944,-47.645278,1000,22,7,1966,3784297
"Cupania","Cupania vernalis","Cupania vernalis Cambess.",-20.88333,-64.25,1475,30,4,2005,3784297
"Cupania","Cupania vernalis","Cupania vernalis Cambess.",-25.4481,-49.2404,920,24,4,2014,3784297
"Cupania","Cupania vernalis","Cupania vernalis Cambess.",-25.3276,-49.5084,NA,17,5,2014,3784297
"Cupania","Cupania vernalis","Cupania vernalis Cambess.",-26.2336,-49.0513,890,15,7,2017,3784297
"Cupania","Cupania vernalis","Cupania vernalis Cambess.",-26.17237,-50.3524,762,1,6,2006,3784297
"Cupania","Cupania vernalis","Cupania vernalis Cambess.",-27.9073,-50.7396,NA,1,1,1996,3784297
"Cupania","Cupania vernalis","Cupania vernalis Cambess.",-25.3755,-49.0992,919,23,8,2005,3784297
"Cupania","Cupania vernalis","Cupania vernalis Cambess.",-27.9073,-50.7396,NA,14,11,1986,3784297
"Cupania","Cupania vernalis","Cupania vernalis Cambess.",-25.6423,-54.4406,200,1,7,1980,3784297
"Cupania","Cupania vernalis","Cupania vernalis Cambess.",-25.3619,-49.2619,NA,13,3,1980,3784297
"Cupania","Cupania vernalis","Cupania vernalis Cambess.",-25.3725,-49.034,940,22,11,2020,3784297
"Cupania","Cupania vernalis","Cupania vernalis Cambess.",-25.4893,-54.0415,231,1,8,2004,3784297
"Cupania","Cupania vernalis","Cupania vernalis Cambess.",-25.556617,-49.234778,NA,11,3,2021,3784297
"Cupania","Cupania vernalis","Cupania vernalis Cambess.",-25.723,-52.0194,700,12,3,1996,3784297
"Cupania","Cupania vernalis","Cupania vernalis Cambess.",-24.1714,-49.6599,NA,25,7,1996,3784297
"Cupania","Cupania vernalis","Cupania vernalis Cambess.",-23.548,-46.721742,733.31,2,11,2021,3784297
"Cupania","Cupania vernalis","Cupania vernalis Cambess.",-29.32843,-51.021012,582.9,15,6,2022,3784297
"Cupania","Cupania vernalis","Cupania vernalis Cambess.",-23.596568,-46.632849,797.33,23,11,2021,3784297
"Cupania","Cupania vernalis","Cupania vernalis Cambess.",-24.760556,-52.125833,824,28,9,2017,3784297
"Cupania","Cupania vernalis","Cupania vernalis Cambess.",-24.072778,-49.624722,560,27,6,2017,3784297
"Cupania","Cupania vernalis","Cupania vernalis Cambess.",-23.129444,-49.949556,468,2,6,2022,3784297
"Cupania","Cupania vernalis","Cupania vernalis Cambess.",-25.944944,-51.833028,890,23,9,2020,3784297
"Cupania","Cupania vernalis","Cupania vernalis Cambess.",-24.370167,-51.951056,606,26,5,2022,3784297
"Cupania","Cupania vernalis","Cupania vernalis Cambess.",-24.098556,-52.306111,510,10,7,2008,3784297
"Cupania","Cupania vernalis","Cupania vernalis Cambess.",-21.16625,-45.638467,887,30,7,2006,3784297
"Cupania","Cupania vernalis","Cupania vernalis Cambess.",-23.774111,-49.93975,514,20,10,2022,3784297
"Cupania","Cupania vernalis","Cupania vernalis Cambess.",-26.233611,-49.051389,890,15,7,2017,3784297
"Cupania","Cupania vernalis","Cupania vernalis Cambess.",-24.771722,-52.135528,641,28,8,2015,3784297
"Cupania","Cupania vernalis","Cupania vernalis Cambess.",-29.026389,-51.297778,644,18,10,2022,3784297
"Cupania","Cupania vernalis","Cupania vernalis Cambess.",-25.595389,-54.389444,186,5,6,2015,3784297
"Cupania","Cupania vernalis","Cupania vernalis Cambess.",-26.909722,-49.863056,587,1,6,2010,3784297
"Cupania","Cupania vernalis","Cupania vernalis Cambess.",-26.091972,-51.757528,1027,18,2,2022,3784297
"Cupania","Cupania vernalis","Cupania vernalis Cambess.",-24.609889,-53.016639,390,2,5,2009,3784297
"Cupania","Cupania vernalis","Cupania vernalis Cambess.",-25.055139,-51.561194,1027,16,4,2009,3784297
"Cupania","Cupania vernalis","Cupania vernalis Cambess.",-25.307778,-49.033333,893,10,8,2019,3784297
"Cupania","Cupania vernalis","Cupania vernalis Cambess.",-24.850528,-51.892472,1040,11,8,2022,3784297
"Cupania","Cupania vernalis","Cupania vernalis Cambess.",-24.852472,-51.892694,1035,11,8,2022,3784297
"Cupania","Cupania vernalis","Cupania vernalis Cambess.",-24.228333,-51.657778,NA,7,11,2014,3784297
"Cupania","Cupania vernalis","Cupania vernalis Cambess.",-24.375111,-51.961028,562,17,8,2021,3784297
"Cupania","Cupania vernalis","Cupania vernalis Cambess.",-18.846667,-63.858889,1900,7,4,2011,3784297
"Cupania","Cupania vernalis","Cupania vernalis Cambess.",-16.216667,-66.4,1385,29,8,2003,3784297
"Cupania","Cupania vernalis","Cupania vernalis Cambess.",-19.75333,-63.87666,1239,20,10,2005,3784297
"Cupania","Cupania vernalis","Cupania vernalis Cambess.",-19.526028,-63.914472,967,5,6,2009,3784297
"Cupania","Cupania vernalis","Cupania vernalis Cambess.",-19.730278,-63.915556,1276,11,10,2008,3784297
"Cupania","Cupania vernalis","Cupania vernalis Cambess.",-26.08333,-56.85,NA,15,6,1985,3784297
"Cupania","Cupania vernalis","Cupania vernalis Cambess.",-19.891611,-43.915972,815,19,4,2007,3784297
"Cupania","Cupania vernalis","Cupania vernalis Cambess.",-19.144444,-48.146111,0,NA,9,2008,3784297
"Cupania","Cupania vernalis","Cupania vernalis Cambess.",-20.142778,-45.711111,650,31,7,2018,3784297
"Cupania","Cupania vernalis","Cupania vernalis Cambess.",-20.013889,-43.670833,1483,24,1,2018,3784297
"Cupania","Cupania vernalis","Cupania vernalis Cambess.",-19.945278,-43.911389,1015,26,5,2014,3784297
"Cupania","Cupania vernalis","Cupania vernalis Cambess.",-20.001111,-43.497222,899,11,9,2011,3784297
"Cupania","Cupania vernalis","Cupania vernalis Cambess.",-19.827222,-44.046389,847,29,3,2009,3784297
"Cupania","Cupania vernalis","Cupania vernalis Cambess.",-19.431861,-43.432861,0,13,3,2008,3784297
"Cupania","Cupania vernalis","Cupania vernalis Cambess.",-27.450833,-50.761667,846,27,2,2008,3784297
"Cupania","Cupania vernalis","Cupania vernalis Cambess.",-20.142778,-45.711111,650,20,4,2019,3784297
"Cupania","Cupania vernalis","Cupania vernalis Cambess.",-14.746389,-49.609722,798,16,2,2021,3784297
"Cupania","Cupania vernalis","Cupania vernalis Cambess.",-15.33,-52.23,500,14,6,1966,3784297
"Cupania","Cupania vernalis","Cupania vernalis Cambess.",-15.7834208,-47.9298727,NA,20,4,1979,3784297
"Cupania","Cupania vernalis","Cupania vernalis Cambess.",-29.700556,-53.782778,NA,11,1,2022,3784297
"Cupania","Cupania vernalis","Cupania vernalis Cambess.",-15.726389,-47.944167,NA,14,10,2018,3784297
"Cupania","Cupania vernalis","Cupania vernalis Cambess.",-7.003611,-47.570278,140,19,4,2008,3784297
"Cupania","Cupania vernalis","Cupania vernalis Cambess.",-17.0925,-51.743333,NA,21,5,2010,3784297
"Cupania","Cupania vernalis","Cupania vernalis Cambess.",-15.742222,-48.149722,NA,3,10,2013,3784297
"Cupania","Cupania vernalis","Cupania vernalis Cambess.",-15.7425,-48.149722,NA,9,9,2013,3784297
"Cupania","Cupania vernalis","Cupania vernalis Cambess.",-1.771111,-48.494722,500,25,4,1997,3784297
"Cupania","Cupania vernalis","Cupania vernalis Cambess.",-22.447222,-44.610833,869,20,11,2010,3784297
"Cupania","Cupania vernalis","Cupania vernalis Cambess.",-18.36,-53.46,NA,13,9,2018,3784297
"Cupania","Cupania vernalis","Cupania vernalis Cambess.",-17.459722,-48.06,NA,30,7,2018,3784297
"Cupania","Cupania vernalis","Cupania vernalis Cambess.",-1.591944,-48.033333,1080,6,8,1997,3784297
"Cupania","Cupania vernalis","Cupania vernalis Cambess.",-15.736944,-47.975,NA,8,8,2008,3784297
"Cupania","Cupania vernalis","Cupania vernalis Cambess.",-15.742222,-48.149722,NA,7,8,2013,3784297
"Cupania","Cupania vernalis","Cupania vernalis Cambess.",-15.742222,-48.149722,NA,3,4,2013,3784297
"Cupania","Cupania vernalis","Cupania vernalis Cambess.",-6.230556,-48.428611,140,22,4,2004,3784297
"Cupania","Cupania vernalis","Cupania vernalis Cambess.",-15.301944,-42.431389,915,20,6,2017,3784297
"Cupania","Cupania vernalis","Cupania vernalis Cambess.",-22.86,-49.32,NA,8,9,2020,3784297
"Cupania","Cupania vernalis","Cupania vernalis Cambess.",-28.203056,-50.759444,650,5,5,2005,3784297
"Cupania","Cupania vernalis","Cupania vernalis Cambess.",-27.996389,-50.923889,540,21,7,2005,3784297
"Cupania","Cupania vernalis","Cupania vernalis Cambess.",-6.590278,-47.455833,150,8,3,2007,3784297
"Cupania","Cupania vernalis","Cupania vernalis Cambess.",-27.873611,-51.063333,729,29,11,2005,3784297
"Cupania","Cupania vernalis","Cupania vernalis Cambess.",-6.586389,-47.444722,180,21,2,2005,3784297
"Cupania","Cupania vernalis","Cupania vernalis Cambess.",-6.846111,-47.531667,140,23,2,2005,3784297
"Cupania","Cupania vernalis","Cupania vernalis Cambess.",-19.08,-43.92,NA,9,3,2020,3784297
"Cupania","Cupania vernalis","Cupania vernalis Cambess.",-26.3044,-48.8456,NA,1,7,1999,3784297
"Cupania","Cupania vernalis","Cupania vernalis Cambess.",-22.9056,-47.0608,NA,13,8,1995,3784297
"Cupania","Cupania vernalis","Cupania vernalis Cambess.",-22.694886,-46.668492,NA,16,6,1994,3784297
"Cupania","Cupania vernalis","Cupania vernalis Cambess.",-23.111861,-46.927972,NA,5,4,1995,3784297
"Cupania","Cupania vernalis","Cupania vernalis Cambess.",-23.1019,-47.7147,NA,19,7,1994,3784297
"Cupania","Cupania vernalis","Cupania vernalis Cambess.",-23.3503,-47.6886,NA,27,2,2009,3784297
"Cupania","Cupania vernalis","Cupania vernalis Cambess.",-23.714883,-47.092482,NA,13,7,2000,3784297
"Cupania","Cupania vernalis","Cupania vernalis Cambess.",-22.7553,-46.1447,NA,17,7,2001,3784297
"Cupania","Cupania vernalis","Cupania vernalis Cambess.",-22.4764,-46.6328,NA,16,8,1968,3784297
"Cupania","Cupania vernalis","Cupania vernalis Cambess.",-23.5475,-46.6361,NA,13,10,1931,3784297
"Cupania","Cupania vernalis","Cupania vernalis Cambess.",-28.5167,-56.0501,NA,2,12,1970,3784297
"Cupania","Cupania vernalis","Cupania vernalis Cambess.",-22.80072,-47.042242,NA,15,6,2004,3784297
"Cupania","Cupania vernalis","Cupania vernalis Cambess.",-21.2501,-63.5001,NA,23,5,1971,3784297
"Cupania","Cupania vernalis","Cupania vernalis Cambess.",-22.801017,-47.042331,NA,16,10,2003,3784297
"Cupania","Cupania vernalis","Cupania vernalis Cambess.",-27.8333,-55.1,NA,26,5,1946,3784297
"Cupania","Cupania vernalis","Cupania vernalis Cambess.",-24.266667,-49.15,NA,10,12,1997,3784297
"Cupania","Cupania vernalis","Cupania vernalis Cambess.",-23.111861,-46.927972,NA,22,5,1998,3784297
"Cupania","Cupania vernalis","Cupania vernalis Cambess.",-23.423889,-48.35056,NA,9,9,1986,3784297
"Cupania","Cupania vernalis","Cupania vernalis Cambess.",-23.423889,-48.35056,NA,NA,NA,NA,3784297
"Cupania","Cupania vernalis","Cupania vernalis Cambess.",-23.7975,-48.5928,NA,5,4,1988,3784297
"Cupania","Cupania vernalis","Cupania vernalis Cambess.",-20.708056,-49.316389,NA,1,10,2009,3784297
"Cupania","Cupania vernalis","Cupania vernalis Cambess.",-23.4897,-48.4128,NA,10,12,1986,3784297
"Cupania","Cupania vernalis","Cupania vernalis Cambess.",-22.295556,-46.706111,NA,2,11,2009,3784297
"Cupania","Cupania vernalis","Cupania vernalis Cambess.",-21.1858,-48.9072,NA,11,10,1938,3784297
"Cupania","Cupania vernalis","Cupania vernalis Cambess.",-23.4339,-45.0711,NA,20,6,1972,3784297
"Cupania","Cupania vernalis","Cupania vernalis Cambess.",-22.862972,-47.067556,NA,28,4,2006,3784297
"Cupania","Cupania vernalis","Cupania vernalis Cambess.",-23.749258,-46.965308,NA,20,6,2001,3784297
"Cupania","Cupania vernalis","Cupania vernalis Cambess.",-23.080138,-46.89892,NA,11,6,2014,3784297
"Cupania","Cupania vernalis","Cupania vernalis Cambess.",-11.2222,-50.6692,NA,12,8,1997,3784297
"Cupania","Cupania vernalis","Cupania vernalis Cambess.",-22.7553,-46.1447,NA,14,10,1999,3784297
"Cupania","Cupania vernalis","Cupania vernalis Cambess.",-26.809732,-65.283515,NA,24,8,2021,3784297
"Cupania","Cupania vernalis","Cupania vernalis Cambess.",-29.131861,-51.453012,640.41,2,11,2020,3784297
"Cupania","Cupania vernalis","Cupania vernalis Cambess.",-15.510833,-48.16,405,19,8,1997,3784297
"Cupania","Cupania vernalis","Cupania vernalis Cambess.",-5.428611,-56.9,38.5,25,4,2013,3784297
"Cupania","Cupania vernalis","Cupania vernalis Cambess.",-16.640278,-48.02,382,25,9,2007,3784297
"Cupania","Cupania vernalis","Cupania vernalis Cambess.",-3.833333,-58.5,0,9,7,1983,3784297
"Cupania","Cupania vernalis","Cupania vernalis Cambess.",-15.416667,-46.98,0,24,5,1980,3784297
"Cupania","Cupania vernalis","Cupania vernalis Cambess.",-3.416667,-57.92,0,25,7,1983,3784297
"Cupania","Cupania vernalis","Cupania vernalis Cambess.",-29.167778,-51.077778,817,4,9,2021,3784297
"Cupania","Cupania vernalis","Cupania vernalis Cambess.",-29.226308,-51.339822,745,15,9,2023,3784297
"Cupania","Cupania vernalis","Cupania vernalis Cambess.",-29.83225,-50.134111,12,13,9,2015,3784297
"Cupania","Cupania vernalis","Cupania vernalis Cambess.",-28.549444,-49.603889,314,15,6,2009,3784297
"Cupania","Cupania vernalis","Cupania vernalis Cambess.",-27.458333,-49.862222,544,29,4,2010,3784297
"Cupania","Cupania vernalis","Cupania vernalis Cambess.",-29.108208,-51.363361,385,2,11,2021,3784297
"Cupania","Cupania vernalis","Cupania vernalis Cambess.",-27.721111,-49.229167,803,17,6,2010,3784297
"Cupania","Cupania vernalis","Cupania vernalis Cambess.",-27.367778,-48.759722,252,6,7,2010,3784297
"Cupania","Cupania vernalis","Cupania vernalis Cambess.",-26.612519,-53.736147,NA,23,3,2011,3784297
"Cupania","Cupania vernalis","Cupania vernalis Cambess.",-29.169722,-59.456944,500,15,4,2023,3784297
"Cupania","Cupania vernalis","Cupania vernalis Cambess.",-29.3125,-51.260833,156,20,6,2020,3784297
"Cupania","Cupania vernalis","Cupania vernalis Cambess.",-28.844444,-51.726944,554,10,5,2020,3784297
"Cupania","Cupania vernalis","Cupania vernalis Cambess.",-26.926036,-54.864482,NA,1,8,1987,3784297
"Cupania","Cupania vernalis","Cupania vernalis Cambess.",-29.64,-53.25,NA,13,1,1893,3784297
"Cupania","Cupania vernalis","Cupania vernalis Cambess.",-16.566389,-49.156944,NA,13,4,2005,3784297
"Cupania","Cupania vernalis","Cupania vernalis Cambess.",-26.096944,-55.482778,450,25,11,1997,3784297
"Cupania","Cupania vernalis","Cupania vernalis Cambess.",-23.540278,-46.31,NA,7,9,1991,3784297
"Cupania","Cupania vernalis","Cupania vernalis Cambess.",-15.779722,-47.929444,NA,23,5,1979,3784297
"Cupania","Cupania vernalis","Cupania vernalis Cambess.",-17.35,-51.77,900,29,6,1966,3784297
"Cupania","Cupania vernalis","Cupania vernalis Cambess.",-15.85,-52.25,NA,14,1,1968,3784297
"Cupania","Cupania vernalis","Cupania vernalis Cambess.",-27.615556,-48.627222,900,11,8,1960,3784297
"Cupania","Cupania vernalis","Cupania vernalis Cambess.",-15.191667,-39.495278,NA,27,5,1966,3784297
"Cupania","Cupania vernalis","Cupania vernalis Cambess.",-15.47,-52.18,500,18,6,1966,3784297
"Cupania","Cupania vernalis","Cupania vernalis Cambess.",-20.754167,-42.881667,700,17,9,1930,3784297
"Cupania","Cupania vernalis","Cupania vernalis Cambess.",-23.540278,-46.63,NA,22,2,1918,3784297
"Cupania","Cupania vernalis","Cupania vernalis Cambess.",-26.908056,-48.661667,150,6,5,1955,3784297
"Cupania","Cupania vernalis","Cupania vernalis Cambess.",-23.744722,-51.307778,NA,3,8,1999,3784297
"Cupania","Cupania vernalis","Cupania vernalis Cambess.",-15.779722,-47.929444,NA,23,1,1980,3784297
"Cupania","Cupania vernalis","Cupania vernalis Cambess.",-15.616667,-47.666667,NA,22,7,1966,3784297
"Cupania","Cupania vernalis","Cupania vernalis Cambess.",-15.779722,-47.929444,NA,30,4,1963,3784297
"Cupania","Cupania vernalis","Cupania vernalis Cambess.",-19.535833,-49.486389,NA,12,5,1989,3784297
"Cupania","Cupania vernalis","Cupania vernalis Cambess.",-22.25,-47.819722,NA,6,4,1977,3784297
"Cupania","Cupania vernalis","Cupania vernalis Cambess.",-27.391944,-49.355556,750,1,5,1958,3784297
"Cupania","Cupania vernalis","Cupania vernalis Cambess.",-19.169167,-43.714167,NA,26,5,1980,3784297
"Cupania","Cupania vernalis","Cupania vernalis Cambess.",-25.928333,-49.198889,NA,2,9,1986,3784297
"Cupania","Cupania vernalis","Cupania vernalis Cambess.",-18.293611,-43.009167,NA,30,7,1990,3784297
"Cupania","Cupania vernalis","Cupania vernalis Cambess.",-18.969167,-49.465,NA,30,5,1946,3784297
"Cupania","Cupania vernalis","Cupania vernalis Cambess.",-15.633333,-47.816667,1000,NA,NA,NA,3784297
"Cupania","Cupania vernalis","Cupania vernalis Cambess.",-27.214444,-49.643056,350,18,10,1989,3784297
"Cupania","Cupania vernalis","Cupania vernalis Cambess.",-27.08,-48.62,NA,13,10,1993,3784297
"Cupania","Cupania vernalis","Cupania vernalis Cambess.",-17.056667,-51.816667,840,2,5,1973,3784297
"Cupania","Cupania vernalis","Cupania vernalis Cambess.",-22.496111,-44.563056,830,3,2,1967,3784297
"Cupania","Cupania vernalis","Cupania vernalis Cambess.",-15.655556,-47.784722,900,7,5,1966,3784297
"Cupania","Cupania vernalis","Cupania vernalis Cambess.",-26.971695,-48.631728,NA,3,1,2024,3784297
"Cupania","Cupania vernalis","Cupania vernalis Cambess.",-21.0162,-56.5231,412,28,8,2017,3784297
"Cupania","Cupania vernalis","Cupania vernalis Cambess.",-21.1089,-56.7288,590,1,9,2017,3784297
"Cupania","Cupania vernalis","Cupania vernalis Cambess.",-26.9120048,-48.6622617,150,6,5,1955,3784297
"Cupania","Cupania vernalis","Cupania vernalis Cambess.",-25.930947,-52.075896,900,13,3,1967,3784297
"Cupania","Cupania vernalis","Cupania vernalis Cambess.",-27.619514,-48.6277628,900,11,8,1960,3784297
"Cupania","Cupania vernalis","Cupania vernalis Cambess.",-15.6555,-47.784722,900,7,5,1966,3784297
"Cupania","Cupania vernalis","Cupania vernalis Cambess.",-24.852472,-51.892694,NA,11,8,2022,3784297
"Cupania","Cupania vernalis","Cupania vernalis Cambess.",-22.283333,-50.566667,NA,25,10,1994,3784297
"Cupania","Cupania vernalis","Cupania vernalis Cambess.",-23.583333,-46.466667,NA,25,7,1995,3784297
"Cupania","Cupania vernalis","Cupania vernalis Cambess.",-23.157278,-48.557278,800,27,4,1996,3784297
"Cupania","Cupania vernalis","Cupania vernalis Cambess.",-23.583333,-46.466667,NA,23,5,1995,3784297
"Cupania","Cupania vernalis","Cupania vernalis Cambess.",-23.641811,-46.613925,833,29,10,2013,3784297
"Cupania","Cupania vernalis","Cupania vernalis Cambess.",-23.844389,-49.137333,NA,15,6,1995,3784297
"Cupania","Cupania vernalis","Cupania vernalis Cambess.",-21.213889,-48.8925,NA,15,4,1994,3784297
"Cupania","Cupania vernalis","Cupania vernalis Cambess.",-24.076389,-49.068333,NA,15,11,1994,3784297
"Cupania","Cupania vernalis","Cupania vernalis Cambess.",-18.273333,-63.674722,1350,15,6,2006,3784297
"Cupania","Cupania vernalis","Cupania vernalis Cambess.",-27.383995,-56.833051,96.64,17,11,2022,3784297
"Cupania","Cupania vernalis","Cupania vernalis Cambess.",-22.366667,-64.483333,600,21,4,1983,3784297
"Cupania","Cupania vernalis","Cupania vernalis Cambess.",-25.41666,-57.16666,NA,26,1,1989,3784297
"Cupania","Cupania vernalis","Cupania vernalis Cambess.",-21.07083,-64.25555,1489,20,10,2005,3784297
"Cupania","Cupania vernalis","Cupania vernalis Cambess.",-25.91666,-56.25,NA,11,12,1988,3784297
"Cupania","Cupania vernalis","Cupania vernalis Cambess.",-29.3142,-50.7347,750,12,5,2002,3784297
"Cupania","Cupania vernalis","Cupania vernalis Cambess.",-29.1833,-54.8689,NA,2,11,1998,3784297
"Cupania","Cupania vernalis","Cupania vernalis Cambess.",-27.371543,-55.90242,NA,4,11,2023,3784297
"Cupania","Cupania vernalis","Cupania vernalis Cambess.",-31.436389,-52.383889,161,20,4,2009,3784297
"Cupania","Cupania vernalis","Cupania vernalis Cambess.",-31.713889,-52.179167,5,23,5,2008,3784297
"Cupania","Cupania vernalis","Cupania vernalis Cambess.",-31.765,-52.3375,10,29,4,2009,3784297
"Cupania","Cupania vernalis","Cupania vernalis Cambess.",-29.37582,-50.850974,602.97,2,11,2021,3784297
"Cupania","Cupania vernalis","Cupania vernalis Cambess.",-25.86666,-57.13333,NA,20,1,1992,3784297
"Cupania","Cupania vernalis","Cupania vernalis Cambess.",-20.73333,-64.5,1750,8,2,2004,3784297
"Cupania","Cupania vernalis","Cupania vernalis Cambess.",-25.48333,-56.18333,NA,26,8,1993,3784297
"Cupania","Cupania vernalis","Cupania vernalis Cambess.",-25.416667,-57.166667,250,2,6,1988,3784297
"Cupania","Cupania vernalis","Cupania vernalis Cambess.",-25.9,-57.15,500,30,6,1988,3784297
"Cupania","Cupania vernalis","Cupania vernalis Cambess.",-15.416667,-46.983333,NA,24,5,1980,3784297
"Cupania","Cupania vernalis","Cupania vernalis Cambess.",-26.250556,-49.378611,NA,20,12,2008,3784297
"Cupania","Cupania vernalis","Cupania vernalis Cambess.",-23.129444,-49.949444,468,2,6,2022,3784297
"Cupania","Cupania vernalis","Cupania vernalis Cambess.",-24.37,-51.951111,606,26,5,2022,3784297
"Cupania","Cupania vernalis","Cupania vernalis Cambess.",-23.3673803,-45.0839869,NA,NA,NA,NA,3784297
"Cupania","Cupania vernalis","Cupania vernalis Cambess.",-22.60697,-49.0463103,NA,NA,NA,1999,3784297
"Cupania","Cupania vernalis","Cupania vernalis Cambess.",-22.6218702,-48.992512,NA,NA,NA,1999,3784297
"Cupania","Cupania vernalis","Cupania vernalis Cambess.",-22.9154764,-46.8642978,NA,NA,NA,2001,3784297
"Cupania","Cupania vernalis","Cupania vernalis Cambess.",-23.675678,-46.7327992,NA,NA,NA,1987,3784297
"Cupania","Cupania vernalis","Cupania vernalis Cambess.",-21.3234679,-47.9603016,NA,NA,NA,2001,3784297
"Cupania","Cupania vernalis","Cupania vernalis Cambess.",-23.7504774,-47.0557046,NA,NA,NA,NA,3784297
"Cupania","Cupania vernalis","Cupania vernalis Cambess.",-22.8571743,-47.6273037,NA,NA,NA,NA,3784297
"Cupania","Cupania vernalis","Cupania vernalis Cambess.",-23.5838139,-45.5170585,NA,NA,NA,2011,3784297
"Cupania","Cupania vernalis","Cupania vernalis Cambess.",-21.0946675,-47.8087,NA,NA,NA,NA,3784297
"Cupania","Cupania vernalis","Cupania vernalis Cambess.",-22.2587737,-47.1670979,NA,NA,NA,1999,3784297
"Cupania","Cupania vernalis","Cupania vernalis Cambess.",-22.7949749,-46.9375979,NA,NA,NA,2001,3784297
"Cupania","Cupania vernalis","Cupania vernalis Cambess.",-22.4174668,-49.6952169,NA,NA,NA,NA,3784297
"Cupania","Cupania vernalis","Cupania vernalis Cambess.",-21.1507666,-47.8510014,NA,NA,NA,2002,3784297
"Cupania","Cupania vernalis","Cupania vernalis Cambess.",-21.1235679,-47.6726972,NA,NA,NA,2002,3784297
"Cupania","Cupania vernalis","Cupania vernalis Cambess.",-21.3171681,-47.8736,NA,NA,NA,2002,3784297
"Cupania","Cupania vernalis","Cupania vernalis Cambess.",-23.7352774,-47.0585046,NA,NA,NA,NA,3784297
"Cupania","Cupania vernalis","Cupania vernalis Cambess.",-23.7153766,-46.9458017,NA,NA,NA,NA,3784297
"Cupania","Cupania vernalis","Cupania vernalis Cambess.",-13.1488258,-55.4633258,NA,NA,NA,NA,3784297
"Cupania","Cupania vernalis","Cupania vernalis Cambess.",-23.4798751,-48.0407064,NA,NA,NA,NA,3784297
"Cupania","Cupania vernalis","Cupania vernalis Cambess.",-20.6515665,-47.6534968,NA,NA,NA,2004,3784297
"Cupania","Cupania vernalis","Cupania vernalis Cambess.",-21.4051634,-49.5007128,NA,NA,NA,2008,3784297
"Cupania","Cupania vernalis","Cupania vernalis Cambess.",-23.3450846,-48.4631767,NA,NA,NA,NA,3784297
"Cupania","Cupania vernalis","Cupania vernalis Cambess.",-22.5759673,-50.0587187,NA,NA,NA,1999,3784297
"Cupania","Cupania vernalis","Cupania vernalis Cambess.",-22.7144687,-49.6812177,NA,NA,NA,1999,3784297
"Cupania","Cupania vernalis","Cupania vernalis Cambess.",-22.1248663,-49.1628106,NA,NA,NA,2000,3784297
"Cupania","Cupania vernalis","Cupania vernalis Cambess.",-21.9977661,-49.118411,NA,NA,NA,2000,3784297
"Cupania","Cupania vernalis","Cupania vernalis Cambess.",-22.6455674,-49.7022176,NA,NA,NA,1999,3784297
"Cupania","Cupania vernalis","Cupania vernalis Cambess.",-21.5437624,-50.8425186,NA,NA,NA,2000,3784297
"Cupania","Cupania vernalis","Cupania vernalis Cambess.",-22.4171717,-47.7504033,NA,NA,NA,2000,3784297
"Cupania","Cupania vernalis","Cupania vernalis Cambess.",-23.5739784,-46.464696,NA,NA,NA,1992,3784297
"Cupania","Cupania vernalis","Cupania vernalis Cambess.",-21.3341679,-47.9439015,NA,NA,NA,2001,3784297
"Cupania","Cupania vernalis","Cupania vernalis Cambess.",-21.1219677,-47.7647008,NA,NA,NA,2002,3784297
"Cupania","Cupania vernalis","Cupania vernalis Cambess.",-21.124768,-47.6631991,NA,NA,NA,2002,3784297
"Cupania","Cupania vernalis","Cupania vernalis Cambess.",-21.0668683,-47.8554992,NA,NA,NA,2002,3784297
"Cupania","Cupania vernalis","Cupania vernalis Cambess.",-23.6902771,-47.0928027,NA,NA,NA,NA,3784297
"Cupania","Cupania vernalis","Cupania vernalis Cambess.",-23.8501743,-48.711515,NA,NA,NA,NA,3784297
"Cupania","Cupania vernalis","Cupania vernalis Cambess.",-21.9079716,-46.7553962,NA,NA,NA,NA,3784297
"Cupania","Cupania vernalis","Cupania vernalis Cambess.",-22.1109677,-49.0048086,NA,NA,NA,2000,3784297
"Cupania","Cupania vernalis","Cupania vernalis Cambess.",-22.8731752,-46.9027999,NA,NA,NA,2000,3784297
"Cupania","Cupania vernalis","Cupania vernalis Cambess.",-23.4124781,-46.7903018,NA,NA,NA,1984,3784297
"Cupania","Cupania vernalis","Cupania vernalis Cambess.",-20.1826647,-47.3072943,NA,NA,NA,2001,3784297
"Cupania","Cupania vernalis","Cupania vernalis Cambess.",-21.1569681,-47.6625012,NA,NA,NA,2001,3784297
"Cupania","Cupania vernalis","Cupania vernalis Cambess.",-21.1347678,-47.7508997,NA,NA,NA,2000,3784297
"Cupania","Cupania vernalis","Cupania vernalis Cambess.",-21.345168,-47.9413005,NA,NA,NA,2001,3784297
"Cupania","Cupania vernalis","Cupania vernalis Cambess.",-21.3205691,-47.875203,NA,NA,NA,2002,3784297
"Cupania","Cupania vernalis","Cupania vernalis Cambess.",-21.0927675,-47.805702,NA,NA,NA,2000,3784297
"Cupania","Cupania vernalis","Cupania vernalis Cambess.",-23.6932782,-47.0764026,NA,NA,NA,NA,3784297
"Cupania","Cupania vernalis","Cupania vernalis Cambess.",-23.7159773,-47.0733016,NA,NA,NA,NA,3784297
"Cupania","Cupania vernalis","Cupania vernalis Cambess.",-23.7249783,-47.0726036,NA,NA,NA,NA,3784297
"Cupania","Cupania vernalis","Cupania vernalis Cambess.",-23.7087772,-47.0725046,NA,NA,NA,NA,3784297
"Cupania","Cupania vernalis","Cupania vernalis Cambess.",-23.2235813,-45.310989,NA,NA,NA,NA,3784297
"Cupania","Cupania vernalis","Cupania vernalis Cambess.",-23.344674,-47.9357063,NA,NA,NA,NA,3784297
"Cupania","Cupania vernalis","Cupania vernalis Cambess.",-20.7432614,-49.9296116,NA,NA,NA,2007,3784297
"Cupania","Cupania vernalis","Cupania vernalis Cambess.",-23.3665813,-45.0845899,NA,NA,NA,NA,3784297
"Cupania","Cupania vernalis","Cupania vernalis Cambess.",-20.4863641,-48.8703052,NA,NA,NA,2001,3784297
"Cupania","Cupania vernalis","Cupania vernalis Cambess.",-20.6373634,-48.9607062,NA,NA,NA,2001,3784297
"Cupania","Cupania vernalis","Cupania vernalis Cambess.",-23.3671769,-46.4336972,NA,NA,NA,1992,3784297
"Cupania","Cupania vernalis","Cupania vernalis Cambess.",-21.327168,-47.9306004,NA,NA,NA,2001,3784297
"Cupania","Cupania vernalis","Cupania vernalis Cambess.",-23.7158782,-47.1141039,NA,NA,NA,NA,3784297
"Cupania","Cupania vernalis","Cupania vernalis Cambess.",-23.6962785,-46.9572008,NA,NA,NA,NA,3784297
"Cupania","Cupania vernalis","Cupania vernalis Cambess.",-23.7255773,-47.0634026,NA,NA,NA,NA,3784297
"Cupania","Cupania vernalis","Cupania vernalis Cambess.",-23.7381773,-47.0734047,NA,NA,NA,NA,3784297
"Cupania","Cupania vernalis","Cupania vernalis Cambess.",-23.344674,-47.9373083,NA,NA,NA,NA,3784297
"Cupania","Cupania vernalis","Cupania vernalis Cambess.",-20.9265609,-50.3490148,NA,NA,NA,2007,3784297
"Cupania","Cupania vernalis","Cupania vernalis Cambess.",-22.5307663,-49.9926171,NA,NA,NA,1999,3784297
"Cupania","Cupania vernalis","Cupania vernalis Cambess.",-22.6966665,-49.7129189,NA,NA,NA,1999,3784297
"Cupania","Cupania vernalis","Cupania vernalis Cambess.",-22.6796665,-49.7082188,NA,NA,NA,1999,3784297
"Cupania","Cupania vernalis","Cupania vernalis Cambess.",-22.0426671,-49.1687124,NA,NA,NA,2000,3784297
"Cupania","Cupania vernalis","Cupania vernalis Cambess.",-22.826876,-46.940001,NA,NA,NA,2000,3784297
"Cupania","Cupania vernalis","Cupania vernalis Cambess.",-23.675578,-46.7327992,NA,NA,NA,1987,3784297
"Cupania","Cupania vernalis","Cupania vernalis Cambess.",-23.6523772,-46.6231984,NA,NA,NA,1991,3784297
"Cupania","Cupania vernalis","Cupania vernalis Cambess.",-23.7106762,-47.1013018,NA,NA,NA,NA,3784297
"Cupania","Cupania vernalis","Cupania vernalis Cambess.",-83.7663208,-92.533798,NA,NA,NA,NA,3784297
"Cupania","Cupania vernalis","Cupania vernalis Cambess.",-23.3743813,-45.0811869,NA,NA,NA,NA,3784297
"Cupania","Cupania vernalis","Cupania vernalis Cambess.",-23.638377,-46.7046999,NA,NA,NA,1985,3784297
"Cupania","Cupania vernalis","Cupania vernalis Cambess.",-23.3534735,-48.5188091,NA,NA,NA,2001,3784297
"Cupania","Cupania vernalis","Cupania vernalis Cambess.",-23.5837784,-46.4670991,NA,NA,NA,1995,3784297
"Cupania","Cupania vernalis","Cupania vernalis Cambess.",-24.0684769,-47.9657117,NA,NA,NA,NA,3784297
"Cupania","Cupania vernalis","Cupania vernalis Cambess.",-21.1603689,-47.7202976,NA,NA,NA,2001,3784297
"Cupania","Cupania vernalis","Cupania vernalis Cambess.",-21.1379688,-47.7596998,NA,NA,NA,2001,3784297
"Cupania","Cupania vernalis","Cupania vernalis Cambess.",-21.1315678,-47.7544017,NA,NA,NA,2001,3784297
"Cupania","Cupania vernalis","Cupania vernalis Cambess.",-21.1322678,-47.7294986,NA,NA,NA,2001,3784297
"Cupania","Cupania vernalis","Cupania vernalis Cambess.",-21.1145667,-47.7461996,NA,NA,NA,2001,3784297
"Cupania","Cupania vernalis","Cupania vernalis Cambess.",-21.0560621,-49.6078105,NA,NA,NA,2002,3784297
"Cupania","Cupania vernalis","Cupania vernalis Cambess.",-21.0942674,-47.8477022,NA,NA,NA,2002,3784297
"Cupania","Cupania vernalis","Cupania vernalis Cambess.",-21.354668,-47.9279035,NA,NA,NA,2001,3784297
"Cupania","Cupania vernalis","Cupania vernalis Cambess.",-23.1832771,-46.5364964,NA,NA,NA,NA,3784297
"Cupania","Cupania vernalis","Cupania vernalis Cambess.",-20.9265633,-49.3490085,NA,NA,NA,2007,3784297
"Cupania","Cupania vernalis","Cupania vernalis Cambess.",-23.6338141,-45.5003916,NA,NA,NA,2010,3784297
"Cupania","Cupania vernalis","Cupania vernalis Cambess.",-22.4082398,-49.7006539,NA,NA,NA,NA,3784297
"Cupania","Cupania vernalis","Cupania vernalis Cambess.",-22.4081668,-49.7004159,NA,NA,NA,NA,3784297
"Cupania","Cupania vernalis","Cupania vernalis Cambess.",-22.3237674,-48.9608109,NA,NA,NA,1999,3784297
"Cupania","Cupania vernalis","Cupania vernalis Cambess.",-22.3754732,-47.125098,NA,NA,NA,NA,3784297
"Cupania","Cupania vernalis","Cupania vernalis Cambess.",-22.9085753,-46.9153011,NA,NA,NA,2001,3784297
"Cupania","Cupania vernalis","Cupania vernalis Cambess.",-22.8127749,-46.9643002,NA,NA,NA,2001,3784297
"Cupania","Cupania vernalis","Cupania vernalis Cambess.",-22.9273765,-46.8684979,NA,NA,NA,2001,3784297
"Cupania","Cupania vernalis","Cupania vernalis Cambess.",-23.5818781,-46.6101971,NA,NA,NA,1999,3784297
"Cupania","Cupania vernalis","Cupania vernalis Cambess.",-20.5532614,-49.2471078,NA,NA,NA,2001,3784297
"Cupania","Cupania vernalis","Cupania vernalis Cambess.",-21.342868,-47.9408995,NA,NA,NA,2001,3784297
"Cupania","Cupania vernalis","Cupania vernalis Cambess.",-21.1529679,-47.7405997,NA,NA,NA,2001,3784297
"Cupania","Cupania vernalis","Cupania vernalis Cambess.",-23.7445784,-47.0649016,NA,NA,NA,NA,3784297
"Cupania","Cupania vernalis","Cupania vernalis Cambess.",-23.7683775,-47.0461026,NA,NA,NA,NA,3784297
"Cupania","Cupania vernalis","Cupania vernalis Cambess.",-23.7153762,-47.0929017,NA,NA,NA,NA,3784297
"Cupania","Cupania vernalis","Cupania vernalis Cambess.",-23.473775,-48.0498084,NA,NA,NA,NA,3784297
"Cupania","Cupania vernalis","Cupania vernalis Cambess.",-23.6365791,-46.6430004,NA,NA,NA,1984,3784297
"Cupania","Cupania vernalis","Cupania vernalis Cambess.",-23.9004786,-46.7748001,NA,NA,NA,1995,3784297
"Cupania","Cupania vernalis","Cupania vernalis Cambess.",-22.1010687,-48.1831062,NA,NA,NA,2001,3784297
"Cupania","Cupania vernalis","Cupania vernalis Cambess.",-22.0782707,-48.1412049,NA,NA,NA,2001,3784297
"Cupania","Cupania vernalis","Cupania vernalis Cambess.",-20.2585636,-48.765205,NA,NA,NA,2001,3784297
"Cupania","Cupania vernalis","Cupania vernalis Cambess.",-21.1484691,-47.6501981,NA,NA,NA,2001,3784297
"Cupania","Cupania vernalis","Cupania vernalis Cambess.",-21.0961665,-47.8295021,NA,NA,NA,2002,3784297
"Cupania","Cupania vernalis","Cupania vernalis Cambess.",-21.0964685,-47.812099,NA,NA,NA,2002,3784297
"Cupania","Cupania vernalis","Cupania vernalis Cambess.",-20.7432614,-49.9296116,NA,NA,NA,2008,3784297
"Cupania","Cupania vernalis","Cupania vernalis Cambess.",-22.5016662,-50.0168172,NA,NA,NA,1999,3784297
"Cupania","Cupania vernalis","Cupania vernalis Cambess.",-21.3686632,-49.9292134,NA,NA,NA,2000,3784297
"Cupania","Cupania vernalis","Cupania vernalis Cambess.",-22.804575,-46.8992977,NA,NA,NA,2001,3784297
"Cupania","Cupania vernalis","Cupania vernalis Cambess.",-23.4124781,-46.7903018,NA,NA,NA,2000,3784297
"Cupania","Cupania vernalis","Cupania vernalis Cambess.",-21.1268677,-47.7555987,NA,NA,NA,2001,3784297
"Cupania","Cupania vernalis","Cupania vernalis Cambess.",-23.7021772,-47.0814036,NA,NA,NA,NA,3784297
"Cupania","Cupania vernalis","Cupania vernalis Cambess.",-13.5275,-40.44656,NA,5,12,2011,3784297
"Cupania","Cupania vernalis","Cupania vernalis Cambess.",-13.31349,-40.26359,NA,21,10,2011,3784297
"Cupania","Cupania vernalis","Cupania vernalis Cambess.",-27.268056,-51.614444,647,18,11,2008,3784297
"Cupania","Cupania vernalis","Cupania vernalis Cambess.",-26.247367,-52.426172,NA,NA,8,2023,3784297
"Cupania","Cupania vernalis","Cupania vernalis Cambess.",-25.33,-57.47,NA,NA,9,1991,3784297
"Cupania","Cupania vernalis","Cupania vernalis Cambess.",-15.6333,-47.8167,1000,7,7,1966,3784297
"Cupania","Cupania vernalis","Cupania vernalis Cambess.",-25.9321896,-49.1994946,NA,2,9,1986,3784297
"Cupania","Cupania vernalis","Cupania vernalis Cambess.",-22.4999514,-44.5633613,830,3,2,1967,3784297
"Cupania","Cupania vernalis","Cupania vernalis Cambess.",-17.0566,-51.816667,840,2,5,1973,3784297
"Cupania","Cupania vernalis","Cupania vernalis Cambess.",-19.1729946,-43.7143985,NA,26,5,1980,3784297
"Cupania","Cupania vernalis","Cupania vernalis Cambess.",-18.9325,-47.140555,NA,1,3,1989,3784297
"Cupania","Cupania vernalis","Cupania vernalis Cambess.",-17.687222,-50.080278,461,16,8,2012,3784297
"Cupania","Cupania vernalis","Cupania vernalis Cambess.",-16.082222,-48.507222,NA,NA,NA,NA,3784297
"Cupania","Cupania vernalis","Cupania vernalis Cambess.",-15.779722,-47.929722,NA,28,10,1976,3784297
"Cupania","Cupania vernalis","Cupania vernalis Cambess.",-17.25,-50.833333,NA,6,8,2007,3784297
"Cupania","Cupania vernalis","Cupania vernalis Cambess.",-21.27,-47.3,NA,19,6,1986,3784297
"Cupania","Cupania vernalis","Cupania vernalis Cambess.",-17.82,-53.82,NA,21,3,2018,3784297
"Cupania","Cupania vernalis","Cupania vernalis Cambess.",-14.94,-54.899722,NA,19,6,2018,3784297
"Cupania","Cupania vernalis","Cupania vernalis Cambess.",-15.510833,-48.163056,810,19,8,1997,3784297
"Cupania","Cupania vernalis","Cupania vernalis Cambess.",-15.779722,-47.929722,NA,NA,5,1984,3784297
"Cupania","Cupania vernalis","Cupania vernalis Cambess.",-21.27,-47.3,NA,19,4,1986,3784297
"Cupania","Cupania vernalis","Cupania vernalis Cambess.",-17.786111,-50.100278,490,16,8,2012,3784297
"Cupania","Cupania vernalis","Cupania vernalis Cambess.",-13,-41,1350,17,7,2022,3784297
"Cupania","Cupania vernalis","Cupania vernalis Cambess.",-16.220278,-49.193333,NA,15,7,2003,3784297
"Cupania","Cupania vernalis","Cupania vernalis Cambess.",-19.627222,-43.889722,NA,5,6,1955,3784297
"Cupania","Cupania vernalis","Cupania vernalis Cambess.",-17.769167,-50.105278,491,27,3,2012,3784297
"Cupania","Cupania vernalis","Cupania vernalis Cambess.",-15.951667,-47.966389,NA,26,4,2019,3784297
"Cupania","Cupania vernalis","Cupania vernalis Cambess.",-20.316667,-46.516667,NA,23,10,1996,3784297
"Cupania","Cupania vernalis","Cupania vernalis Cambess.",-17.788055,-50.100833,456,17,8,2012,3784297
"Cupania","Cupania vernalis","Cupania vernalis Cambess.",-17.325556,-53.205278,NA,30,3,2000,3784297
"Cupania","Cupania vernalis","Cupania vernalis Cambess.",-15.358056,-45.335,605,11,11,2003,3784297
"Cupania","Cupania vernalis","Cupania vernalis Cambess.",-15.779722,-47.929722,NA,5,3,1980,3784297
"Cupania","Cupania vernalis","Cupania vernalis Cambess.",-14.164722,-47.599444,1164,11,1,2002,3784297
"Cupania","Cupania vernalis","Cupania vernalis Cambess.",-16.082222,-48.101944,NA,9,2,2001,3784297
"Cupania","Cupania vernalis","Cupania vernalis Cambess.",-16.259722,-56.626944,NA,18,3,1992,3784297
"Cupania","Cupania vernalis","Cupania vernalis Cambess.",-16.640278,-48.017222,764,25,9,2007,3784297
"Cupania","Cupania vernalis","Cupania vernalis Cambess.",-19.352778,-47.292778,NA,18,5,2002,3784297
"Cupania","Cupania vernalis","Cupania vernalis Cambess.",-20.316667,-46.516667,NA,27,10,1996,3784297
"Cupania","Cupania vernalis","Cupania vernalis Cambess.",-25.153333,-53.845833,NA,26,6,2019,3784297
"Cupania","Cupania vernalis","Cupania vernalis Cambess.",-23.540833,-50.975556,NA,3,6,2003,3784297
"Cupania","Cupania vernalis","Cupania vernalis Cambess.",-18.524167,-48.169444,780,24,6,1997,3784297
"Cupania","Cupania vernalis","Cupania vernalis Cambess.",-23.373333,-50.841389,NA,20,9,1999,3784297
"Cupania","Cupania vernalis","Cupania vernalis Cambess.",-15.885,-47.841389,NA,20,8,2009,3784297
"Cupania","Cupania vernalis","Cupania vernalis Cambess.",-25.306667,-48.328889,NA,13,7,1997,3784297
"Cupania","Cupania vernalis","Cupania vernalis Cambess.",-17.7225,-50.078611,478,9,10,2012,3784297
"Cupania","Cupania vernalis","Cupania vernalis Cambess.",-15.744444,-47.887778,1050,7,5,2002,3784297
"Cupania","Cupania vernalis","Cupania vernalis Cambess.",-15.666667,-52.333333,NA,23,8,1972,3784297
"Cupania","Cupania vernalis","Cupania vernalis Cambess.",-17.325556,-53.205278,NA,27,3,2000,3784297
"Cupania","Cupania vernalis","Cupania vernalis Cambess.",-15.345,-45.311667,NA,11,11,2003,3784297
"Cupania","Cupania vernalis","Cupania vernalis Cambess.",-16.259722,-56.626944,NA,10,2,1992,3784297
"Cupania","Cupania vernalis","Cupania vernalis Cambess.",-35.3869,-64.9208,NA,NA,NA,NA,3784297
"Cupania","Cupania vernalis","Cupania vernalis Cambess.",-16.7261,-64.435,NA,5,6,2009,3784297
"Cupania","Cupania vernalis","Cupania vernalis Cambess.",-16.7261,-64.435,NA,NA,NA,NA,3784297
"Cupania","Cupania vernalis","Cupania vernalis Cambess.",-30,-54,NA,7,5,1983,3784297
"Cupania","Cupania vernalis","Cupania vernalis Cambess.",-30,-54,NA,4,5,1982,3784297
"Cupania","Cupania vernalis","Cupania vernalis Cambess.",-30,-54,NA,10,6,1959,3784297
"Cupania","Cupania vernalis","Cupania vernalis Cambess.",-12,-48,NA,29,6,1966,3784297
"Cupania","Cupania vernalis","Cupania vernalis Cambess.",-24,-51,NA,13,3,1967,3784297
"Cupania","Cupania vernalis","Cupania vernalis Cambess.",-32.8667,-55.7933,NA,NA,11,1933,3784297
"Cupania","Cupania vernalis","Cupania vernalis Cambess.",-18,-44,NA,18,7,1988,3784297
"Cupania","Cupania vernalis","Cupania vernalis Cambess.",-24,-51,NA,10,5,1914,3784297
"Cupania","Cupania vernalis","Cupania vernalis Cambess.",-21,-55,NA,14,10,1998,3784297
"Cupania","Cupania vernalis","Cupania vernalis Cambess.",-23.2025,-58.1689,NA,23,5,1987,3784297
"Cupania","Cupania vernalis","Cupania vernalis Cambess.",-32.8667,-55.7933,NA,31,3,1966,3784297
"Cupania","Cupania vernalis","Cupania vernalis Cambess.",-18,-44,NA,17,5,2002,3784297
"Cupania","Cupania vernalis","Cupania vernalis Cambess.",-24.66,-51.3,NA,17,6,2015,3784297
"Cupania","Cupania vernalis","Cupania vernalis Cambess.",-27.113889,-49.208889,321,14,8,2014,3784297
"Cupania","Cupania vernalis","Cupania vernalis Cambess.",-19.2575,-45.496028,NA,NA,NA,NA,3784297
"Cupania","Cupania vernalis","Cupania vernalis Cambess.",-19.257611,-45.497972,NA,NA,NA,NA,3784297
"Cupania","Cupania vernalis","Cupania vernalis Cambess.",-18,-44,NA,24,10,1930,3784297
"Cupania","Cupania vernalis","Cupania vernalis Cambess.",-18,-44,NA,11,8,1987,3784297
"Cupania","Cupania vernalis","Cupania vernalis Cambess.",-15.75,-47.75,NA,7,5,1966,3784297
"Cupania","Cupania vernalis","Cupania vernalis Cambess.",-16.7261,-64.435,NA,11,6,2005,3784297
"Cupania","Cupania vernalis","Cupania vernalis Cambess.",-22,-49,NA,6,4,1977,3784297
"Cupania","Cupania vernalis","Cupania vernalis Cambess.",-22,-49,NA,7,4,1992,3784297
"Cupania","Cupania vernalis","Cupania vernalis Cambess.",-18,-44,NA,30,4,2004,3784297
"Cupania","Cupania vernalis","Cupania vernalis Cambess.",-29.832222,-50.134167,6,13,9,2015,3784297
"Cupania","Cupania vernalis","Cupania vernalis Cambess.",-25.250556,-49.378611,NA,20,12,2008,3784297
"Cupania","Cupania vernalis","Cupania vernalis Cambess.",-25.800278,-49.067222,459.5,8,7,2013,3784297
"Cupania","Cupania vernalis","Cupania vernalis Cambess.",-26.925,-49.055278,NA,29,5,1996,3784297
"Cupania","Cupania vernalis","Cupania vernalis Cambess.",-27.27,-52.155,503,28,11,2008,3784297
"Cupania","Cupania vernalis","Cupania vernalis Cambess.",-27.36,-49.68,514,17,8,2023,3784297
"Cupania","Cupania vernalis","Cupania vernalis Cambess.",-26.941389,-49.248611,NA,16,5,2009,3784297
"Cupania","Cupania vernalis","Cupania vernalis Cambess.",-26.833333,-52.452778,691,24,3,2009,3784297
"Cupania","Cupania vernalis","Cupania vernalis Cambess.",-27.72,-48.78,612,21,5,2010,3784297
"Cupania","Cupania vernalis","Cupania vernalis Cambess.",-29.249722,-50.129722,466,25,5,2010,3784297
"Cupania","Cupania vernalis","Cupania vernalis Cambess.",-27.09,-51.435,NA,22,11,2008,3784297
"Cupania","Cupania vernalis","Cupania vernalis Cambess.",-26.878056,-49.175556,36,15,11,2022,3784297
"Cupania","Cupania vernalis","Cupania vernalis Cambess.",-26.550278,-52.108889,1102,5,10,2015,3784297
"Cupania","Cupania vernalis","Cupania vernalis Cambess.",-27.54,-49.14,630,24,4,2010,3784297
"Cupania","Cupania vernalis","Cupania vernalis Cambess.",-26.905556,-49.079167,NA,4,11,2006,3784297
"Cupania","Cupania vernalis","Cupania vernalis Cambess.",-27.810278,-48.626944,150,13,5,2021,3784297
"Cupania","Cupania vernalis","Cupania vernalis Cambess.",-26.905556,-49.079167,NA,2,10,2006,3784297
"Cupania","Cupania vernalis","Cupania vernalis Cambess.",-28.26,-49.14,124,12,5,2011,3784297
"Cupania","Cupania vernalis","Cupania vernalis Cambess.",-27.631389,-49.321111,942,1,12,2009,3784297
"Cupania","Cupania vernalis","Cupania vernalis Cambess.",-27,-50.94,1094,18,4,2019,3784297
"Cupania","Cupania vernalis","Cupania vernalis Cambess.",-27.269722,-51.387778,802,25,3,2019,3784297
"Cupania","Cupania vernalis","Cupania vernalis Cambess.",-29.159444,-49.9525,323,22,9,2009,3784297
"Cupania","Cupania vernalis","Cupania vernalis Cambess.",-27.089444,-48.599722,60,3,5,2010,3784297
"Cupania","Cupania vernalis","Cupania vernalis Cambess.",-29.205,-50.074444,330,27,4,2010,3784297
"Cupania","Cupania vernalis","Cupania vernalis Cambess.",-28.44,-48.87,246,3,4,2010,3784297
"Cupania","Cupania vernalis","Cupania vernalis Cambess.",-26.73,-49.499722,600,4,5,2010,3784297
"Cupania","Cupania vernalis","Cupania vernalis Cambess.",-27.450833,-49.862222,544,29,4,2010,3784297
"Cupania","Cupania vernalis","Cupania vernalis Cambess.",-27.27,-49.14,639,30,3,2010,3784297
"Cupania","Cupania vernalis","Cupania vernalis Cambess.",-27.867778,-49.044167,699,14,8,2009,3784297
"Cupania","Cupania vernalis","Cupania vernalis Cambess.",-29.832222,-50.134167,12,13,9,2015,3784297
"Cupania","Cupania vernalis","Cupania vernalis Cambess.",-28.805,-49.218056,26,9,12,2010,3784297
"Cupania","Cupania vernalis","Cupania vernalis Cambess.",-27.491389,-50.803056,740,8,5,2022,3784297
"Cupania","Cupania vernalis","Cupania vernalis Cambess.",-26.149444,-49.950833,879,29,3,2017,3784297
"Cupania","Cupania vernalis","Cupania vernalis Cambess.",-27.45,-48.69,66,16,6,2010,3784297
"Cupania","Cupania vernalis","Cupania vernalis Cambess.",-26.640278,-49.860556,601,10,6,2010,3784297
"Cupania","Cupania vernalis","Cupania vernalis Cambess.",-28.260278,-50.67,825,10,4,2008,3784297
"Cupania","Cupania vernalis","Cupania vernalis Cambess.",-27.539167,-50.849167,850,27,3,2008,3784297
"Cupania","Cupania vernalis","Cupania vernalis Cambess.",-27.1825,-50.217778,NA,23,2,2008,3784297
"Cupania","Cupania vernalis","Cupania vernalis Cambess.",-27.45,-49.32,761,14,9,2009,3784297
"Cupania","Cupania vernalis","Cupania vernalis Cambess.",-26.905278,-49.078889,38,20,6,2012,3784297
"Cupania","Cupania vernalis","Cupania vernalis Cambess.",-26.905556,-49.079167,38,10,11,2006,3784297
"Cupania","Cupania vernalis","Cupania vernalis Cambess.",-27.113889,-49.208889,642,14,8,2014,3784297
"Cupania","Cupania vernalis","Cupania vernalis Cambess.",-28.550833,-49.580278,237,28,5,2009,3784297
"Cupania","Cupania vernalis","Cupania vernalis Cambess.",-27.055833,-52.468611,450,1,6,2009,3784297
"Cupania","Cupania vernalis","Cupania vernalis Cambess.",-27.682222,-50.596111,NA,11,4,2005,3784297
"Cupania","Cupania vernalis","Cupania vernalis Cambess.",-27.9,-49.23,602,17,6,2009,3784297
"Cupania","Cupania vernalis","Cupania vernalis Cambess.",-27.045,-52.379444,898,8,11,2018,3784297
"Cupania","Cupania vernalis","Cupania vernalis Cambess.",-26.944444,-52.515556,NA,17,4,2005,3784297
"Cupania","Cupania vernalis","Cupania vernalis Cambess.",-27.630278,-49.500556,642,25,11,2009,3784297
"Cupania","Cupania vernalis","Cupania vernalis Cambess.",-27.449722,-50.940833,941,13,3,2008,3784297
"Cupania","Cupania vernalis","Cupania vernalis Cambess.",-27.18,-49.86,346,5,9,2016,3784297
"Cupania","Cupania vernalis","Cupania vernalis Cambess.",-27.629167,-51.260278,707,30,9,2021,3784297
"Cupania","Cupania vernalis","Cupania vernalis Cambess.",-28.079167,-48.869722,535,17,7,2021,3784297
"Cupania","Cupania vernalis","Cupania vernalis Cambess.",-26.595833,-53.326944,610,6,3,2009,3784297
"Cupania","Cupania vernalis","Cupania vernalis Cambess.",-26.6125,-53.736111,380,23,3,2011,3784297
"Cupania","Cupania vernalis","Cupania vernalis Cambess.",-28.805,-49.218056,NA,12,6,2018,3784297
"Cupania","Cupania vernalis","Cupania vernalis Cambess.",-28.8,-49.86,NA,3,5,2023,3784297
"Cupania","Cupania vernalis","Cupania vernalis Cambess.",-27.269722,-51.387778,802,20,3,2009,3784297
"Cupania","Cupania vernalis","Cupania vernalis Cambess.",-26.925,-49.055278,NA,29,5,2001,3784297
"Cupania","Cupania vernalis","Cupania vernalis Cambess.",-26.773333,-49.036944,552.5,11,9,2017,3784297
"Cupania","Cupania vernalis","Cupania vernalis Cambess.",-26.905556,-49.079167,20,31,10,1990,3784297
"Cupania","Cupania vernalis","Cupania vernalis Cambess.",-28.017778,-49.052778,667,30,5,2010,3784297
"Cupania","Cupania vernalis","Cupania vernalis Cambess.",-27.45,-49.05,822,28,10,2009,3784297
"Cupania","Cupania vernalis","Cupania vernalis Cambess.",-28.62,-49.59,479,5,11,2009,3784297
"Cupania","Cupania vernalis","Cupania vernalis Cambess.",-26.301111,-49.216389,975,12,10,2017,3784297
"Cupania","Cupania vernalis","Cupania vernalis Cambess.",-31.676944,-52.089725,10,27,11,1999,3784297
"Cupania","Cupania vernalis","Cupania vernalis Cambess.",-31.669458,-52.089725,10,27,11,1999,3784297
"Cupania","Cupania vernalis","Cupania vernalis Cambess.",-10.690956,-37.296631,NA,31,8,2011,3784297
"Cupania","Cupania vernalis","Cupania vernalis Cambess.",-11.031944,-37.474722,NA,7,12,2009,3784297
"Cupania","Cupania vernalis","Cupania vernalis Cambess.",-10.884167,-37.059722,NA,17,1,2018,3784297
"Cupania","Cupania vernalis","Cupania vernalis Cambess.",-25.58333,-57.18333,NA,21,10,1987,3784297
"Cupania","Cupania vernalis","Cupania vernalis Cambess.",-25.264167,-54.240278,NA,10,9,2014,3784297
"Cupania","Cupania vernalis","Cupania vernalis Cambess.",-25.498889,-53.639722,254,8,8,2018,3784297
"Cupania","Cupania vernalis","Cupania vernalis Cambess.",-27.061667,-52.445833,NA,10,5,2012,3784297
"Cupania","Cupania vernalis","Cupania vernalis Cambess.",-25.648889,-54.476944,NA,27,5,2017,3784297
"Cupania","Cupania vernalis","Cupania vernalis Cambess.",-25.6575,-53.5325,401,10,5,2018,3784297
"Cupania","Cupania vernalis","Cupania vernalis Cambess.",-25.437778,-54.5825,NA,30,4,2021,3784297
"Cupania","Cupania vernalis","Cupania vernalis Cambess.",-25.498611,-53.64,252,8,8,2018,3784297
"Cupania","Cupania vernalis","Cupania vernalis Cambess.",-9.7165,-68.1377,NA,9,5,2013,3784297
"Cupania","Cupania vernalis","Cupania vernalis Cambess.",-25.916667,-56.25,NA,29,3,1989,3784297
"Cupania","Cupania vernalis","Cupania vernalis Cambess.",-25.41666,-57.11666,297,2,7,1988,3784297
"Cupania","Cupania vernalis","Cupania vernalis Cambess.",-19.825278,-64.101389,1550,17,4,2008,3784297
"Cupania","Cupania vernalis","Cupania vernalis Cambess.",-25.41666,-57.16666,250,9,7,1988,3784297
"Cupania","Cupania vernalis","Cupania vernalis Cambess.",-26.148611,-58.770833,NA,21,11,2004,3784297
"Cupania","Cupania vernalis","Cupania vernalis Cambess.",-26.803365,-65.31964,NA,30,10,2022,3784297
"Cupania","Cupania vernalis","Cupania vernalis Cambess.",-25.52194,-49.092845,NA,30,4,2023,3784297
"Cupania","Cupania vernalis","Cupania vernalis Cambess.",-15.7834208,-47.9298727,NA,23,1,1980,3784297
"Cupania","Cupania vernalis","Cupania vernalis Cambess.",-26.792455,-65.31533,NA,10,11,2023,3784297
"Cupania","Cupania vernalis","Cupania vernalis Cambess.",-29.783555,-50.432741,NA,5,4,2021,3784297
"Cupania","Cupania vernalis","Cupania vernalis Cambess.",-30.69752,-52.111165,NA,26,12,2023,3784297
"Cupania","Cupania vernalis","Cupania vernalis Cambess.",-25.401923,-49.27543,NA,5,3,2024,3784297
"Cupania","Cupania vernalis","Cupania vernalis Cambess.",-26.803503,-65.319841,NA,26,4,2020,3784297
"Cupania","Cupania vernalis","Cupania vernalis Cambess.",-26.90469,-49.079348,NA,24,11,2023,3784297
"Cupania","Cupania vernalis","Cupania vernalis Cambess.",-26.706962,-65.295689,NA,30,1,2024,3784297
"Cupania","Cupania vernalis","Cupania vernalis Cambess.",-25.850002,-53.968435,NA,7,8,2023,3784297
"Cupania","Cupania vernalis","Cupania vernalis Cambess.",-26.822021,-48.602127,NA,13,5,2023,3784297
"Cupania","Cupania vernalis","Cupania vernalis Cambess.",-25.85786,-53.97499,NA,4,8,2023,3784297
"Cupania","Cupania vernalis","Cupania vernalis Cambess.",-28.030285,-59.214072,NA,21,4,2023,3784297
"Cupania","Cupania vernalis","Cupania vernalis Cambess.",-30.667751,-56.435066,NA,28,3,2023,3784297
"Cupania","Cupania vernalis","Cupania vernalis Cambess.",-25.596627,-54.583952,NA,30,4,2021,3784297
"Cupania","Cupania vernalis","Cupania vernalis Cambess.",-28.847881,-51.890149,NA,6,9,2022,3784297
"Cupania","Cupania vernalis","Cupania vernalis Cambess.",-29.875625,-50.39827,NA,9,5,2023,3784297
"Cupania","Cupania vernalis","Cupania vernalis Cambess.",-25.975483,-54.116958,NA,28,9,2022,3784297
"Cupania","Cupania vernalis","Cupania vernalis Cambess.",-27.470127,-58.782852,NA,27,10,2021,3784297
"Cupania","Cupania vernalis","Cupania vernalis Cambess.",-27.056183,-49.08542,NA,25,11,2023,3784297
"Cupania","Cupania vernalis","Cupania vernalis Cambess.",-20.795555,-42.847222,650,11,1,2010,3784297
"Cupania","Cupania vernalis","Cupania vernalis Cambess.",-20.795555,-42.847222,650,15,1,2001,3784297
"Cupania","Cupania vernalis","Cupania vernalis Cambess.",-22.41,-49.7,590,NA,NA,NA,3784297
"Cupania","Cupania vernalis","Cupania vernalis Cambess.",-21.015,-64.24055,1330,5,10,2005,3784297
"Cupania","Cupania vernalis","Cupania vernalis Cambess.",-27.13333,-53.88333,NA,NA,NA,NA,3784297
"Cupania","Cupania vernalis","Cupania vernalis Cambess.",-18.196389,-63.706389,1218,6,9,2005,3784297
"Cupania","Cupania vernalis","Cupania vernalis Cambess.",-18.25972,-63.66027,1700,20,5,2005,3784297
"Cupania","Cupania vernalis","Cupania vernalis Cambess.",-14.7,-61.15,160,7,5,1994,3784297
"Cupania","Cupania vernalis","Cupania vernalis Cambess.",-18.196389,-63.706389,1250,9,8,2005,3784297
"Cupania","Cupania vernalis","Cupania vernalis Cambess.",-23.11666,-64.45,600,19,11,2001,3784297
"Cupania","Cupania vernalis","Cupania vernalis Cambess.",-26.9,-57.15,500,14,7,1988,3784297
"Cupania","Cupania vernalis","Cupania vernalis Cambess.",-21.055833,-64.343361,1855,3,11,2008,3784297
"Cupania","Cupania vernalis","Cupania vernalis Cambess.",-25.9,-57.15,NA,11,6,1988,3784297
"Cupania","Cupania vernalis","Cupania vernalis Cambess.",-27.255384,-55.531673,NA,1,10,2022,3784297
"Cupania","Cupania vernalis","Cupania vernalis Cambess.",-22.2538399,-47.8201838,NA,6,4,1977,3784297
"Cupania","Cupania vernalis","Cupania vernalis Cambess.",-24.254964,-49.7062215,NA,10,5,1914,3784297
"Cupania","Cupania vernalis","Cupania vernalis Cambess.",-19.4344,-63.8429,1057,4,6,2009,3784297
"Cupania","Cupania vernalis","Cupania vernalis Cambess.",-23.702276,-64.86501,NA,14,10,2023,3784297
"Cupania","Cupania vernalis","Cupania vernalis Cambess.",-20.454722,-55.483611,197,16,6,2002,3784297
"Cupania","Cupania vernalis","Cupania vernalis Cambess.",-15.416667,-46.983333,800,24,5,1980,3784297
"Cupania","Cupania vernalis","Cupania vernalis Cambess.",-20.443333,-54.646667,583,11,10,1989,3784297
"Cupania","Cupania vernalis","Cupania vernalis Cambess.",-18.172778,-53.402222,436,18,11,2018,3784297
"Cupania","Cupania vernalis","Cupania vernalis Cambess.",-20.443333,-54.646667,583,14,1,1986,3784297
"Cupania","Cupania vernalis","Cupania vernalis Cambess.",-20.504444,-54.613611,549,16,9,1993,3784297
"Cupania","Cupania vernalis","Cupania vernalis Cambess.",-17.2875,-51.8825,NA,4,9,2009,3784297
"Cupania","Cupania vernalis","Cupania vernalis Cambess.",-18.439444,-51.995278,NA,26,9,2005,3784297
"Cupania","Cupania vernalis","Cupania vernalis Cambess.",-18.135833,-51.086944,546,9,8,2007,3784297
"Cupania","Cupania vernalis","Cupania vernalis Cambess.",-18.439444,-51.995278,NA,24,7,2005,3784297
"Cupania","Cupania vernalis","Cupania vernalis Cambess.",-18.786389,-52.378333,638,25,6,2008,3784297
"Cupania","Cupania vernalis","Cupania vernalis Cambess.",-18.941944,-51.699722,442,14,9,2012,3784297
"Cupania","Cupania vernalis","Cupania vernalis Cambess.",-18.439444,-51.995278,NA,26,10,2004,3784297
"Cupania","Cupania vernalis","Cupania vernalis Cambess.",-18.439444,-51.995278,NA,26,5,2005,3784297
"Cupania","Cupania vernalis","Cupania vernalis Cambess.",-18.135833,-51.086944,546,5,3,2007,3784297
"Cupania","Cupania vernalis","Cupania vernalis Cambess.",-18.922222,-51.669167,442,16,9,2012,3784297
"Cupania","Cupania vernalis","Cupania vernalis Cambess.",-18.583889,-51.141389,450,9,7,2008,3784297
"Cupania","Cupania vernalis","Cupania vernalis Cambess.",-25.431111,-53.055,NA,18,12,2015,3784297
"Cupania","Cupania vernalis","Cupania vernalis Cambess.",-26.5,-53.25,NA,9,9,2007,3784297
"Cupania","Cupania vernalis","Cupania vernalis Cambess.",-27.298611,-51.570833,479,17,10,2022,3784297
"Cupania","Cupania vernalis","Cupania vernalis Cambess.",-27.301389,-51.571944,471,13,9,2021,3784297
"Cupania","Cupania vernalis","Cupania vernalis Cambess.",-29.445278,-51.952222,NA,18,10,2013,3784297
"Cupania","Cupania vernalis","Cupania vernalis Cambess.",-29.466944,-51.961389,NA,17,12,2001,3784297
"Cupania","Cupania vernalis","Cupania vernalis Cambess.",-29.001944,-52.154167,NA,6,5,2003,3784297
"Cupania","Cupania vernalis","Cupania vernalis Cambess.",-29.383333,-52.268611,NA,23,4,2003,3784297
"Cupania","Cupania vernalis","Cupania vernalis Cambess.",-29.512778,-51.985278,NA,12,4,2008,3784297
"Cupania","Cupania vernalis","Cupania vernalis Cambess.",-29.387778,-51.833611,NA,26,10,2014,3784297
"Cupania","Cupania vernalis","Cupania vernalis Cambess.",-29.065556,-52.221111,NA,29,3,2001,3784297
"Cupania","Cupania vernalis","Cupania vernalis Cambess.",-26.833333,-52.452778,NA,24,3,2009,3784297
"Cupania","Cupania vernalis","Cupania vernalis Cambess.",-29.159444,-49.9525,NA,22,9,2009,3784297
"Cupania","Cupania vernalis","Cupania vernalis Cambess.",-28.025833,-49.309167,NA,30,5,2010,3784297
"Cupania","Cupania vernalis","Cupania vernalis Cambess.",-29.352778,-51.833333,NA,18,8,2012,3784297
"Cupania","Cupania vernalis","Cupania vernalis Cambess.",-29.0675,-51.859167,NA,10,4,2006,3784297
"Cupania","Cupania vernalis","Cupania vernalis Cambess.",-27.254382,-55.538683,163,25,7,2021,3784297
"Cupania","Cupania vernalis","Cupania vernalis Cambess.",-27.903779,-49.128424,400,2,4,1953,3784297
"Cupania","Cupania vernalis","Cupania vernalis Cambess.",-24.254964,-49.7062215,NA,14,4,1910,3784297
"Cupania","Cupania vernalis","Cupania vernalis Cambess.",-15.6167,-47.6667,1025,21,7,1966,3784297
"Cupania","Cupania vernalis","Cupania vernalis Cambess.",-19.144444,-48.146111,NA,NA,9,2008,3784297
"Cupania","Cupania vernalis","Cupania vernalis Cambess.",-23.120556,-54.218889,NA,25,9,2009,3784297
"Cupania","Cupania vernalis","Cupania vernalis Cambess.",-27.73333,-55.56666,270,7,11,2000,3784297
"Cupania","Cupania vernalis","Cupania vernalis Cambess.",-18.608889,-63.763889,2145,30,10,2011,3784297
"Cupania","Cupania vernalis","Cupania vernalis Cambess.",-25.58333,-57.18333,NA,30,10,1987,3784297
"Cupania","Cupania vernalis","Cupania vernalis Cambess.",-25.4667,-48.8167,NA,28,8,1986,3784297
"Cupania","Cupania vernalis","Cupania vernalis Cambess.",-31.005278,-52.050278,10,13,11,1998,3784297
"Cupania","Cupania vernalis","Cupania vernalis Cambess.",-13.480556,-41.7725,683,11,2,2010,3784297
"Cupania","Cupania vernalis","Cupania vernalis Cambess.",-14.5,-47.5,NA,17,4,1956,3784297
"Cupania","Cupania vernalis","Cupania vernalis Cambess.",-9.123333,-62.9,112,27,10,1979,3784297
"Cupania","Cupania vernalis","Cupania vernalis Cambess.",-25.28,-57.15,NA,11,11,2002,3784297
"Cupania","Cupania vernalis","Cupania vernalis Cambess.",-24.241056,-49.271722,1200,NA,NA,NA,3784297
"Cupania","Cupania vernalis","Cupania vernalis Cambess.",-19.404611,-43.411528,711,28,5,2010,3784297
"Cupania","Cupania vernalis","Cupania vernalis Cambess.",-19.333333,-43.666667,NA,2,4,1996,3784297
"Cupania","Cupania vernalis","Cupania vernalis Cambess.",-22.640833,-44.726944,813,9,4,2009,3784297
"Cupania","Cupania vernalis","Cupania vernalis Cambess.",-19.431861,-43.432861,NA,13,3,2008,3784297
"Cupania","Cupania vernalis","Cupania vernalis Cambess.",-19.009777,-43.778669,NA,30,11,2009,3784297
"Cupania","Cupania vernalis","Cupania vernalis Cambess.",-19.31075,-43.612556,958,31,5,2010,3784297
"Cupania","Cupania vernalis","Cupania vernalis Cambess.",-19.316417,-43.616778,863,2,9,2008,3784297
"Cupania","Cupania vernalis","Cupania vernalis Cambess.",-20.516667,-43.65,1100,24,7,1987,3784297
"Cupania","Cupania vernalis","Cupania vernalis Cambess.",-23.55,-46.716667,NA,26,6,2003,3784297
"Cupania","Cupania vernalis","Cupania vernalis Cambess.",-19.31075,-43.621583,1318,24,9,2007,3784297
"Cupania","Cupania vernalis","Cupania vernalis Cambess.",-24.533333,-48.833333,600,23,4,1994,3784297
"Cupania","Cupania vernalis","Cupania vernalis Cambess.",-19.473278,-43.987556,NA,18,8,2006,3784297
"Cupania","Cupania vernalis","Cupania vernalis Cambess.",-19.432139,-43.434889,1033,28,5,2010,3784297
"Cupania","Cupania vernalis","Cupania vernalis Cambess.",-23.8485,-46.416333,NA,13,4,2010,3784297
"Cupania","Cupania vernalis","Cupania vernalis Cambess.",-23.110333,-49.354306,NA,13,6,1995,3784297
"Cupania","Cupania vernalis","Cupania vernalis Cambess.",-19.310806,-43.612444,960,31,5,2010,3784297
"Cupania","Cupania vernalis","Cupania vernalis Cambess.",-19.378861,-43.659833,816,2,9,2008,3784297
"Cupania","Cupania vernalis","Cupania vernalis Cambess.",-1.390861,-61.842111,28,13,5,2015,3784297
"Cupania","Cupania vernalis","Cupania vernalis Cambess.",-23.55,-46.716667,NA,8,8,2003,3784297
"Cupania","Cupania vernalis","Cupania vernalis Cambess.",-27.4486,-56.8231,NA,25,10,1999,3784297
"Cupania","Cupania vernalis","Cupania vernalis Cambess.",-20.776944,-49.354444,NA,23,8,1996,3784297
"Cupania","Cupania vernalis","Cupania vernalis Cambess.",-19.916667,-49.516667,NA,18,8,1993,3784297
"Cupania","Cupania vernalis","Cupania vernalis Cambess.",-20.81,-49.380556,NA,23,11,1995,3784297
"Cupania","Cupania vernalis","Cupania vernalis Cambess.",-20.81,-49.380556,NA,16,11,1995,3784297
"Cupania","Cupania vernalis","Cupania vernalis Cambess.",-25.944944,-51.833027,890,23,9,2020,3784297
"Cupania","Cupania vernalis","Cupania vernalis Cambess.",-20.742778,-49.929167,NA,30,11,2006,3784297
"Cupania","Cupania vernalis","Cupania vernalis Cambess.",-20.926111,-50.348611,NA,25,8,2007,3784297
"Cupania","Cupania vernalis","Cupania vernalis Cambess.",-20.742778,-49.929167,NA,5,4,2008,3784297
"Cupania","Cupania vernalis","Cupania vernalis Cambess.",-20.926111,-50.348611,NA,28,4,2007,3784297
"Cupania","Cupania vernalis","Cupania vernalis Cambess.",-21.620556,-48.537222,NA,23,2,2008,3784297
"Cupania","Cupania vernalis","Cupania vernalis Cambess.",-20.742778,-49.929167,NA,5,5,2007,3784297
"Cupania","Cupania vernalis","Cupania vernalis Cambess.",-20.885,-48.540556,NA,18,9,2008,3784297
"Cupania","Cupania vernalis","Cupania vernalis Cambess.",-21.620556,-48.537222,NA,4,4,2011,3784297
"Cupania","Cupania vernalis","Cupania vernalis Cambess.",-20.780597,-49.356152,NA,20,4,2018,3784297
"Cupania","Cupania vernalis","Cupania vernalis Cambess.",-20.883333,-49.4,400,15,10,1999,3784297
"Cupania","Cupania vernalis","Cupania vernalis Cambess.",-20.776944,-49.354444,NA,26,4,1985,3784297
"Cupania","Cupania vernalis","Cupania vernalis Cambess.",-20.776944,-49.354444,NA,16,5,1985,3784297
"Cupania","Cupania vernalis","Cupania vernalis Cambess.",-20.776944,-49.354444,NA,13,4,1985,3784297
"Cupania","Cupania vernalis","Cupania vernalis Cambess.",-21.620556,-48.537222,NA,8,4,2008,3784297
"Cupania","Cupania vernalis","Cupania vernalis Cambess.",-21.620556,-48.537222,NA,9,4,2008,3784297
"Cupania","Cupania vernalis","Cupania vernalis Cambess.",-21.520833,-49.294722,NA,25,4,2008,3784297
"Cupania","Cupania vernalis","Cupania vernalis Cambess.",-20.885,-48.540556,NA,12,3,2009,3784297
"Cupania","Cupania vernalis","Cupania vernalis Cambess.",-20.742778,-49.929167,NA,20,11,2007,3784297
"Cupania","Cupania vernalis","Cupania vernalis Cambess.",-20.780597,-49.356152,NA,1,4,2015,3784297
"Cupania","Cupania vernalis","Cupania vernalis Cambess.",-19.916667,-49.516667,NA,4,4,2002,3784297
"Cupania","Cupania vernalis","Cupania vernalis Cambess.",-20.708056,-49.316389,NA,20,11,2001,3784297
"Cupania","Cupania vernalis","Cupania vernalis Cambess.",-20.776944,-49.354444,NA,10,6,1996,3784297
"Cupania","Cupania vernalis","Cupania vernalis Cambess.",-20.81,-49.380556,NA,7,5,1997,3784297
"Cupania","Cupania vernalis","Cupania vernalis Cambess.",-21.860278,-49.3925,NA,14,3,2003,3784297
"Cupania","Cupania vernalis","Cupania vernalis Cambess.",-21.860278,-49.3925,NA,26,4,2002,3784297
"Cupania","Cupania vernalis","Cupania vernalis Cambess.",-27.973333,-48.687778,NA,19,2,2014,3784297
"Cupania","Cupania vernalis","Cupania vernalis Cambess.",-28.023056,-48.665278,NA,10,1,2014,3784297
"Cupania","Cupania vernalis","Cupania vernalis Cambess.",-28.023056,-48.665278,NA,11,5,2014,3784297
"Cupania","Cupania vernalis","Cupania vernalis Cambess.",-26.842222,-49.716667,NA,8,3,2013,3784297
"Cupania","Cupania vernalis","Cupania vernalis Cambess.",-26.355,-49.27075,840,19,11,2017,3784297
"Cupania","Cupania vernalis","Cupania vernalis Cambess.",-26.599722,-58.064444,NA,29,10,2004,3784297
"Cupania","Cupania vernalis","Cupania vernalis Cambess.",-12,-48,NA,14,6,1979,3784297
"Cupania","Cupania vernalis","Cupania vernalis Cambess.",-12,-48,NA,29,4,1973,3784297
"Cupania","Cupania vernalis","Cupania vernalis Cambess.",-20.272778,-40.476667,NA,21,7,2008,3784297
"Cupania","Cupania vernalis","Cupania vernalis Cambess.",-18.699444,-63.726944,1640,28,7,2011,3784297
"Cupania","Cupania vernalis","Cupania vernalis Cambess.",-21.41666,-64.26666,1700,2,10,1983,3784297
"Cupania","Cupania vernalis","Cupania vernalis Cambess.",-25.41666,-57.16666,250,3,8,1988,3784297
"Cupania","Cupania vernalis","Cupania vernalis Cambess.",-22.0225,-64.53916,NA,16,11,2004,3784297
"Cupania","Cupania vernalis","Cupania vernalis Cambess.",-31.890132,-54.386927,NA,8,4,2023,3784297
"Cupania","Cupania vernalis","Cupania vernalis Cambess.",-21.718056,-43.9075,1450,18,10,2014,3784297
"Cupania","Cupania vernalis","Cupania vernalis Cambess.",-21.677778,-43.883056,1670,20,5,2016,3784297
"Cupania","Cupania vernalis","Cupania vernalis Cambess.",-21.696944,-43.897222,1660,28,4,2016,3784297
"Cupania","Cupania vernalis","Cupania vernalis Cambess.",-18.216667,-63.683333,1360,27,4,1998,3784297
"Cupania","Cupania vernalis","Cupania vernalis Cambess.",-18.595555,-64.058611,2012,3,8,2011,3784297
"Cupania","Cupania vernalis","Cupania vernalis Cambess.",-25.9,-57.15,500,11,6,1988,3784297
"Cupania","Cupania vernalis","Cupania vernalis Cambess.",-26.16666,-55.45,NA,30,10,1988,3784297
"Cupania","Cupania vernalis","Cupania vernalis Cambess.",-18.257222,-63.668889,1200,8,11,2005,3784297
"Cupania","Cupania vernalis","Cupania vernalis Cambess.",-26.0373,-55.9498,NA,NA,5,1932,3784297
"Cupania","Cupania vernalis","Cupania vernalis Cambess.",-25.9,-57.15,500,16,6,1988,3784297
"Cupania","Cupania vernalis","Cupania vernalis Cambess.",-19.316667,-64.068889,961,9,10,2004,3784297
"Cupania","Cupania vernalis","Cupania vernalis Cambess.",-27.383333,-55.9,NA,8,4,1930,3784297
"Cupania","Cupania vernalis","Cupania vernalis Cambess.",-20.40027,-63.92972,1300,8,12,1999,3784297
"Cupania","Cupania vernalis","Cupania vernalis Cambess.",-26.16666,-55.45,NA,1,11,1988,3784297
"Cupania","Cupania vernalis","Cupania vernalis Cambess.",-20.85,-64.31666,1550,12,5,1995,3784297
"Cupania","Cupania vernalis","Cupania vernalis Cambess.",-27.31666,-55.53333,NA,25,7,1944,3784297
"Cupania","Cupania vernalis","Cupania vernalis Cambess.",-19.434444,-63.842861,1057,4,6,2009,3784297
"Cupania","Cupania vernalis","Cupania vernalis Cambess.",-24.63333,-56.51666,NA,NA,NA,1956,3784297
"Cupania","Cupania vernalis","Cupania vernalis Cambess.",-18.239444,-63.68,1497,11,12,2007,3784297
"Cupania","Cupania vernalis","Cupania vernalis Cambess.",-30.933063,-55.621161,NA,17,4,2023,3784297
"Cupania","Cupania vernalis","Cupania vernalis Cambess.",-22.660833,-43.027778,65,17,7,2018,3784297
"Cupania","Cupania vernalis","Cupania vernalis Cambess.",-22.660833,-43.027778,NA,17,7,2018,3784297
"Cupania","Cupania vernalis","Cupania vernalis Cambess.",-15.866667,-47.85,51,3,5,2012,3784297
"Cupania","Cupania vernalis","Cupania vernalis Cambess.",-15.471389,-47.600278,488.5,15,9,2010,3784297
"Cupania","Cupania vernalis","Cupania vernalis Cambess.",-15.850833,-47.764167,0,4,11,2013,3784297
"Cupania","Cupania vernalis","Cupania vernalis Cambess.",-15.745,-48.154722,0,9,5,2012,3784297
"Cupania","Cupania vernalis","Cupania vernalis Cambess.",-25.416667,-49.283333,NA,8,4,2011,3784297
"Cupania","Cupania vernalis","Cupania vernalis Cambess.",-25.416667,-49.283333,934,6,6,2012,3784297
"Cupania","Cupania vernalis","Cupania vernalis Cambess.",-19.471389,-43.985667,699,27,4,2006,3784297
"Cupania","Cupania vernalis","Cupania vernalis Cambess.",-19.477194,-44.015167,644,2,12,2006,3784297
"Cupania","Cupania vernalis","Cupania vernalis Cambess.",-18.4,-59.5333,775,19,7,1983,3784297
"Cupania","Cupania vernalis","Cupania vernalis Cambess.",-10.2743,-67.0847,NA,22,3,2011,3784297
"Cupania","Cupania vernalis","Cupania vernalis Cambess.",-18.702222,-63.718333,1420,27,7,2011,3784297
"Cupania","Cupania vernalis","Cupania vernalis Cambess.",-28.1,-56.683333,NA,19,1,2000,3784297
"Cupania","Cupania vernalis","Cupania vernalis Cambess.",-25.41666,-57.16666,250,8,9,1988,3784297
"Cupania","Cupania vernalis","Cupania vernalis Cambess.",-21.056528,-64.331278,1665,14,4,2008,3784297
"Cupania","Cupania vernalis","Cupania vernalis Cambess.",-26.43333,-53.81666,NA,5,3,2000,3784297
"Cupania","Cupania vernalis","Cupania vernalis Cambess.",-18.269722,-63.673333,1380,10,12,2007,3784297
"Cupania","Cupania vernalis","Cupania vernalis Cambess.",-25.6536,-54.5933,NA,21,8,1917,3784297
"Cupania","Cupania vernalis","Cupania vernalis Cambess.",-25.416667,-57.166667,NA,24,6,1989,3784297
"Cupania","Cupania vernalis","Cupania vernalis Cambess.",-26.2,-53.66666,690,15,10,1996,3784297
"Cupania","Cupania vernalis","Cupania vernalis Cambess.",-25.5,-50.66667,812,22,3,1990,3784297
"Cupania","Cupania vernalis","Cupania vernalis Cambess.",-22.3439,-64.4042,700,15,7,2006,3784297
"Cupania","Cupania vernalis","Cupania vernalis Cambess.",-22.3331,-64.3939,770,20,11,1998,3784297
"Cupania","Cupania vernalis","Cupania vernalis Cambess.",-8.261389,-49.281944,NA,10,9,2023,3784297
"Cupania","Cupania vernalis","Cupania vernalis Cambess.",-6.216667,-48.45,NA,8,7,1995,3784297
"Cupania","Cupania vernalis","Cupania vernalis Cambess.",-23.540833,-50.975556,NA,NA,NA,NA,3784297
"Cupania","Cupania vernalis","Cupania vernalis Cambess.",-8.263056,-49.266389,NA,16,5,2017,3784297
"Cupania","Cupania vernalis","Cupania vernalis Cambess.",-7.974722,-49.453056,NA,2,5,2017,3784297
"Cupania","Cupania vernalis","Cupania vernalis Cambess.",-19.51666,-63.86666,1620,19,12,2003,3784297
"Cupania","Cupania vernalis","Cupania vernalis Cambess.",-26.740225,-49.164919,89,21,11,2022,3784297
"Cupania","Cupania vernalis","Cupania vernalis Cambess.",-28.509674,-48.893162,NA,11,5,2023,3784297
"Cupania","Cupania vernalis","Cupania vernalis Cambess.",-23.751003,-46.566464,NA,16,10,2020,3784297
"Cupania","Cupania vernalis","Cupania vernalis Cambess.",-18,-44,NA,10,5,1935,3784297
"Cupania","Cupania vernalis","Cupania vernalis Cambess.",-18.1966,-63.7064,1250,9,8,2005,3784297
"Cupania","Cupania vernalis","Cupania vernalis Cambess.",-22.255,-64.1997,860,4,10,2005,3784297
"Cupania","Cupania vernalis","Cupania vernalis Cambess.",-25.5,-50.666667,NA,22,3,1990,3784297
"Cupania","Cupania vernalis","Cupania vernalis Cambess.",-15.866667,-47.85,102,3,5,2012,3784297
"Cupania","Cupania vernalis","Cupania vernalis Cambess.",-15.866667,-47.85,1087.5,7,4,1994,3784297
"Cupania","Cupania vernalis","Cupania vernalis Cambess.",-15.866667,-47.85,1087.5,7,4,1984,3784297
"Cupania","Cupania vernalis","Cupania vernalis Cambess.",-15.866667,-47.85,102,23,8,1996,3784297
"Cupania","Cupania vernalis","Cupania vernalis Cambess.",-15.866667,-47.85,1025,4,8,1994,3784297
"Cupania","Cupania vernalis","Cupania vernalis Cambess.",-15.744889,-48.154722,NA,9,5,2012,3784297
"Cupania","Cupania vernalis","Cupania vernalis Cambess.",-15.471417,-47.600389,977,15,9,2010,3784297
"Cupania","Cupania vernalis","Cupania vernalis Cambess.",-15.850889,-47.764083,NA,4,11,2013,3784297
"Cupania","Cupania vernalis","Cupania vernalis Cambess.",-15.541111,-47.577806,1075,NA,NA,1984,3784297
"Cupania","Cupania vernalis","Cupania vernalis Cambess.",-15.866667,-47.85,NA,28,8,2000,3784297
"Cupania","Cupania vernalis","Cupania vernalis Cambess.",-15.866667,-47.85,1087.5,23,11,1993,3784297
"Cupania","Cupania vernalis","Cupania vernalis Cambess.",-15.866667,-47.85,1087.5,3,12,1993,3784297
"Cupania","Cupania vernalis","Cupania vernalis Cambess.",-15.866667,-47.85,102,11,4,1995,3784297
"Cupania","Cupania vernalis","Cupania vernalis Cambess.",-15.866667,-47.85,NA,15,10,1933,3784297
"Cupania","Cupania vernalis","Cupania vernalis Cambess.",-15.866667,-47.85,1087.5,13,10,1993,3784297
"Cupania","Cupania vernalis","Cupania vernalis Cambess.",-15.866667,-47.85,102,5,11,1993,3784297
"Cupania","Cupania vernalis","Cupania vernalis Cambess.",-15.866667,-47.85,102,20,3,1996,3784297
"Cupania","Cupania vernalis","Cupania vernalis Cambess.",-15.866667,-47.85,1087.5,1,10,1993,3784297
"Cupania","Cupania vernalis","Cupania vernalis Cambess.",-15.866667,-47.85,1087.5,15,8,1984,3784297
"Cupania","Cupania vernalis","Cupania vernalis Cambess.",-26.602182,-65.168172,NA,17,1,2024,3784297
"Cupania","Cupania vernalis","Cupania vernalis Cambess.",-28.475557,-48.879108,NA,28,2,2023,3784297
"Cupania","Cupania vernalis","Cupania vernalis Cambess.",-15.7833,-47.68338,950,13,5,1966,3784297
"Cupania","Cupania vernalis","Cupania vernalis Cambess.",-20.758024,-42.8818439,700,17,9,1930,3784297
"Cupania","Cupania vernalis","Cupania vernalis Cambess.",-21.7503,-64.2522,1110,14,10,2005,3784297
"Cupania","Cupania vernalis","Cupania vernalis Cambess.",-19.9297,-64.2204,1679,26,12,2008,3784297
"Cupania","Cupania vernalis","Cupania vernalis Cambess.",-19.7303,-63.9156,1276,11,10,2008,3784297
"Cupania","Cupania vernalis","Cupania vernalis Cambess.",-23.120556,-54.218917,0,25,9,2009,3784297
"Cupania","Cupania vernalis","Cupania vernalis Cambess.",-23.938667,-51.1455,0,25,8,2009,3784297
"Cupania","Cupania vernalis","Cupania vernalis Cambess.",-23.4065,-51.363306,642,25,5,2007,3784297
"Cupania","Cupania vernalis","Cupania vernalis Cambess.",-20.81,-49.380556,0,7,5,1997,3784297
"Cupania","Cupania vernalis","Cupania vernalis Cambess.",-21.860278,-49.3925,0,26,4,2002,3784297
"Cupania","Cupania vernalis","Cupania vernalis Cambess.",-23.540833,-50.975556,0,16,10,2003,3784297
"Cupania","Cupania vernalis","Cupania vernalis Cambess.",-23.540833,-50.975556,0,3,6,2003,3784297
"Cupania","Cupania vernalis","Cupania vernalis Cambess.",-22.768333,-46.107222,1246,17,7,2001,3784297
"Cupania","Cupania vernalis","Cupania vernalis Cambess.",-22.733333,-46.15,900,14,10,1999,3784297
"Cupania","Cupania vernalis","Cupania vernalis Cambess.",-29.159444,-49.975,323,22,9,2009,3784297
"Cupania","Cupania vernalis","Cupania vernalis Cambess.",-23.45,-51.25,NA,24,1,2019,3784297
"Cupania","Cupania vernalis","Cupania vernalis Cambess.",-21.838889,-46.564722,0,15,6,1981,3784297
"Cupania","Cupania vernalis","Cupania vernalis Cambess.",-21.838889,-46.564722,0,2,12,1981,3784297
"Cupania","Cupania vernalis","Cupania vernalis Cambess.",-19.916667,-49.516667,500,4,4,2002,3784297
"Cupania","Cupania vernalis","Cupania vernalis Cambess.",-24.143056,-50.308417,1050,2,9,2005,3784297
"Cupania","Cupania vernalis","Cupania vernalis Cambess.",-20.699,-64.312,1300,27,5,1995,3784297
"Cupania","Cupania vernalis","Cupania vernalis Cambess.",-20.711,-64.305,1025,26,5,1995,3784297
"Cupania","Cupania vernalis","Cupania vernalis Cambess.",-20.7,-64.333,NA,1,5,1995,3784297
"Cupania","Cupania vernalis","Cupania vernalis Cambess.",-20.682,-64.325,1500,30,5,1995,3784297
"Cupania","Cupania vernalis","Cupania vernalis Cambess.",-19.895,-54.875,NA,24,8,1998,3784297
"Cupania","Cupania vernalis","Cupania vernalis Cambess.",-20.828,-64.377,1850,18,5,1995,3784297
"Cupania","Cupania vernalis","Cupania vernalis Cambess.",-13.488333,-41.023056,NA,20,6,1978,3784297
"Cupania","Cupania vernalis","Cupania vernalis Cambess.",-28.291667,-53.498889,430,11,9,2021,3784297
"Cupania","Cupania vernalis","Cupania vernalis Cambess.",-23.218056,-46.405,858,15,1,2020,3784297
"Cupania","Cupania vernalis","Cupania vernalis Cambess.",-28.08333,-55.7,120,21,9,1997,3784297
"Cupania","Cupania vernalis","Cupania vernalis Cambess.",-18.192222,-63.696389,1871,6,11,2005,3784297
"Cupania","Cupania vernalis","Cupania vernalis Cambess.",-18.866944,-63.860278,1702,29,5,2010,3784297
"Cupania","Cupania vernalis","Cupania vernalis Cambess.",-21.41666,-64.26666,1700,1,5,1983,3784297
"Cupania","Cupania vernalis","Cupania vernalis Cambess.",-19.31333,-64.09944,1437,20,4,2005,3784297
"Cupania","Cupania vernalis","Cupania vernalis Cambess.",-25.41666,-57.11666,297,29,5,1988,3784297
"Cupania","Cupania vernalis","Cupania vernalis Cambess.",-30.034991,-51.214437,27,NA,1,1974,3784297
"Cupania","Cupania vernalis","Cupania vernalis Cambess.",-29.885741,-51.385669,NA,NA,5,1977,3784297
"Cupania","Cupania vernalis","Cupania vernalis Cambess.",-26.866667,-57.166667,NA,11,11,1989,3784297
"Cupania","Cupania vernalis","Cupania vernalis Cambess.",-13.4806,-41.7725,683,11,2,2010,3784297
"Cupania","Cupania vernalis","Cupania vernalis Cambess.",-16.1658,-62.126,NA,21,7,2013,3784297
"Cupania","Cupania vernalis","Cupania vernalis Cambess.",-22.0211,-63.9575,650,6,3,2006,3784297
"Cupania","Cupania vernalis","Cupania vernalis Cambess.",-21.41,-41.920833,365,12,10,2008,3784297
"Cupania","Cupania vernalis","Cupania vernalis Cambess.",-21.391944,-41.925,357,14,8,2008,3784297
"Cupania","Cupania vernalis","Cupania vernalis Cambess.",-21.411667,-42.033056,256,1,11,2007,3784297
"Cupania","Cupania vernalis","Cupania vernalis Cambess.",-21.411667,-42.033056,256,31,10,2007,3784297
"Cupania","Cupania vernalis","Cupania vernalis Cambess.",-15.93194,-47.93194,NA,NA,NA,1989,3784297
"Cupania","Cupania vernalis","Cupania vernalis Cambess.",-25.41666,-57.16666,NA,30,6,1988,3784297
"Cupania","Cupania vernalis","Cupania vernalis Cambess.",-14.7,-61.15,180,11,6,1994,3784297
"Cupania","Cupania vernalis","Cupania vernalis Cambess.",-23.75,-64.83333,650,1,11,1998,3784297
"Cupania","Cupania vernalis","Cupania vernalis Cambess.",-20.415,-43.546944,1395,4,4,2008,3784297
"Cupania","Cupania vernalis","Cupania vernalis Cambess.",-20.130556,-43.842778,860,28,3,2010,3784297
"Cupania","Cupania vernalis","Cupania vernalis Cambess.",-19.946944,-43.898611,1175,10,2,2021,3784297
"Cupania","Cupania vernalis","Cupania vernalis Cambess.",-11.785619,-46.635358,643,26,8,2016,3784297
"Cupania","Cupania vernalis","Cupania vernalis Cambess.",-25.168636,-49.285483,NA,5,7,2016,3784297
"Cupania","Cupania vernalis","Cupania vernalis Cambess.",-11.183333,-53.05,NA,3,6,1999,3784297
"Cupania","Cupania vernalis","Cupania vernalis Cambess.",-25.9,-58.216667,NA,26,6,1999,3784297
"Cupania","Cupania vernalis","Cupania vernalis Cambess.",-26.183333,-49.25,NA,28,12,1999,3784297
"Cupania","Cupania vernalis","Cupania vernalis Cambess.",-9.47966,-68.3472,175,13,12,2018,3784297
"Cupania","Cupania vernalis","Cupania vernalis Cambess.",-27.448611,-56.823056,NA,25,10,1999,3784297
"Cupania","Cupania vernalis","Cupania vernalis Cambess.",-26.1667,-55.3333,NA,NA,NA,NA,3784297
"Cupania","Cupania vernalis","Cupania vernalis Cambess.",-26.1667,-55.25,NA,NA,NA,NA,3784297
"Cupania","Cupania vernalis","Cupania vernalis Cambess.",-15.866667,-47.85,1025,14,1,2018,3784297
"Cupania","Cupania vernalis","Cupania vernalis Cambess.",-18.238611,-63.685278,1300,18,5,2005,3784297
"Cupania","Cupania vernalis","Cupania vernalis Cambess.",-24.133333,-55.533333,150,25,9,1987,3784297
"Cupania","Cupania vernalis","Cupania vernalis Cambess.",-28.317687,-54.295884,236,3,10,2021,3784297
"Cupania","Cupania vernalis","Cupania vernalis Cambess.",-27.31,-58.07,NA,NA,NA,NA,3784297
"Cupania","Cupania vernalis","Cupania vernalis Cambess.",-15.7834208,-47.9298727,NA,23,5,1979,3784297
"Cupania","Cupania vernalis","Cupania vernalis Cambess.",-21.180444,-51.895917,NA,8,4,1999,3784297
"Cupania","Cupania vernalis","Cupania vernalis Cambess.",-21.769583,-52.18875,NA,12,4,1999,3784297
"Cupania","Cupania vernalis","Cupania vernalis Cambess.",-22.961389,-48.574167,NA,21,12,2022,3784297
"Cupania","Cupania vernalis","Cupania vernalis Cambess.",-22.872222,-48.434167,NA,4,8,1993,3784297
"Cupania","Cupania vernalis","Cupania vernalis Cambess.",-22.866667,-48.433333,NA,3,8,2004,3784297
"Cupania","Cupania vernalis","Cupania vernalis Cambess.",-22.866667,-48.016667,NA,20,5,2005,3784297
"Cupania","Cupania vernalis","Cupania vernalis Cambess.",-22.930556,-48.407778,NA,15,10,2021,3784297
"Cupania","Cupania vernalis","Cupania vernalis Cambess.",-22.886389,-48.498889,NA,13,4,2023,3784297
"Cupania","Cupania vernalis","Cupania vernalis Cambess.",-21.279722,-52.056389,NA,14,10,1998,3784297
"Cupania","Cupania vernalis","Cupania vernalis Cambess.",-26.905278,-49.148333,1049,8,1,2022,3784297
"Cupania","Cupania vernalis","Cupania vernalis Cambess.",-27.122778,-48.521111,NA,14,8,2011,3784297
"Cupania","Cupania vernalis","Cupania vernalis Cambess.",-27.234444,-51.964167,NA,1,6,2011,3784297
"Cupania","Cupania vernalis","Cupania vernalis Cambess.",-29.656667,-53.809444,NA,23,5,2014,3784297
"Cupania","Cupania vernalis","Cupania vernalis Cambess.",-28.496111,-50.096389,NA,21,11,2013,3784297
"Cupania","Cupania vernalis","Cupania vernalis Cambess.",-25.055278,-51.561111,1027,16,4,2009,3784297
"Cupania","Cupania vernalis","Cupania vernalis Cambess.",-19.798361,-42.499,258,20,11,2018,3784297
"Cupania","Cupania vernalis","Cupania vernalis Cambess.",-20.266111,-43.090972,436,15,1,2019,3784297
"Cupania","Cupania vernalis","Cupania vernalis Cambess.",-16.640278,-48.017222,NA,25,9,2007,3784297
"Cupania","Cupania vernalis","Cupania vernalis Cambess.",-18.751134,-43.412188,NA,22,10,2019,3784297
"Cupania","Cupania vernalis","Cupania vernalis Cambess.",-19.712806,-42.500389,243,12,11,2018,3784297
"Cupania","Cupania vernalis","Cupania vernalis Cambess.",-20.281056,-43.197639,459,25,5,2019,3784297
"Cupania","Cupania vernalis","Cupania vernalis Cambess.",-18.200833,-43.582778,NA,NA,5,2012,3784297
"Cupania","Cupania vernalis","Cupania vernalis Cambess.",-18.644444,-44.0825,NA,NA,9,2012,3784297
"Cupania","Cupania vernalis","Cupania vernalis Cambess.",-20.233528,-43.415111,737,25,9,2018,3784297
"Cupania","Cupania vernalis","Cupania vernalis Cambess.",-18.904444,-43.433056,NA,NA,2,2012,3784297
"Cupania","Cupania vernalis","Cupania vernalis Cambess.",-16.640278,-48.2,NA,25,9,2007,3784297
"Cupania","Cupania vernalis","Cupania vernalis Cambess.",-18,-42,NA,15,4,2023,3784297
"Cupania","Cupania vernalis","Cupania vernalis Cambess.",-26.990555,-48.634722,NA,24,4,2017,3784297
"Cupania","Cupania vernalis","Cupania vernalis Cambess.",-27.568952,-54.684008,NA,14,10,2022,3784297
"Cupania","Cupania vernalis","Cupania vernalis Cambess.",-25.595278,-54.389444,186,5,6,2015,3784297
"Cupania","Cupania vernalis","Cupania vernalis Cambess.",-25.055,-51.561111,1027,16,4,2009,3784297
"Cupania","Cupania vernalis","Cupania vernalis Cambess.",-24.61,-53.016667,390,2,5,2009,3784297
"Cupania","Cupania vernalis","Cupania vernalis Cambess.",-24.098611,-52.306111,510,10,7,2008,3784297
"Cupania","Cupania vernalis","Cupania vernalis Cambess.",-24.771667,-52.135556,641,28,8,2015,3784297
"Cupania","Cupania vernalis","Cupania vernalis Cambess.",-21.166111,-45.638333,887,30,7,2006,3784297
"Cupania","Cupania vernalis","Cupania vernalis Cambess.",-24.703302,-60.143917,NA,2,6,1947,3784297
"Cupania","Cupania vernalis","Cupania vernalis Cambess.",-26.893823,-54.655763,NA,26,7,1948,3784297
"Cupania","Cupania vernalis","Cupania vernalis Cambess.",-32.765619,-53.309907,NA,9,1,2024,3784297
"Cupania","Cupania vernalis","Cupania vernalis Cambess.",-26.697249,-65.268046,NA,23,1,2024,3784297
"Cupania","Cupania vernalis","Cupania vernalis Cambess.",-29.700555,-53.782777,185,11,1,2022,3784297
"Cupania","Cupania vernalis","Cupania vernalis Cambess.",-15.91667,-48.01667,1070,15,6,1999,3784297
"Cupania","Cupania vernalis","Cupania vernalis Cambess.",-28.203055,-50.759444,650,5,5,2005,3784297
"Cupania","Cupania vernalis","Cupania vernalis Cambess.",-27.996388,-50.923888,540,21,7,2005,3784297
"Cupania","Cupania vernalis","Cupania vernalis Cambess.",-16.22111,-47.34333,NA,13,5,2002,3784297
"Cupania","Cupania vernalis","Cupania vernalis Cambess.",-16.31917,-48.45611,830,10,6,2003,3784297
"Cupania","Cupania vernalis","Cupania vernalis Cambess.",-15.975833,-47.492222,NA,12,7,2012,3784297
"Cupania","Cupania vernalis","Cupania vernalis Cambess.",-17.71667,-48.5,1040,24,3,1993,3784297
"Cupania","Cupania vernalis","Cupania vernalis Cambess.",-15.92417,-48.03333,1080,12,3,1998,3784297
"Cupania","Cupania vernalis","Cupania vernalis Cambess.",-16.21111,-47.33639,840,7,3,2002,3784297
"Cupania","Cupania vernalis","Cupania vernalis Cambess.",-15.726388,-47.944166,NA,14,10,2018,3784297
"Cupania","Cupania vernalis","Cupania vernalis Cambess.",-19.08,-54.36,NA,17,4,2018,3784297
"Cupania","Cupania vernalis","Cupania vernalis Cambess.",-15.86667,-48.05,1150,9,5,1997,3784297
"Cupania","Cupania vernalis","Cupania vernalis Cambess.",-17.71278,-48.494722,500,25,4,1997,3784297
"Cupania","Cupania vernalis","Cupania vernalis Cambess.",-11.785555,-46.635277,643,26,8,2016,3784297
"Cupania","Cupania vernalis","Cupania vernalis Cambess.",-15.92417,-48.033333,1080,6,8,1997,3784297
"Cupania","Cupania vernalis","Cupania vernalis Cambess.",-15.301944,-42.431388,915,20,6,2017,3784297
"Cupania","Cupania vernalis","Cupania vernalis Cambess.",-1.390833,-61.842222,28,13,5,2015,3784297
"Cupania","Cupania vernalis","Cupania vernalis Cambess.",-17.86667,-48.5,570,21,3,1996,3784297
"Cupania","Cupania vernalis","Cupania vernalis Cambess.",-15.92417,-48.03333,1080,6,8,1997,3784297
"Cupania","Cupania vernalis","Cupania vernalis Cambess.",-16.12583,-48.63944,980,18,2,2003,3784297
"Cupania","Cupania vernalis","Cupania vernalis Cambess.",-16.17917,-48.50167,830,8,5,2003,3784297
"Cupania","Cupania vernalis","Cupania vernalis Cambess.",-6.230555,-48.428611,140,22,4,2004,3784297
"Cupania","Cupania vernalis","Cupania vernalis Cambess.",-7.003611,-47.570277,140,19,4,2008,3784297
"Cupania","Cupania vernalis","Cupania vernalis Cambess.",-16.21806,-47.33861,NA,14,8,2002,3784297
"Cupania","Cupania vernalis","Cupania vernalis Cambess.",-6.846111,-47.531666,140,23,2,2005,3784297
"Cupania","Cupania vernalis","Cupania vernalis Cambess.",-23.646109,-46.618358,NA,13,10,1931,3784297
"Cupania","Cupania vernalis","Cupania vernalis Cambess.",-15.7834208,-47.9298727,NA,30,4,1963,3784297
"Cupania","Cupania vernalis","Cupania vernalis Cambess.",-18.22,-63.68,NA,27,4,1998,3784297
"Cupania","Cupania vernalis","Cupania vernalis Cambess.",-19.083889,-48.084722,NA,NA,9,2008,3784297
"Cupania","Cupania vernalis","Cupania vernalis Cambess.",-25.341833,-50.335146,NA,19,10,2020,3784297
"Cupania","Cupania vernalis","Cupania vernalis Cambess.",-26.166667,-55.333333,NA,NA,NA,NA,3784297
"Cupania","Cupania vernalis","Cupania vernalis Cambess.",-23.8925,-46.619444,NA,18,9,2019,3784297
"Cupania","Cupania vernalis","Cupania vernalis Cambess.",-23.328056,-51.370278,NA,8,7,2023,3784297
"Cupania","Cupania vernalis","Cupania vernalis Cambess.",-24.851128,-54.340667,NA,11,12,2020,3784297
"Cupania","Cupania vernalis","Cupania vernalis Cambess.",-25.851904,-53.96171,NA,28,7,2023,3784297
"Cupania","Cupania vernalis","Cupania vernalis Cambess.",-15.75,-45.783333,1100,20,1,1981,3784297
"Cupania","Cupania vernalis","Cupania vernalis Cambess.",-15.933611,-47.879722,1085,20,6,2006,3784297
"Cupania","Cupania vernalis","Cupania vernalis Cambess.",-23.799167,-48.597222,602,5,4,1985,3784297
"Cupania","Cupania vernalis","Cupania vernalis Cambess.",-23.333333,-48.233333,647,18,6,1981,3784297
"Cupania","Cupania vernalis","Cupania vernalis Cambess.",-10.708333,-48.401111,234,14,12,1999,3784297
"Cupania","Cupania vernalis","Cupania vernalis Cambess.",-10.396944,-50.424444,190,22,3,1999,3784297
"Cupania","Cupania vernalis","Cupania vernalis Cambess.",-15.950556,-47.970278,1100,21,10,1988,3784297
"Cupania","Cupania vernalis","Cupania vernalis Cambess.",-15.939167,-47.881389,1100,14,8,1989,3784297
"Cupania","Cupania vernalis","Cupania vernalis Cambess.",-15.954722,-47.888611,1100,12,7,1989,3784297
"Cupania","Cupania vernalis","Cupania vernalis Cambess.",-15.9,-47.74,883,13,6,2011,3784297
"Cupania","Cupania vernalis","Cupania vernalis Cambess.",-23.218333,-46.960556,NA,9,5,1984,3784297
"Cupania","Cupania vernalis","Cupania vernalis Cambess.",-15.75,-47.75,1100,26,9,1979,3784297
"Cupania","Cupania vernalis","Cupania vernalis Cambess.",-15.973611,-47.910278,1100,19,7,1989,3784297
"Cupania","Cupania vernalis","Cupania vernalis Cambess.",-15.943056,-47.875,1100,NA,8,1989,3784297
"Cupania","Cupania vernalis","Cupania vernalis Cambess.",-18.9325,-47.140556,950,1,3,1989,3784297
"Cupania","Cupania vernalis","Cupania vernalis Cambess.",-15.964722,-47.881944,1100,3,10,1989,3784297
"Cupania","Cupania vernalis","Cupania vernalis Cambess.",-13.809444,-47.699722,879,19,3,1987,3784297
"Cupania","Cupania vernalis","Cupania vernalis Cambess.",-14.062778,-46.2175,515,3,10,2015,3784297
"Cupania","Cupania vernalis","Cupania vernalis Cambess.",-22.581111,-53,280,18,6,1998,3784297
"Cupania","Cupania vernalis","Cupania vernalis Cambess.",-23.216667,-44.710833,2,23,8,1991,3784297
"Cupania","Cupania vernalis","Cupania vernalis Cambess.",-19.281389,-44.403056,748,1,9,1979,3784297
"Cupania","Cupania vernalis","Cupania vernalis Cambess.",-15.516667,-48.1,875,10,8,1995,3784297
"Cupania","Cupania vernalis","Cupania vernalis Cambess.",-13.5,-45.583333,574,29,7,1989,3784297
"Cupania","Cupania vernalis","Cupania vernalis Cambess.",-15.956111,-47.892778,1100,31,5,1989,3784297
"Cupania","Cupania vernalis","Cupania vernalis Cambess.",-15.75,-47.75,1100,31,3,1980,3784297
"Cupania","Cupania vernalis","Cupania vernalis Cambess.",-14.136111,-47.518889,1232,17,3,2002,3784297
"Cupania","Cupania vernalis","Cupania vernalis Cambess.",-15.453056,-45.815556,830,27,5,2004,3784297
"Cupania","Cupania vernalis","Cupania vernalis Cambess.",-16.566389,-49.156944,790,13,4,2005,3784297
"Cupania","Cupania vernalis","Cupania vernalis Cambess.",-16.545278,-49.135,832,31,8,2005,3784297
"Cupania","Cupania vernalis","Cupania vernalis Cambess.",-15.75,-47.75,1100,11,3,1980,3784297
"Cupania","Cupania vernalis","Cupania vernalis Cambess.",-13.75,-45.783333,1100,20,5,1980,3784297
"Cupania","Cupania vernalis","Cupania vernalis Cambess.",-23.863889,-52.874444,509,26,8,2005,3784297
"Cupania","Cupania vernalis","Cupania vernalis Cambess.",-15.75,-47.75,1100,19,6,1979,3784297
"Cupania","Cupania vernalis","Cupania vernalis Cambess.",-15.798056,-47.781944,1100,23,5,1979,3784297
"Cupania","Cupania vernalis","Cupania vernalis Cambess.",-15.846667,-47.84,1100,20,4,1979,3784297
"Cupania","Cupania vernalis","Cupania vernalis Cambess.",-15.75,-47.75,1100,30,4,1979,3784297
"Cupania","Cupania vernalis","Cupania vernalis Cambess.",-15.795833,-47.769722,1100,23,1,1980,3784297
"Cupania","Cupania vernalis","Cupania vernalis Cambess.",-15.75,-47.75,1100,28,3,1980,3784297
"Cupania","Cupania vernalis","Cupania vernalis Cambess.",-14.138889,-47.768889,1232,12,9,1996,3784297
"Cupania","Cupania vernalis","Cupania vernalis Cambess.",-15.816667,-48.077778,1100,30,3,1980,3784297
"Cupania","Cupania vernalis","Cupania vernalis Cambess.",-15.795833,-47.769722,1100,29,8,1979,3784297
"Cupania","Cupania vernalis","Cupania vernalis Cambess.",-15.795833,-47.769722,1100,25,3,1981,3784297
"Cupania","Cupania vernalis","Cupania vernalis Cambess.",-15.795833,-47.769722,1100,9,6,1981,3784297
"Cupania","Cupania vernalis","Cupania vernalis Cambess.",-15.75,-47.75,1100,25,2,1981,3784297
"Cupania","Cupania vernalis","Cupania vernalis Cambess.",-15.75,-47.75,1100,14,4,1981,3784297
"Cupania","Cupania vernalis","Cupania vernalis Cambess.",-15.793889,-47.887778,1100,26,5,1982,3784297
"Cupania","Cupania vernalis","Cupania vernalis Cambess.",-15.75,-47.75,1100,17,3,1981,3784297
"Cupania","Cupania vernalis","Cupania vernalis Cambess.",-21.838889,-46.564722,1199,30,3,1981,3784297
"Cupania","Cupania vernalis","Cupania vernalis Cambess.",-25.942778,-52.176111,883,15,4,2006,3784297
"Cupania","Cupania vernalis","Cupania vernalis Cambess.",-15.931944,-47.931944,1100,19,9,1989,3784297
"Cupania","Cupania vernalis","Cupania vernalis Cambess.",-19.334167,-46.251389,1076,13,4,1990,3784297
"Cupania","Cupania vernalis","Cupania vernalis Cambess.",-23.025279,-48.635234,NA,NA,NA,NA,3784297
"Cupania","Cupania vernalis","Cupania vernalis Cambess.",-23.038889,-48.631575,NA,NA,NA,NA,3784297
"Cupania","Cupania vernalis","Cupania vernalis Cambess.",-23.1028,-47.0203,694,NA,NA,NA,3784297
"Cupania","Cupania vernalis","Cupania vernalis Cambess.",-22.9241,-47.66292,585,7,4,2015,3784297
"Cupania","Cupania vernalis","Cupania vernalis Cambess.",-23.037581,-48.635053,NA,NA,NA,NA,3784297
"Cupania","Cupania vernalis","Cupania vernalis Cambess.",-22.7782,-47.82393,553,7,3,2015,3784297
"Cupania","Cupania vernalis","Cupania vernalis Cambess.",-23.039481,-48.628825,NA,NA,NA,NA,3784297
"Cupania","Cupania vernalis","Cupania vernalis Cambess.",-23.02649,-48.635423,NA,NA,NA,NA,3784297
"Cupania","Cupania vernalis","Cupania vernalis Cambess.",-23.050242,-48.651733,NA,NA,NA,NA,3784297
"Cupania","Cupania vernalis","Cupania vernalis Cambess.",-22.76742,-47.28142,584,7,7,2015,3784297
"Cupania","Cupania vernalis","Cupania vernalis Cambess.",-26.690859,-65.280722,NA,6,2,2024,3784297
"Cupania","Cupania vernalis","Cupania vernalis Cambess.",-31.361872,-55.98911,NA,11,5,2022,3784297
"Cupania","Cupania vernalis","Cupania vernalis Cambess.",-28.031709,-59.231222,NA,10,8,2023,3784297
"Cupania","Cupania vernalis","Cupania vernalis Cambess.",-26.797684,-65.331165,NA,1,5,2022,3784297
"Cupania","Cupania vernalis","Cupania vernalis Cambess.",-26.70857,-65.286918,NA,25,1,2024,3784297
"Cupania","Cupania vernalis","Cupania vernalis Cambess.",-28.481534,-48.883264,NA,3,8,2022,3784297
"Cupania","Cupania vernalis","Cupania vernalis Cambess.",-28.017343,-59.269137,NA,10,7,2021,3784297
"Cupania","Cupania vernalis","Cupania vernalis Cambess.",-25.397166,-49.283532,NA,31,8,2022,3784297
"Cupania","Cupania vernalis","Cupania vernalis Cambess.",-25.700968,-54.443912,NA,29,4,2023,3784297
"Cupania","Cupania vernalis","Cupania vernalis Cambess.",-29.105607,-56.930841,NA,15,10,2022,3784297
"Cupania","Cupania vernalis","Cupania vernalis Cambess.",-26.831005,-65.221903,NA,28,10,2022,3784297
"Cupania","Cupania vernalis","Cupania vernalis Cambess.",-31.363578,-55.990906,NA,29,10,2022,3784297
"Cupania","Cupania vernalis","Cupania vernalis Cambess.",-27.218818,-51.956622,NA,14,11,2021,3784297
"Cupania","Cupania vernalis","Cupania vernalis Cambess.",-26.803828,-65.32007,NA,30,4,2022,3784297
"Cupania","Cupania vernalis","Cupania vernalis Cambess.",-29.113482,-56.91938,NA,15,5,2015,3784297
"Cupania","Cupania vernalis","Cupania vernalis Cambess.",-28.632029,-57.409599,NA,17,10,2022,3784297
"Cupania","Cupania vernalis","Cupania vernalis Cambess.",-26.928289,-49.049095,NA,14,8,2022,3784297
"Cupania","Cupania vernalis","Cupania vernalis Cambess.",-25.44908,-49.233362,NA,27,11,2023,3784297
"Cupania","Cupania vernalis","Cupania vernalis Cambess.",-25.680433,-54.45195,NA,27,2,2024,3784297
"Cupania","Cupania vernalis","Cupania vernalis Cambess.",-20.385556,-43.508056,1028,8,4,2013,3784297
"Cupania","Cupania vernalis","Cupania vernalis Cambess.",-20.427194,-43.510194,1343,17,6,2019,3784297
"Cupania","Cupania vernalis","Cupania vernalis Cambess.",-19.004444,-43.773611,0,12,1,2016,3784297
"Cupania","Cupania vernalis","Cupania vernalis Cambess.",-20.4225,-43.504722,1380,30,9,2010,3784297
"Cupania","Cupania vernalis","Cupania vernalis Cambess.",-20.422222,-43.507222,1381,9,10,2009,3784297
"Cupania","Cupania vernalis","Cupania vernalis Cambess.",-20.03,-49.38,NA,4,4,2002,3784297
"Cupania","Cupania vernalis","Cupania vernalis Cambess.",-20.849167,-46.718056,NA,NA,NA,NA,3784297
"Cupania","Cupania vernalis","Cupania vernalis Cambess.",-23.18,-46.88,NA,NA,NA,NA,3784297
"Cupania","Cupania vernalis","Cupania vernalis Cambess.",-20.82,-49.37,NA,20,11,2001,3784297
"Cupania","Cupania vernalis","Cupania vernalis Cambess.",-26.833333,-52.452778,NA,NA,NA,NA,3784297
"Cupania","Cupania vernalis","Cupania vernalis Cambess.",-21.716667,-43.883333,1400,24,1,2007,3784297
"Cupania","Cupania vernalis","Cupania vernalis Cambess.",-26.301111,-49.216389,NA,12,10,2017,3784297
"Cupania","Cupania vernalis","Cupania vernalis Cambess.",-22.25,-44.566667,660,30,3,1995,3784297
"Cupania","Cupania vernalis","Cupania vernalis Cambess.",-24.270556,-49.259722,NA,16,12,1997,3784297
"Cupania","Cupania vernalis","Cupania vernalis Cambess.",-27.867778,-49.044167,NA,14,8,2009,3784297
"Cupania","Cupania vernalis","Cupania vernalis Cambess.",-22.05,-53.533333,NA,27,10,1981,3784297
"Cupania","Cupania vernalis","Cupania vernalis Cambess.",-19.404722,-43.411667,711,28,5,2010,3784297
"Cupania","Cupania vernalis","Cupania vernalis Cambess.",-25.75,-49.05,NA,18,12,2001,3784297
"Cupania","Cupania vernalis","Cupania vernalis Cambess.",-29.76333,-51.14193,9.49,3,5,2022,3784297
"Cupania","Cupania vernalis","Cupania vernalis Cambess.",-25.932778,-58.212778,NA,14,10,2004,3784297
"Cupania","Cupania vernalis","Cupania vernalis Cambess.",-25.33,-57.35,NA,NA,4,1913,3784297
"Cupania","Cupania vernalis","Cupania vernalis Cambess.",-25.680433,-54.451947,NA,26,1,2024,3784297
"Cupania","Cupania vernalis","Cupania vernalis Cambess.",-10.39694,-50.42444,190,NA,NA,1999,3784297
"Cupania","Cupania vernalis","Cupania vernalis Cambess.",-22.08333,-64.41666,1100,14,10,1983,3784297
"Cupania","Cupania vernalis","Cupania vernalis Cambess.",-25.9,-57.15,230,30,5,1985,3784297
"Cupania","Cupania vernalis","Cupania vernalis Cambess.",-27.38333,-55.58333,NA,NA,NA,1947,3784297
"Cupania","Cupania vernalis","Cupania vernalis Cambess.",-25.2308,-48.9315,NA,25,8,1982,3784297
"Cupania","Cupania vernalis","Cupania vernalis Cambess.",-29.109156,-56.930917,NA,15,10,2022,3784297
"Cupania","Cupania vernalis","Cupania vernalis Cambess.",-10.38,-48.195278,NA,7,12,2005,3784297
"Cupania","Cupania vernalis","Cupania vernalis Cambess.",-10.386389,-48.230278,NA,1,1,2006,3784297
"Cupania","Cupania vernalis","Cupania vernalis Cambess.",-10.372778,-48.16,NA,22,11,2005,3784297
"Cupania","Cupania vernalis","Cupania vernalis Cambess.",-10.411111,-48.295556,NA,5,12,2006,3784297
"Cupania","Cupania vernalis","Cupania vernalis Cambess.",-6.216667,-48.45,0,8,7,1995,3784297
"Cupania","Cupania vernalis","Cupania vernalis Cambess.",-12,-57,NA,18,6,1966,3784297
"Cupania","Cupania vernalis","Cupania vernalis Cambess.",-10.8339,-52.8731,NA,16,5,2002,3784297
"Cupania","Cupania vernalis","Cupania vernalis Cambess.",-22,-49,NA,17,4,1991,3784297
"Cupania","Cupania vernalis","Cupania vernalis Cambess.",-15.75,-47.75,NA,22,7,1966,3784297
"Cupania","Cupania vernalis","Cupania vernalis Cambess.",-23.2025,-58.1689,NA,NA,10,1932,3784297
"Cupania","Cupania vernalis","Cupania vernalis Cambess.",-23.2025,-58.1689,NA,NA,5,1929,3784297
"Cupania","Cupania vernalis","Cupania vernalis Cambess.",-18,-44,NA,17,9,1930,3784297
"Cupania","Cupania vernalis","Cupania vernalis Cambess.",-30,-54,NA,26,5,1959,3784297
"Cupania","Cupania vernalis","Cupania vernalis Cambess.",-24,-51,NA,27,8,1991,3784297
"Cupania","Cupania vernalis","Cupania vernalis Cambess.",-30,-54,NA,5,5,1985,3784297
"Cupania","Cupania vernalis","Cupania vernalis Cambess.",-23.2025,-58.1689,NA,NA,NA,1888,3784297
"Cupania","Cupania vernalis","Cupania vernalis Cambess.",-18,-44,NA,16,5,2002,3784297
"Cupania","Cupania vernalis","Cupania vernalis Cambess.",-30,-54,NA,12,5,1989,3784297
"Cupania","Cupania vernalis","Cupania vernalis Cambess.",-12,-57,NA,14,6,1966,3784297
"Cupania","Cupania vernalis","Cupania vernalis Cambess.",-24,-51,NA,14,4,1910,3784297
"Cupania","Cupania vernalis","Cupania vernalis Cambess.",-18,-44,NA,NA,NA,1838,3784297
"Cupania","Cupania vernalis","Cupania vernalis Cambess.",-18.2393,-63.6837,1555,12,12,2007,3784297
"Cupania","Cupania vernalis","Cupania vernalis Cambess.",-18.0317,-57.49,NA,NA,NA,NA,3784297
"Cupania","Cupania vernalis","Cupania vernalis Cambess.",-20.8,-42.85,NA,1,11,2001,3784297
"Cupania","Cupania vernalis","Cupania vernalis Cambess.",-26.86666,-57.16666,NA,NA,NA,1992,3784297
"Cupania","Cupania vernalis","Cupania vernalis Cambess.",-25.15,-57.57,NA,16,7,1943,3784297
"Cupania","Cupania vernalis","Cupania vernalis Cambess.",-18,-44,NA,1,4,1935,3784297
"Cupania","Cupania vernalis","Cupania vernalis Cambess.",-30,-54,NA,18,8,2002,3784297
"Cupania","Cupania vernalis","Cupania vernalis Cambess.",-27,-50,NA,2,4,1953,3784297
"Cupania","Cupania vernalis","Cupania vernalis Cambess.",-12,-48,NA,2,5,1973,3784297
"Cupania","Cupania vernalis","Cupania vernalis Cambess.",-18,-44,NA,23,3,1970,3784297
"Cupania","Cupania vernalis","Cupania vernalis Cambess.",-30,-54,NA,21,4,1947,3784297
"Cupania","Cupania vernalis","Cupania vernalis Cambess.",-23.2025,-58.1689,NA,NA,5,1931,3784297
"Cupania","Cupania vernalis","Cupania vernalis Cambess.",-30,-54,NA,7,7,1982,3784297
"Cupania","Cupania vernalis","Cupania vernalis Cambess.",-17.5,-61.5,NA,17,5,1991,3784297
"Cupania","Cupania vernalis","Cupania vernalis Cambess.",-25.375556,-53.39,294,13,3,2018,3784297
"Cupania","Cupania vernalis","Cupania vernalis Cambess.",-25.295555,-53.382222,254,8,8,2018,3784297
"Cupania","Cupania vernalis","Cupania vernalis Cambess.",-25.295555,-53.3825,252,8,8,2018,3784297
"Cupania","Cupania vernalis","Cupania vernalis Cambess.",-25.392778,-53.315833,401,10,5,2018,3784297
"Cupania","Cupania vernalis","Cupania vernalis Cambess.",-24.134167,-51.392778,NA,7,11,2014,3784297
"Cupania","Cupania vernalis","Cupania vernalis Cambess.",-24.363611,-53.006111,390,2,5,2009,3784297
"Cupania","Cupania vernalis","Cupania vernalis Cambess.",-42.5286,-63.879,NA,16,8,1944,3784297
"Cupania","Cupania vernalis","Cupania vernalis Cambess.",-26.45,-53.86666,690,16,4,1996,3784297
"Cupania","Cupania vernalis","Cupania vernalis Cambess.",-27.254382,-55.538683,NA,5,8,2021,3784297
"Cupania","Cupania vernalis","Cupania vernalis Cambess.",-25.21666,-57.15,NA,30,7,1988,3784297
"Cupania","Cupania vernalis","Cupania vernalis Cambess.",-26.295889,-50.91475,770,25,3,2004,3784297
"Cupania","Cupania vernalis","Cupania vernalis Cambess.",-25.333333,-57.466667,NA,NA,9,1991,3784297
"Cupania","Cupania vernalis","Cupania vernalis Cambess.",-23.396629,-46.374272,812.95,4,11,2021,3784297
"Cupania","Cupania vernalis","Cupania vernalis Cambess.",-27.196798,-54.340066,397,22,7,2022,3784297
"Cupania","Cupania vernalis","Cupania vernalis Cambess.",-26.803375,-65.319984,NA,31,7,2022,3784297
"Cupania","Cupania vernalis","Cupania vernalis Cambess.",-22.25,-44.566667,NA,30,3,1995,3784297
"Cupania","Cupania vernalis","Cupania vernalis Cambess.",-26.929272,-49.049009,NA,19,8,2023,3784297
"Cupania","Cupania vernalis","Cupania vernalis Cambess.",-25.015183,-64.597228,NA,23,9,2023,3784297
"Cupania","Cupania vernalis","Cupania vernalis Cambess.",-31.190338,-55.902423,NA,4,3,2024,3784297
"Cupania","Cupania vernalis","Cupania vernalis Cambess.",-1.896367,-55.517614,NA,20,8,2023,3784297
"Cupania","Cupania vernalis","Cupania vernalis Cambess.",-27.460414,-58.829536,NA,9,6,2022,3784297
"Cupania","Cupania vernalis","Cupania vernalis Cambess.",-24.724058,-64.662497,NA,24,9,2023,3784297
"Cupania","Cupania vernalis","Cupania vernalis Cambess.",-25.982896,-58.16435,NA,26,10,2007,3784297
"Cupania","Cupania vernalis","Cupania vernalis Cambess.",-28.805,-49.218056,26,NA,NA,NA,3784297
"Cupania","Cupania vernalis","Cupania vernalis Cambess.",-26.831283,-65.222227,NA,5,10,2022,3784297
"Cupania","Cupania vernalis","Cupania vernalis Cambess.",-28.054342,-56.013988,NA,20,10,2021,3784297
"Cupania","Cupania vernalis","Cupania vernalis Cambess.",-32.766756,-53.3106,NA,9,1,2024,3784297
"Cupania","Cupania vernalis","Cupania vernalis Cambess.",-26.803381,-65.320186,NA,5,8,2023,3784297
"Cupania","Cupania vernalis","Cupania vernalis Cambess.",-26.803115,-65.319684,NA,29,4,2023,3784297
"Cupania","Cupania vernalis","Cupania vernalis Cambess.",-27.46049,-58.829419,NA,4,12,2020,3784297
"Cupania","Cupania vernalis","Cupania vernalis Cambess.",-32.156426,-53.785559,NA,1,7,2022,3784297
"Cupania","Cupania vernalis","Cupania vernalis Cambess.",-27.605442,-56.435647,NA,2,1,2022,3784297
"Cupania","Cupania vernalis","Cupania vernalis Cambess.",-26.925793,-48.645825,NA,4,9,2019,3784297
"Cupania","Cupania vernalis","Cupania vernalis Cambess.",-25.045073,-50.138388,NA,22,3,2021,3784297
"Cupania","Cupania vernalis","Cupania vernalis Cambess.",-31.363906,-55.991315,NA,17,11,2023,3784297
"Cupania","Cupania vernalis","Cupania vernalis Cambess.",-30.240318,-57.602826,NA,19,6,2022,3784297
"Cupania","Cupania vernalis","Cupania vernalis Cambess.",-28.013888,-59.269687,NA,27,2,2022,3784297
"Cupania","Cupania vernalis","Cupania vernalis Cambess.",-25.851983,-53.968255,NA,4,8,2023,3784297
"Cupania","Cupania vernalis","Cupania vernalis Cambess.",-29.655112,-53.594795,NA,14,3,2021,3784297
"Cupania","Cupania vernalis","Cupania vernalis Cambess.",-28.327734,-57.439386,NA,18,10,2022,3784297
"Cupania","Cupania vernalis","Cupania vernalis Cambess.",-27.284592,-55.588733,NA,24,7,2009,3784297
"Cupania","Cupania vernalis","Cupania vernalis Cambess.",-26.802573,-65.318455,NA,1,5,2022,3784297
"Cupania","Cupania vernalis","Cupania vernalis Cambess.",-32.766641,-53.310595,NA,9,1,2024,3784297
"Cupania","Cupania vernalis","Cupania vernalis Cambess.",-25.446087,-49.233167,NA,27,11,2023,3784297
"Cupania","Cupania vernalis","Cupania vernalis Cambess.",-28.014867,-59.269543,NA,27,2,2022,3784297
"Cupania","Cupania vernalis","Cupania vernalis Cambess.",-27.663576,-57.072016,NA,14,10,2022,3784297
"Cupania","Cupania vernalis","Cupania vernalis Cambess.",-26.000462,-54.13078,NA,1,5,2023,3784297
"Cupania","Cupania vernalis","Cupania vernalis Cambess.",-27.377323,-54.745426,NA,11,10,2022,3784297
"Cupania","Cupania vernalis","Cupania vernalis Cambess.",-27.16,-55.34,NA,NA,NA,NA,3784297
"Cupania","Cupania vernalis","Cupania vernalis Cambess.",-30.71,-58.16,NA,NA,NA,NA,3784297
"Cupania","Cupania vernalis","Cupania vernalis Cambess.",-28.1,-56.69,NA,NA,NA,NA,3784297
"Cupania","Cupania vernalis","Cupania vernalis Cambess.",-26.45,-53.87,NA,NA,NA,NA,3784297
"Cupania","Cupania vernalis","Cupania vernalis Cambess.",-26.92,-54.21,NA,NA,NA,NA,3784297
"Cupania","Cupania vernalis","Cupania vernalis Cambess.",-27.13,-53.88,NA,NA,NA,NA,3784297
"Cupania","Cupania vernalis","Cupania vernalis Cambess.",-26.89,-53.88,NA,NA,NA,NA,3784297
"Cupania","Cupania vernalis","Cupania vernalis Cambess.",-23.67,-64.93,NA,NA,NA,NA,3784297
"Cupania","Cupania vernalis","Cupania vernalis Cambess.",-23.12,-64.48,NA,NA,NA,NA,3784297
"Cupania","Cupania vernalis","Cupania vernalis Cambess.",-27.77,-55.16,NA,NA,NA,NA,3784297
"Cupania","Cupania vernalis","Cupania vernalis Cambess.",-22.33,-64.93,NA,NA,NA,NA,3784297
"Cupania","Cupania vernalis","Cupania vernalis Cambess.",-27.48,-55.92,NA,NA,NA,NA,3784297
"Cupania","Cupania vernalis","Cupania vernalis Cambess.",-29.03,-57.1,NA,NA,NA,NA,3784297
"Cupania","Cupania vernalis","Cupania vernalis Cambess.",-31.35,-58.18,NA,NA,NA,NA,3784297
"Cupania","Cupania vernalis","Cupania vernalis Cambess.",-22.33,-63.9,NA,NA,NA,NA,3784297
"Cupania","Cupania vernalis","Cupania vernalis Cambess.",-23.76,-64.86,NA,NA,NA,NA,3784297
"Cupania","Cupania vernalis","Cupania vernalis Cambess.",-25.9,-58.22,NA,NA,NA,NA,3784297
"Cupania","Cupania vernalis","Cupania vernalis Cambess.",-28.08,-55.7,NA,NA,NA,NA,3784297
"Cupania","Cupania vernalis","Cupania vernalis Cambess.",-23.12,-64.45,NA,NA,NA,NA,3784297
"Cupania","Cupania vernalis","Cupania vernalis Cambess.",-27.44,-55.59,NA,NA,NA,NA,3784297
"Cupania","Cupania vernalis","Cupania vernalis Cambess.",-26.43,-53.82,NA,NA,NA,NA,3784297
"Cupania","Cupania vernalis","Cupania vernalis Cambess.",-26.2,-53.67,NA,NA,NA,NA,3784297
"Cupania","Cupania vernalis","Cupania vernalis Cambess.",-27.73,-55.57,NA,NA,NA,NA,3784297
"Cupania","Cupania vernalis","Cupania vernalis Cambess.",-27.67,-55.62,NA,NA,NA,NA,3784297
"Cupania","Cupania vernalis","Cupania vernalis Cambess.",-29.15,-56.65,NA,NA,NA,NA,3784297
"Cupania","Cupania vernalis","Cupania vernalis Cambess.",-25,-57,NA,NA,NA,NA,3784297
"Cupania","Cupania vernalis","Cupania vernalis Cambess.",-25,-57,NA,16,10,1980,3784297
"Cupania","Cupania vernalis","Cupania vernalis Cambess.",-25,-57,250,NA,NA,NA,3784297
"Cupania","Cupania vernalis","Cupania vernalis Cambess.",-25,-57,250,2,8,1982,3784297
"Cupania","Cupania vernalis","Cupania vernalis Cambess.",-25,-57,250,20,9,1982,3784297
"Cupania","Cupania vernalis","Cupania vernalis Cambess.",-25,-57,250,5,8,1982,3784297
"Cupania","Cupania vernalis","Cupania vernalis Cambess.",-25,-57,250,3,9,1982,3784297
"Cupania","Cupania vernalis","Cupania vernalis Cambess.",-28.984722,-55.716667,NA,18,8,1991,3784297
"Cupania","Cupania vernalis","Cupania vernalis Cambess.",-30.823889,-55.35,NA,11,10,2017,3784297
"Cupania","Cupania vernalis","Cupania vernalis Cambess.",-30.180833,-51.386111,NA,17,10,2009,3784297
"Cupania","Cupania vernalis","Cupania vernalis Cambess.",-10.412778,-37.174722,NA,31,8,2011,3784297
"Cupania","Cupania vernalis","Cupania vernalis Cambess.",-23.548056,-48.747222,NA,16,5,2007,3784297
"Cupania","Cupania vernalis","Cupania vernalis Cambess.",-23.420556,-46.633611,1077,15,5,2008,3784297
"Cupania","Cupania vernalis","Cupania vernalis Cambess.",-22.133333,-47.666667,NA,22,8,1995,3784297
"Cupania","Cupania vernalis","Cupania vernalis Cambess.",-23.183333,-46.866667,1105,29,2,2008,3784297
"Cupania","Cupania vernalis","Cupania vernalis Cambess.",-23.004722,-46.974722,NA,27,10,2002,3784297
"Cupania","Cupania vernalis","Cupania vernalis Cambess.",-16.179167,-48.501667,830,8,5,2003,3784297
"Cupania","Cupania vernalis","Cupania vernalis Cambess.",-26.9,-49.85,587,1,6,2010,3784297
"Cupania","Cupania vernalis","Cupania vernalis Cambess.",-23.710822,-48.585083,NA,NA,NA,1988,3784297
"Cupania","Cupania vernalis","Cupania vernalis Cambess.",-16.211111,-47.336389,840,7,3,2002,3784297
"Cupania","Cupania vernalis","Cupania vernalis Cambess.",-22.783333,-46.933333,739,28,9,1999,3784297
"Cupania","Cupania vernalis","Cupania vernalis Cambess.",-24.098356,-52.306111,510,10,7,2008,3784297
"Cupania","Cupania vernalis","Cupania vernalis Cambess.",-23.710817,-48.585028,NA,9,9,1986,3784297
"Cupania","Cupania vernalis","Cupania vernalis Cambess.",-24.063056,-47.975556,800,7,1,2015,3784297
"Cupania","Cupania vernalis","Cupania vernalis Cambess.",-23.4,-45.183333,1017.5,NA,NA,2009,3784297
"Cupania","Cupania vernalis","Cupania vernalis Cambess.",-23.396589,-47,1139,16,11,2017,3784297
"Cupania","Cupania vernalis","Cupania vernalis Cambess.",-22.133333,-47.666667,NA,21,3,1995,3784297
"Cupania","Cupania vernalis","Cupania vernalis Cambess.",-22.484167,-45.026944,1100,5,4,1995,3784297
"Cupania","Cupania vernalis","Cupania vernalis Cambess.",-22.9,-47.083333,NA,NA,3,1996,3784297
"Cupania","Cupania vernalis","Cupania vernalis Cambess.",-20.840028,-47.801722,945,6,5,2003,3784297
"Cupania","Cupania vernalis","Cupania vernalis Cambess.",-23.366389,-45.084167,380,9,1,2007,3784297
"Cupania","Cupania vernalis","Cupania vernalis Cambess.",-27.27,-52.155,NA,28,11,2008,3784297
"Cupania","Cupania vernalis","Cupania vernalis Cambess.",-23.621111,-45.511389,70,29,5,2010,3784297
"Cupania","Cupania vernalis","Cupania vernalis Cambess.",-16.125833,-48.639444,980,18,2,2003,3784297
"Cupania","Cupania vernalis","Cupania vernalis Cambess.",-22.866667,-46.9,885,16,8,2000,3784297
"Cupania","Cupania vernalis","Cupania vernalis Cambess.",-24.269722,-49.151389,NA,10,12,1997,3784297
"Cupania","Cupania vernalis","Cupania vernalis Cambess.",-22.956667,-46.931944,NA,12,10,2008,3784297
"Cupania","Cupania vernalis","Cupania vernalis Cambess.",-23.330333,-45.945278,999,5,1,2011,3784297
"Cupania","Cupania vernalis","Cupania vernalis Cambess.",-22.956667,-46.931944,955,12,10,2008,3784297
"Cupania","Cupania vernalis","Cupania vernalis Cambess.",-23.325278,-45.068056,1077,NA,NA,2008,3784297
"Cupania","Cupania vernalis","Cupania vernalis Cambess.",-23.523889,-47.1125,NA,1,9,1993,3784297
"Cupania","Cupania vernalis","Cupania vernalis Cambess.",-22.133333,-47.666667,NA,26,4,2000,3784297
"Cupania","Cupania vernalis","Cupania vernalis Cambess.",-22.833333,-46.916667,700,5,1,2006,3784297
"Cupania","Cupania vernalis","Cupania vernalis Cambess.",-23.333333,-48.233333,NA,18,6,1981,3784297
"Cupania","Cupania vernalis","Cupania vernalis Cambess.",-28.550833,-49.580278,NA,28,5,2009,3784297
"Cupania","Cupania vernalis","Cupania vernalis Cambess.",-23.341111,-45.067778,1070,23,6,2009,3784297
"Cupania","Cupania vernalis","Cupania vernalis Cambess.",-22.25,-49.5,NA,7,7,1994,3784297
"Cupania","Cupania vernalis","Cupania vernalis Cambess.",-22.956667,-46.931944,955,7,6,2009,3784297
"Cupania","Cupania vernalis","Cupania vernalis Cambess.",-23.004722,-46.974722,NA,8,5,2004,3784297
"Cupania","Cupania vernalis","Cupania vernalis Cambess.",-23.585833,-45.533889,850,29,6,2011,3784297
"Cupania","Cupania vernalis","Cupania vernalis Cambess.",-22.9,-46.9,887,16,6,2000,3784297
"Cupania","Cupania vernalis","Cupania vernalis Cambess.",-23.4,-45.183333,1017.5,7,12,2008,3784297
"Cupania","Cupania vernalis","Cupania vernalis Cambess.",-22.420833,-47.270278,NA,18,10,2016,3784297
"Cupania","Cupania vernalis","Cupania vernalis Cambess.",-23.25,-46.25,NA,13,8,1998,3784297
"Cupania","Cupania vernalis","Cupania vernalis Cambess.",-16.319167,-48.456111,830,10,6,2003,3784297
"Cupania","Cupania vernalis","Cupania vernalis Cambess.",-27.27,-52.155,251.5,28,11,2008,3784297
"Cupania","Cupania vernalis","Cupania vernalis Cambess.",-22.996111,-48.803333,NA,23,9,2010,3784297
"Cupania","Cupania vernalis","Cupania vernalis Cambess.",-25.210278,-53.870833,600,7,5,2014,3784297
"Cupania","Cupania vernalis","Cupania vernalis Cambess.",-25.296389,-54.0375,540,9,5,2014,3784297
"Cupania","Cupania vernalis","Cupania vernalis Cambess.",-23.541944,-48.787222,NA,25,9,2007,3784297
"Cupania","Cupania vernalis","Cupania vernalis Cambess.",-23.509722,-48.773333,NA,23,11,2006,3784297
"Cupania","Cupania vernalis","Cupania vernalis Cambess.",-23.521944,-48.747222,630,26,7,2007,3784297
"Cupania","Cupania vernalis","Cupania vernalis Cambess.",-20.557778,-49.251389,NA,11,5,2001,3784297
"Cupania","Cupania vernalis","Cupania vernalis Cambess.",-23.514444,-48.746667,NA,16,5,2007,3784297
"Cupania","Cupania vernalis","Cupania vernalis Cambess.",-23.833889,-49.144167,700,11,10,2009,3784297
"Cupania","Cupania vernalis","Cupania vernalis Cambess.",-23.833889,-49.144167,700,20,7,2009,3784297
"Cupania","Cupania vernalis","Cupania vernalis Cambess.",-24.070833,-49.069167,700,28,7,2009,3784297
"Cupania","Cupania vernalis","Cupania vernalis Cambess.",-23.484722,-46.207222,1164,27,7,2015,3784297
"Cupania","Cupania vernalis","Cupania vernalis Cambess.",-24.074722,-49.070556,750,27,2,2008,3784297
"Cupania","Cupania vernalis","Cupania vernalis Cambess.",-23.848333,-47.187778,950,1,5,2008,3784297
"Cupania","Cupania vernalis","Cupania vernalis Cambess.",-25.595,-54.388889,194,13,10,2011,3784297
"Cupania","Cupania vernalis","Cupania vernalis Cambess.",-23.355833,-46.522222,1160,6,11,2008,3784297
"Cupania","Cupania vernalis","Cupania vernalis Cambess.",-25.285278,-53.963333,350,9,10,2014,3784297
"Cupania","Cupania vernalis","Cupania vernalis Cambess.",-24.0825,-49.081944,750,25,6,2008,3784297
"Cupania","Cupania vernalis","Cupania vernalis Cambess.",-22.075,-49.070556,700,26,8,2008,3784297
"Cupania","Cupania vernalis","Cupania vernalis Cambess.",-24.075556,-49.068333,748,14,5,2008,3784297
"Cupania","Cupania vernalis","Cupania vernalis Cambess.",-23.420556,-46.633611,538.5,15,5,2008,3784297
"Cupania","Cupania vernalis","Cupania vernalis Cambess.",-19.255556,-43.255833,NA,13,3,2008,3784297
"Cupania","Cupania vernalis","Cupania vernalis Cambess.",-19.2,-43.4,NA,2,4,1996,3784297
"Cupania","Cupania vernalis","Cupania vernalis Cambess.",-23.33,-46.43,NA,26,6,2003,3784297
"Cupania","Cupania vernalis","Cupania vernalis Cambess.",-22.25,-44.566667,550,15,9,1994,3784297
"Cupania","Cupania vernalis","Cupania vernalis Cambess.",-19.2825,-43.591389,NA,18,8,2006,3784297
"Cupania","Cupania vernalis","Cupania vernalis Cambess.",-21.13,-47.5,290.5,30,4,2008,3784297
"Cupania","Cupania vernalis","Cupania vernalis Cambess.",-19.310833,-43.6125,479,31,5,2010,3784297
"Cupania","Cupania vernalis","Cupania vernalis Cambess.",-23.848611,-46.416389,NA,13,4,2010,3784297
"Cupania","Cupania vernalis","Cupania vernalis Cambess.",-24.043611,-49.040556,NA,15,11,1994,3784297
"Cupania","Cupania vernalis","Cupania vernalis Cambess.",-19.310833,-43.621667,659,24,9,2007,3784297
"Cupania","Cupania vernalis","Cupania vernalis Cambess.",-21.125,-48.533333,NA,15,4,1994,3784297
"Cupania","Cupania vernalis","Cupania vernalis Cambess.",-19.310833,-43.6125,480,31,5,2010,3784297
"Cupania","Cupania vernalis","Cupania vernalis Cambess.",-19.316389,-43.616667,431.5,2,9,2008,3784297
"Cupania","Cupania vernalis","Cupania vernalis Cambess.",-24.32,-48.5,600,23,4,1994,3784297
"Cupania","Cupania vernalis","Cupania vernalis Cambess.",-23.503889,-49.081389,NA,15,6,1995,3784297
"Cupania","Cupania vernalis","Cupania vernalis Cambess.",-23.33,-46.43,NA,8,8,2003,3784297
"Cupania","Cupania vernalis","Cupania vernalis Cambess.",-19.009722,-43.778611,0,30,11,2009,3784297
"Cupania","Cupania vernalis","Cupania vernalis Cambess.",-19.432222,-43.435,516.5,28,5,2010,3784297
"Cupania","Cupania vernalis","Cupania vernalis Cambess.",-23.063611,-49.211667,NA,13,6,1995,3784297
"Cupania","Cupania vernalis","Cupania vernalis Cambess.",-24.142778,-49.161944,600,NA,NA,NA,3784297
"Cupania","Cupania vernalis","Cupania vernalis Cambess.",-22.382778,-44.433611,406.5,9,4,2009,3784297
"Cupania","Cupania vernalis","Cupania vernalis Cambess.",-19.404722,-43.411667,355.5,28,5,2010,3784297
"Cupania","Cupania vernalis","Cupania vernalis Cambess.",-19.378889,-43.659722,408,2,9,2008,3784297
"Cupania","Cupania vernalis","Cupania vernalis Cambess.",-23.531667,-55.093611,407,27,9,2008,3784297
"Cupania","Cupania vernalis","Cupania vernalis Cambess.",-19.054444,-52.985555,NA,11,4,2004,3784297
"Cupania","Cupania vernalis","Cupania vernalis Cambess.",-22.491667,-55.116111,427,28,9,2018,3784297
"Cupania","Cupania vernalis","Cupania vernalis Cambess.",-20.455833,-55.564722,190,6,8,2006,3784297
"Cupania","Cupania vernalis","Cupania vernalis Cambess.",-21.166389,-45.638333,887,30,7,2006,3784297
"Cupania","Cupania vernalis","Cupania vernalis Cambess.",-27.006111,-48.595556,NA,8,5,2017,3784297
"Cupania","Cupania vernalis","Cupania vernalis Cambess.",-28.678333,-49.370278,NA,28,6,2012,3784297
"Cupania","Cupania vernalis","Cupania vernalis Cambess.",-29.198611,-49.950278,885,25,7,2000,3784297
"Cupania","Cupania vernalis","Cupania vernalis Cambess.",-27.028889,-48.5825,2,10,6,2017,3784297
"Cupania","Cupania vernalis","Cupania vernalis Cambess.",-27.367778,-48.759722,NA,6,7,2010,3784297
"Cupania","Cupania vernalis","Cupania vernalis Cambess.",-27.402222,-51.225278,NA,NA,NA,NA,3784297
"Cupania","Cupania vernalis","Cupania vernalis Cambess.",-28.359444,-49.291667,350,16,6,1994,3784297
"Cupania","Cupania vernalis","Cupania vernalis Cambess.",-26.676667,-53.314722,NA,NA,NA,NA,3784297
"Cupania","Cupania vernalis","Cupania vernalis Cambess.",-31.578889,-53.381389,NA,NA,NA,NA,3784297
"Cupania","Cupania vernalis","Cupania vernalis Cambess.",-28.733333,-49.466667,42,17,9,1994,3784297
"Cupania","Cupania vernalis","Cupania vernalis Cambess.",-28.615556,-49.025833,17.5,15,9,1994,3784297
"Cupania","Cupania vernalis","Cupania vernalis Cambess.",-27.283056,-50.584722,NA,NA,NA,NA,3784297
"Cupania","Cupania vernalis","Cupania vernalis Cambess.",-26.929444,-50.695556,NA,NA,NA,NA,3784297
"Cupania","Cupania vernalis","Cupania vernalis Cambess.",-27.816389,-50.326389,NA,NA,NA,NA,3784297
"Cupania","Cupania vernalis","Cupania vernalis Cambess.",-26.462778,-50.231389,NA,NA,NA,NA,3784297
"Cupania","Cupania vernalis","Cupania vernalis Cambess.",-29.365556,-49.935,NA,NA,NA,NA,3784297
"Cupania","Cupania vernalis","Cupania vernalis Cambess.",-28.285278,-49.298889,350,28,11,1991,3784297
"Cupania","Cupania vernalis","Cupania vernalis Cambess.",-28.285278,-49.298889,350,7,4,1992,3784297
"Cupania","Cupania vernalis","Cupania vernalis Cambess.",-27.689722,-51.130278,NA,NA,NA,NA,3784297
"Cupania","Cupania vernalis","Cupania vernalis Cambess.",-28.678056,-49.37,NA,NA,NA,NA,3784297
"Cupania","Cupania vernalis","Cupania vernalis Cambess.",-28.285278,-49.298889,350,12,9,1991,3784297
"Cupania","Cupania vernalis","Cupania vernalis Cambess.",-29.335833,-49.727222,NA,NA,NA,NA,3784297
"Cupania","Cupania vernalis","Cupania vernalis Cambess.",-28.285278,-49.298889,350,27,7,1991,3784297
"Cupania","Cupania vernalis","Cupania vernalis Cambess.",-28.285278,-49.298889,350,16,11,1991,3784297
"Cupania","Cupania vernalis","Cupania vernalis Cambess.",-29,-49.761111,NA,12,11,1995,3784297
"Cupania","Cupania vernalis","Cupania vernalis Cambess.",-27.689722,-51.130278,503,13,5,1963,3784297
"Cupania","Cupania vernalis","Cupania vernalis Cambess.",-27.689722,-51.130278,503,22,12,1962,3784297
"Cupania","Cupania vernalis","Cupania vernalis Cambess.",-20.455,-55.483611,197,16,6,2002,3784297
"Cupania","Cupania vernalis","Cupania vernalis Cambess.",-19.926111,-55.131389,NA,16,11,2023,3784297
"Cupania","Cupania vernalis","Cupania vernalis Cambess.",-23.120556,-54.216667,NA,25,9,2009,3784297
"Cupania","Cupania vernalis","Cupania vernalis Cambess.",-21.769722,-52.188889,NA,12,4,1999,3784297
"Cupania","Cupania vernalis","Cupania vernalis Cambess.",-21.180556,-51.895833,257,8,4,1999,3784297
"Cupania","Cupania vernalis","Cupania vernalis Cambess.",-20.508056,-54.615556,NA,15,3,2018,3784297
"Cupania","Cupania vernalis","Cupania vernalis Cambess.",-19.248055,-52.781111,NA,4,11,2004,3784297
"Cupania","Cupania vernalis","Cupania vernalis Cambess.",-19.037778,-53.214722,NA,31,10,2004,3784297
"Cupania","Cupania vernalis","Cupania vernalis Cambess.",-25.945,-51.833056,890,23,9,2020,3784297
"Cupania","Cupania vernalis","Cupania vernalis Cambess.",-20.988611,-56.621111,556,28,4,2009,3784297
"Cupania","Cupania vernalis","Cupania vernalis Cambess.",-18.173056,-53.402222,436,18,11,2015,3784297
"Cupania","Cupania vernalis","Cupania vernalis Cambess.",-21.510833,-56.751389,502,2,11,2018,3784297
"Cupania","Cupania vernalis","Cupania vernalis Cambess.",-20.384444,-51.41,NA,25,5,2016,3784297
"Cupania","Cupania vernalis","Cupania vernalis Cambess.",-15.610278,-48.12,0,9,5,2012,3784297
"Cupania","Cupania vernalis","Cupania vernalis Cambess.",-13.878611,-46.981667,838,23,10,2018,3784297
"Cupania","Cupania vernalis","Cupania vernalis Cambess.",-22.278611,-42.648611,1100,5,11,2021,3784297
"Cupania","Cupania vernalis","Cupania vernalis Cambess.",-22.333056,-44.538056,1072,17,4,2018,3784297
"Cupania","Cupania vernalis","Cupania vernalis Cambess.",-28.094359,-56.681787,NA,25,5,2022,3784297
"Cupania","Cupania vernalis","Cupania vernalis Cambess.",-23.349444,-51.865278,211.5,16,8,2010,3784297
"Cupania","Cupania vernalis","Cupania vernalis Cambess.",-23.349444,-51.865278,211.5,11,10,2010,3784297
"Cupania","Cupania vernalis","Cupania vernalis Cambess.",-23.349444,-51.865278,211.5,3,6,2010,3784297
"Cupania","Cupania vernalis","Cupania vernalis Cambess.",-25.291944,-49.224167,NA,22,5,1985,3784297
"Cupania","Cupania vernalis","Cupania vernalis Cambess.",-23.349444,-51.865278,211.5,29,8,2009,3784297
"Cupania","Cupania vernalis","Cupania vernalis Cambess.",-23.429444,-51.928333,265,5,6,2007,3784297
"Cupania","Cupania vernalis","Cupania vernalis Cambess.",-28.994226,-51.387979,NA,13,4,2023,3784297
"Cupania","Cupania vernalis","Cupania vernalis Cambess.",-27.255422,-55.531492,NA,18,6,2023,3784297
"Cupania","Cupania vernalis","Cupania vernalis Cambess.",-27.567396,-48.63929,18.58,19,11,2019,3784297
"Cupania","Cupania vernalis","Cupania vernalis Cambess.",-22.8,-46.883333,733,10,6,2000,3784297
"Cupania","Cupania vernalis","Cupania vernalis Cambess.",-29.623056,-51.151111,NA,26,1,2018,3784297
"Cupania","Cupania vernalis","Cupania vernalis Cambess.",-29.623056,-51.151111,NA,7,5,2018,3784297
"Cupania","Cupania vernalis","Cupania vernalis Cambess.",-29.433333,-50.55,NA,16,12,2007,3784297
"Cupania","Cupania vernalis","Cupania vernalis Cambess.",-29.666667,-51.15,NA,24,10,2007,3784297
"Cupania","Cupania vernalis","Cupania vernalis Cambess.",-27.450758,-50.761771,846,27,2,2008,3784297
"Cupania","Cupania vernalis","Cupania vernalis Cambess.",-27.539182,-50.849065,850,27,3,2008,3784297
"Cupania","Cupania vernalis","Cupania vernalis Cambess.",-29.683333,-51.1,NA,28,6,2007,3784297
"Cupania","Cupania vernalis","Cupania vernalis Cambess.",-29.448672,-50.545578,NA,17,5,2008,3784297
"Cupania","Cupania vernalis","Cupania vernalis Cambess.",-28.936111,-49.492222,NA,30,4,1996,3784297
"Cupania","Cupania vernalis","Cupania vernalis Cambess.",-27.023333,-50.922222,NA,10,1,1996,3784297
"Cupania","Cupania vernalis","Cupania vernalis Cambess.",-27.685555,-51.125278,NA,13,4,1963,3784297
"Cupania","Cupania vernalis","Cupania vernalis Cambess.",-28.6725,-49.373333,NA,10,10,1995,3784297
"Cupania","Cupania vernalis","Cupania vernalis Cambess.",-29.335833,-49.727222,NA,15,6,1990,3784297
"Cupania","Cupania vernalis","Cupania vernalis Cambess.",-26.929444,-50.695555,NA,22,2,1962,3784297
"Cupania","Cupania vernalis","Cupania vernalis Cambess.",-27.402222,-51.225278,NA,9,7,1963,3784297
"Cupania","Cupania vernalis","Cupania vernalis Cambess.",-26.852222,-52.260833,NA,27,2,1964,3784297
"Cupania","Cupania vernalis","Cupania vernalis Cambess.",-27.283056,-50.584722,NA,6,12,1962,3784297
"Cupania","Cupania vernalis","Cupania vernalis Cambess.",-27.815278,-50.326111,NA,14,7,1962,3784297
"Cupania","Cupania vernalis","Cupania vernalis Cambess.",-27.816389,-50.326389,NA,13,4,1963,3784297
"Cupania","Cupania vernalis","Cupania vernalis Cambess.",-26.462778,-50.231389,NA,26,2,1962,3784297
"Cupania","Cupania vernalis","Cupania vernalis Cambess.",-27.402222,-51.225278,NA,20,12,1962,3784297
"Cupania","Cupania vernalis","Cupania vernalis Cambess.",-27.402222,-51.225278,NA,12,4,1963,3784297
"Cupania","Cupania vernalis","Cupania vernalis Cambess.",-26.695278,-52.467778,NA,5,10,2001,3784297
"Cupania","Cupania vernalis","Cupania vernalis Cambess.",-28.936111,-49.492222,NA,10,5,1996,3784297
"Cupania","Cupania vernalis","Cupania vernalis Cambess.",-27.006111,-48.595555,NA,8,5,2017,3784297
"Cupania","Cupania vernalis","Cupania vernalis Cambess.",-26.676667,-53.314722,NA,6,3,2009,3784297
"Cupania","Cupania vernalis","Cupania vernalis Cambess.",-27.367778,-48.759722,6,6,7,2010,3784297
"Cupania","Cupania vernalis","Cupania vernalis Cambess.",-28.678056,-49.37,NA,22,8,2007,3784297
"Cupania","Cupania vernalis","Cupania vernalis Cambess.",-28.678056,-49.37,NA,10,10,2007,3784297
"Cupania","Cupania vernalis","Cupania vernalis Cambess.",-29.365556,-49.935,NA,25,5,1993,3784297
"Cupania","Cupania vernalis","Cupania vernalis Cambess.",-31.578889,-53.381389,NA,10,12,1989,3784297
"Cupania","Cupania vernalis","Cupania vernalis Cambess.",-27.283056,-50.584722,NA,9,9,1995,3784297
"Cupania","Cupania vernalis","Cupania vernalis Cambess.",-27.816389,-50.326389,NA,14,7,1962,3784297
"Cupania","Cupania vernalis","Cupania vernalis Cambess.",-27.689722,-51.130278,NA,22,12,1962,3784297
"Cupania","Cupania vernalis","Cupania vernalis Cambess.",-27.689722,-51.130278,NA,13,4,1963,3784297
"Cupania","Cupania vernalis","Cupania vernalis Cambess.",-29.155556,-49.617778,8,19,1,2021,3784297
"Cupania","Cupania vernalis","Cupania vernalis Cambess.",-28.358611,-49.288055,NA,13,9,1993,3784297
"Cupania","Cupania vernalis","Cupania vernalis Cambess.",-28.402222,-49.403056,NA,1,7,2020,3784297
"Cupania","Cupania vernalis","Cupania vernalis Cambess.",-17.1278,-51.8167,840,29,4,1973,3784297
"Cupania","Cupania vernalis","Cupania vernalis Cambess.",-23.7399381,-53.4908775,400,14,6,1966,3784297
"Cupania","Cupania vernalis","Cupania vernalis Cambess.",-17.99895,-43.68125,975,23,3,1970,3784297
"Cupania","Cupania vernalis","Cupania vernalis Cambess.",-20.2975,-46.5222,NA,26,6,2013,3784297
"Cupania","Cupania vernalis","Cupania vernalis Cambess.",-23.654505,-46.621883,NA,13,10,1931,3784297
"Cupania","Cupania vernalis","Cupania vernalis Cambess.",-26.450388,-52.563437,NA,21,7,2023,3784297
"Cupania","Cupania vernalis","Cupania vernalis Cambess.",-26.802153,-65.32086,NA,29,4,2023,3784297
"Cupania","Cupania vernalis","Cupania vernalis Cambess.",-28.65,-53.6,NA,11,4,1893,3784297
"Cupania","Cupania vernalis","Cupania vernalis Cambess.",-14.655389,-52.462389,NA,30,11,2004,3784297
"Cupania","Cupania vernalis","Cupania vernalis Cambess.",-23.349528,-51.865172,423,29,8,2009,3784297
"Cupania","Cupania vernalis","Cupania vernalis Cambess.",-23.434444,-51.965,NA,6,11,2018,3784297
"Cupania","Cupania vernalis","Cupania vernalis Cambess.",-23.164167,-51.655833,NA,28,10,2011,3784297
"Cupania","Cupania vernalis","Cupania vernalis Cambess.",-23.425556,-51.932222,NA,30,4,2019,3784297
"Cupania","Cupania vernalis","Cupania vernalis Cambess.",-23.349528,-51.865172,423,16,8,2010,3784297
"Cupania","Cupania vernalis","Cupania vernalis Cambess.",-23.349528,-51.865172,423,11,10,2010,3784297
"Cupania","Cupania vernalis","Cupania vernalis Cambess.",-23.349528,-51.865172,423,3,6,2010,3784297
"Cupania","Cupania vernalis","Cupania vernalis Cambess.",-23.429444,-51.928333,530,5,6,2007,3784297
"Cupania","Cupania vernalis","Cupania vernalis Cambess.",-22.666139,-53.568972,NA,4,7,2012,3784297
"Cupania","Cupania vernalis","Cupania vernalis Cambess.",-23.429209,-51.931901,NA,18,9,2018,3784297
"Cupania","Cupania vernalis","Cupania vernalis Cambess.",-24.375111,-51.961028,NA,17,8,2021,3784297
"Cupania","Cupania vernalis","Cupania vernalis Cambess.",-22.75,-52.75,NA,25,6,2014,3784297
"Cupania","Cupania vernalis","Cupania vernalis Cambess.",-23.102778,-47.020278,694,18,2,2013,3784297
"Cupania","Cupania vernalis","Cupania vernalis Cambess.",-19.473278,-43.987556,662,18,8,2006,3784297
"Cupania","Cupania vernalis","Cupania vernalis Cambess.",-19.477194,-44.015167,678,2,12,2006,3784297
"Cupania","Cupania vernalis","Cupania vernalis Cambess.",-23.774167,-49.939722,514,20,10,2022,3784297
"Cupania","Cupania vernalis","Cupania vernalis Cambess.",-23.5441644,-46.3103842,NA,7,9,1991,3784297
"Cupania","Cupania vernalis","Cupania vernalis Cambess.",-27.2183046,-49.6437327,350,18,10,1989,3784297
"Cupania","Cupania vernalis","Cupania vernalis Cambess.",-19.5395888,-49.4869868,NA,12,5,1989,3784297
"Cupania","Cupania vernalis","Cupania vernalis Cambess.",-10.7972047,-49.6238719,NA,14,6,1979,3784297
"Cupania","Cupania vernalis","Cupania vernalis Cambess.",-21.706197,-43.329777,800,30,8,2022,3784297
"Cupania","Cupania vernalis","Cupania vernalis Cambess.",-12.233333,-62.033333,NA,12,8,1999,3784297
"Cupania","Cupania vernalis","Cupania vernalis Cambess.",-26.09694,-55.48278,450,25,11,1997,3784297
"Cupania","Cupania vernalis","Cupania vernalis Cambess.",-23.5441636,-46.6304064,NA,22,2,1918,3784297
"Cupania","Cupania vernalis","Cupania vernalis Cambess.",-23.654505,-46.621883,NA,19,5,1977,3784297
"Cupania","Cupania vernalis","Cupania vernalis Cambess.",-16.9606332,-51.8110306,800,27,6,1966,3784297
"Cupania","Cupania vernalis","Cupania vernalis Cambess.",-18.9729787,-49.4655833,NA,30,5,1946,3784297
"Cupania","Cupania vernalis","Cupania vernalis Cambess.",-27.54,-49.14,NA,24,4,2010,3784297
"Cupania","Cupania vernalis","Cupania vernalis Cambess.",-27.810278,-48.626944,NA,13,5,2021,3784297
"Cupania","Cupania vernalis","Cupania vernalis Cambess.",-22.25,-44.566667,1000,30,9,1996,3784297
"Cupania","Cupania vernalis","Cupania vernalis Cambess.",-21.089167,-52.695,362,11,11,2005,3784297
"Cupania","Cupania vernalis","Cupania vernalis Cambess.",-20.2975,-46.522222,1184,26,6,2013,3784297
"Cupania","Cupania vernalis","Cupania vernalis Cambess.",-22.55,-42.5,NA,5,6,1988,3784297
"Cupania","Cupania vernalis","Cupania vernalis Cambess.",-15.983889,-55.916389,136,9,2,2012,3784297
"Cupania","Cupania vernalis","Cupania vernalis Cambess.",-24.072778,-49.624722,NA,27,6,2017,3784297
"Cupania","Cupania vernalis","Cupania vernalis Cambess.",-21.646389,-44.429722,1000,17,10,1980,3784297
"Cupania","Cupania vernalis","Cupania vernalis Cambess.",-20.21638,-64.13805,1756,28,12,2007,3784297
"Cupania","Cupania vernalis","Cupania vernalis Cambess.",-25.58333,-54.75,250,NA,NA,1982,3784297
"Cupania","Cupania vernalis","Cupania vernalis Cambess.",-18.989722,-64.031111,1726,29,9,2011,3784297
"Cupania","Cupania vernalis","Cupania vernalis Cambess.",-14.55444,-60.79666,300,13,6,1994,3784297
"Cupania","Cupania vernalis","Cupania vernalis Cambess.",-25.41666,-57.11666,297,8,7,1988,3784297
"Cupania","Cupania vernalis","Cupania vernalis Cambess.",-14.7,-61.15,160,9,6,1994,3784297
"Cupania","Cupania vernalis","Cupania vernalis Cambess.",-28.316667,-52.184444,NA,12,11,1976,3784297
"Cupania","Cupania vernalis","Cupania vernalis Cambess.",-29.34,-50.94,NA,14,4,2015,3784297
"Cupania","Cupania vernalis","Cupania vernalis Cambess.",-28.8,-51.12,NA,27,2,2015,3784297
"Cupania","Cupania vernalis","Cupania vernalis Cambess.",-28.316667,-52.184444,NA,8,11,1983,3784297
"Cupania","Cupania vernalis","Cupania vernalis Cambess.",-30.42,-53.64,NA,12,5,2015,3784297
"Cupania","Cupania vernalis","Cupania vernalis Cambess.",-27.524396,-56.526276,NA,14,10,2022,3784297
"Cupania","Cupania vernalis","Cupania vernalis Cambess.",-26.803503,-65.319841,NA,27,9,2020,3784297
"Cupania","Cupania vernalis","Cupania vernalis Cambess.",-26.91638,-54.205,NA,6,5,1997,3784297
"Cupania","Cupania vernalis","Cupania vernalis Cambess.",-25.9,-58.21666,NA,26,6,1999,3784297
"Cupania","Cupania vernalis","Cupania vernalis Cambess.",-1.39086,-61.8421,28,13,5,2015,3784297
"Cupania","Cupania vernalis","Cupania vernalis Cambess.",-27.8200088,-50.3264846,950,12,2,1957,3784297
"Cupania","Cupania vernalis","Cupania vernalis Cambess.",-18.5829791,-46.5184856,NA,12,9,1963,3784297
"Cupania","Cupania vernalis","Cupania vernalis Cambess.",-25.631944,-53.65,294,13,3,2018,3784297
"Cupania","Cupania vernalis","Cupania vernalis Cambess.",-25.498889,-53.639444,254,8,8,2018,3784297
"Cupania","Cupania vernalis","Cupania vernalis Cambess.",-25.210278,-53.870833,300,7,5,2014,3784297
"Cupania","Cupania vernalis","Cupania vernalis Cambess.",-25.285278,-53.963333,175,9,10,2014,3784297
"Cupania","Cupania vernalis","Cupania vernalis Cambess.",-25.296389,-54.363889,270,9,5,2014,3784297
"Cupania","Cupania vernalis","Cupania vernalis Cambess.",-25.498611,-53.64,126,8,8,2018,3784297
"Cupania","Cupania vernalis","Cupania vernalis Cambess.",-25.6575,-53.5325,200.5,10,5,2018,3784297
"Cupania","Cupania vernalis","Cupania vernalis Cambess.",-18.8669,-63.8603,1702,29,5,2010,3784297
"Cupania","Cupania vernalis","Cupania vernalis Cambess.",-5.4286,-56.9031,NA,25,4,2013,3784297
"Cupania","Cupania vernalis","Cupania vernalis Cambess.",-28.496111,-50.096389,451.5,21,11,2013,3784297
"Cupania","Cupania vernalis","Cupania vernalis Cambess.",-24.111389,-50.723333,635,14,7,2012,3784297
"Cupania","Cupania vernalis","Cupania vernalis Cambess.",-25.807222,-52.900833,440,25,5,2020,3784297
"Cupania","Cupania vernalis","Cupania vernalis Cambess.",-20.928056,-46.649167,450.5,15,8,2013,3784297
"Cupania","Cupania vernalis","Cupania vernalis Cambess.",-28.549444,-49.603889,157,NA,NA,NA,3784297
"Cupania","Cupania vernalis","Cupania vernalis Cambess.",-29.109444,-56.933056,NA,15,5,2015,3784297
"Cupania","Cupania vernalis","Cupania vernalis Cambess.",-24.375,-51.961111,562,17,8,2021,3784297
"Cupania","Cupania vernalis","Cupania vernalis Cambess.",-24.433056,-50.656944,NA,24,5,2022,3784297
"Cupania","Cupania vernalis","Cupania vernalis Cambess.",-24.111389,-50.723333,635,25,11,2011,3784297
"Cupania","Cupania vernalis","Cupania vernalis Cambess.",-29.159444,-49.9525,161.5,22,9,2009,3784297
"Cupania","Cupania vernalis","Cupania vernalis Cambess.",-15.536111,-47.456667,488.5,15,9,2010,3784297
"Cupania","Cupania vernalis","Cupania vernalis Cambess.",-18.2167,-63.6833,1360,27,4,1998,3784297
"Cupania","Cupania vernalis","Cupania vernalis Cambess.",-31.0053,-52.0503,10,13,11,1998,3784297
"Cupania","Cupania vernalis","Cupania vernalis Cambess.",-18.2572,-63.6689,1200,8,11,2005,3784297
"Cupania","Cupania vernalis","Cupania vernalis Cambess.",-14.83,-66.5,25,2,9,1991,3784297
"Cupania","Cupania vernalis","Cupania vernalis Cambess.",-15.1954158,-39.495216,NA,27,5,1966,3784297
"Cupania","Cupania vernalis","Cupania vernalis Cambess.",-17.0925,-51.7433,NA,21,5,2010,3784297
"Cupania","Cupania vernalis","Cupania vernalis Cambess.",-18.2973787,-43.0093503,NA,30,7,1990,3784297
"Cupania","Cupania vernalis","Cupania vernalis Cambess.",-23.7485495,-51.3085289,NA,3,8,1999,3784297
"Cupania","Cupania vernalis","Cupania vernalis Cambess.",-25.8347,-49.0775,NA,20,2,2011,3784297
"Cupania","Cupania vernalis","Cupania vernalis Cambess.",-27.3958081,-49.3562133,750,1,5,1958,3784297
"Cupania","Cupania vernalis","Cupania vernalis Cambess.",-27.146367,-51.902198,NA,30,8,2020,3784297
"Cupania","Cupania vernalis","Cupania vernalis Cambess.",-25.932778,-58.212778,NA,13,10,2004,3784297
"Cupania","Cupania vernalis","Cupania vernalis Cambess.",-26.166667,-55.533333,NA,19,5,1989,3784297
"Cupania","Cupania vernalis","Cupania vernalis Cambess.",-22.15,-64.41666,1054,20,1,2005,3784297
"Cupania","Cupania vernalis","Cupania vernalis Cambess.",-25.449096,-49.241098,925.8,13,11,2021,3784297
"Cupania","Cupania vernalis","Cupania vernalis Cambess.",-23.774111,-49.93975,NA,20,10,2022,3784297
"Cupania","Cupania vernalis","Cupania vernalis Cambess.",-32.21897,-53.798315,NA,10,2,2023,3784297
