"genus","species","scientificname","decimallatitude","decimallongitude","elevation","day","month","year","taxonkey"
"Ficus","Ficus luschnathiana","Ficus luschnathiana (Miq.) Miq.",-24.608333,-47.876944,NA,17,7,1996,5571838
"Ficus","Ficus luschnathiana","Ficus luschnathiana (Miq.) Miq.",-24.251111,-49.705556,NA,3,6,1914,5571838
"Ficus","Ficus luschnathiana","Ficus luschnathiana (Miq.) Miq.",-22.4292,-42.7506,NA,12,5,2007,5571838
"Ficus","Ficus luschnathiana","Ficus luschnathiana (Miq.) Miq.",-23.540278,-46.63,NA,23,5,1933,5571838
"Ficus","Ficus luschnathiana","Ficus luschnathiana (Miq.) Miq.",-25.428056,-49.273056,NA,18,11,1987,5571838
"Ficus","Ficus luschnathiana","Ficus luschnathiana (Miq.) Miq.",-23.916667,-51.966667,NA,14,3,1996,5571838
"Ficus","Ficus luschnathiana","Ficus luschnathiana (Miq.) Miq.",-23.540278,-46.63,NA,13,4,1977,5571838
"Ficus","Ficus luschnathiana","Ficus luschnathiana (Miq.) Miq.",-26.369722,-49.41,NA,24,11,2009,5571838
"Ficus","Ficus luschnathiana","Ficus luschnathiana (Miq.) Miq.",-27.27,-49.23,NA,6,4,2010,5571838
"Ficus","Ficus luschnathiana","Ficus luschnathiana (Miq.) Miq.",-22.8164,-45.1925,NA,16,8,2006,5571838
"Ficus","Ficus luschnathiana","Ficus luschnathiana (Miq.) Miq.",-23.104444,-55.225556,NA,28,1,1979,5571838
"Ficus","Ficus luschnathiana","Ficus luschnathiana (Miq.) Miq.",-28.690159,-59.434135,NA,15,2,2021,5571838
"Ficus","Ficus luschnathiana","Ficus luschnathiana (Miq.) Miq.",-22.753889,-41.984167,NA,17,10,2004,5571838
"Ficus","Ficus luschnathiana","Ficus luschnathiana (Miq.) Miq.",-22.586667,-42.032778,NA,17,10,2007,5571838
"Ficus","Ficus luschnathiana","Ficus luschnathiana (Miq.) Miq.",-22.561944,-52.183611,301,11,3,2008,5571838
"Ficus","Ficus luschnathiana","Ficus luschnathiana (Miq.) Miq.",-22.433333,-42.833333,NA,19,2,1992,5571838
"Ficus","Ficus luschnathiana","Ficus luschnathiana (Miq.) Miq.",-26.73,-49.499722,600,4,5,2010,5571838
"Ficus","Ficus luschnathiana","Ficus luschnathiana (Miq.) Miq.",-22.96277,-43.17944,NA,30,9,2007,5571838
"Ficus","Ficus luschnathiana","Ficus luschnathiana (Miq.) Miq.",-28.125278,-50.845,650,21,1,2007,5571838
"Ficus","Ficus luschnathiana","Ficus luschnathiana (Miq.) Miq.",-22.431389,-43.223611,953,20,8,2002,5571838
"Ficus","Ficus luschnathiana","Ficus luschnathiana (Miq.) Miq.",-22,-42.05,1000,1,6,1990,5571838
"Ficus","Ficus luschnathiana","Ficus luschnathiana (Miq.) Miq.",-27.450556,-49.05,841,8,4,2010,5571838
"Ficus","Ficus luschnathiana","Ficus luschnathiana (Miq.) Miq.",-17.183333,-39.333333,70,10,11,2009,5571838
"Ficus","Ficus luschnathiana","Ficus luschnathiana (Miq.) Miq.",-22.474722,-44.441389,400,21,6,2008,5571838
"Ficus","Ficus luschnathiana","Ficus luschnathiana (Miq.) Miq.",-29.722222,-53.720556,NA,9,3,2012,5571838
"Ficus","Ficus luschnathiana","Ficus luschnathiana (Miq.) Miq.",-22.966389,-43.024167,250,29,4,2006,5571838
"Ficus","Ficus luschnathiana","Ficus luschnathiana (Miq.) Miq.",-27.449722,-48.96,434,19,2,2010,5571838
"Ficus","Ficus luschnathiana","Ficus luschnathiana (Miq.) Miq.",-22.933333,-43.175,NA,24,10,1999,5571838
"Ficus","Ficus luschnathiana","Ficus luschnathiana (Miq.) Miq.",-27.121111,-49.220833,745,21,8,2014,5571838
"Ficus","Ficus luschnathiana","Ficus luschnathiana (Miq.) Miq.",-28.179444,-50.780556,NA,6,12,2005,5571838
"Ficus","Ficus luschnathiana","Ficus luschnathiana (Miq.) Miq.",-23.652222,-46.625,NA,26,11,2022,5571838
"Ficus","Ficus luschnathiana","Ficus luschnathiana (Miq.) Miq.",-25.466667,-48.866667,380,24,1,1985,5571838
"Ficus","Ficus luschnathiana","Ficus luschnathiana (Miq.) Miq.",-28.17,-49.322222,332,14,4,2010,5571838
"Ficus","Ficus luschnathiana","Ficus luschnathiana (Miq.) Miq.",-28.529167,-49.497222,NA,27,1,2010,5571838
"Ficus","Ficus luschnathiana","Ficus luschnathiana (Miq.) Miq.",-23,-46.416667,NA,1,6,1987,5571838
"Ficus","Ficus luschnathiana","Ficus luschnathiana (Miq.) Miq.",-23,-46.416667,NA,18,11,1987,5571838
"Ficus","Ficus luschnathiana","Ficus luschnathiana (Miq.) Miq.",-30.276667,-51.015556,NA,21,11,2010,5571838
"Ficus","Ficus luschnathiana","Ficus luschnathiana (Miq.) Miq.",-29.480833,-50.174444,NA,22,10,2007,5571838
"Ficus","Ficus luschnathiana","Ficus luschnathiana (Miq.) Miq.",-29.369444,-49.849722,NA,7,1,2009,5571838
"Ficus","Ficus luschnathiana","Ficus luschnathiana (Miq.) Miq.",-25.234872,-50.012929,NA,27,11,1911,5571838
"Ficus","Ficus luschnathiana","Ficus luschnathiana (Miq.) Miq.",-25.37,-49.22,NA,31,1,1996,5571838
"Ficus","Ficus luschnathiana","Ficus luschnathiana (Miq.) Miq.",-34.603329,-58.355686,NA,23,3,2019,5571838
"Ficus","Ficus luschnathiana","Ficus luschnathiana (Miq.) Miq.",-23.745,-46.35306,NA,14,2,2008,5571838
"Ficus","Ficus luschnathiana","Ficus luschnathiana (Miq.) Miq.",-25.596019,-54.588145,NA,8,7,2022,5571838
"Ficus","Ficus luschnathiana","Ficus luschnathiana (Miq.) Miq.",-28.538135,-57.16731,NA,4,7,2022,5571838
"Ficus","Ficus luschnathiana","Ficus luschnathiana (Miq.) Miq.",2.730861,-77.789611,5,NA,9,2019,5571838
"Ficus","Ficus luschnathiana","Ficus luschnathiana (Miq.) Miq.",-27.87,-56.88,NA,14,5,2018,5571838
"Ficus","Ficus luschnathiana","Ficus luschnathiana (Miq.) Miq.",-24.266111,-48.449167,850,30,1,2006,5571838
"Ficus","Ficus luschnathiana","Ficus luschnathiana (Miq.) Miq.",-21.983333,-44.9,880,24,11,2005,5571838
"Ficus","Ficus luschnathiana","Ficus luschnathiana (Miq.) Miq.",-22.567778,-53.236944,366,NA,4,2008,5571838
"Ficus","Ficus luschnathiana","Ficus luschnathiana (Miq.) Miq.",-27.030833,-49.086667,182,26,6,2009,5571838
"Ficus","Ficus luschnathiana","Ficus luschnathiana (Miq.) Miq.",-27.088889,-53.415,341,9,3,2009,5571838
"Ficus","Ficus luschnathiana","Ficus luschnathiana (Miq.) Miq.",-23.504722,-49.077778,382,24,4,2010,5571838
"Ficus","Ficus luschnathiana","Ficus luschnathiana (Miq.) Miq.",-22.537222,-43.426389,884,3,8,2016,5571838
"Ficus","Ficus luschnathiana","Ficus luschnathiana (Miq.) Miq.",-25.75,-49.1,1105,26,6,2013,5571838
"Ficus","Ficus luschnathiana","Ficus luschnathiana (Miq.) Miq.",-22.5,-42.25,NA,4,7,1996,5571838
"Ficus","Ficus luschnathiana","Ficus luschnathiana (Miq.) Miq.",-22.965556,-43.179444,NA,23,10,2008,5571838
"Ficus","Ficus luschnathiana","Ficus luschnathiana (Miq.) Miq.",-22.484167,-43.522778,630,27,11,2016,5571838
"Ficus","Ficus luschnathiana","Ficus luschnathiana (Miq.) Miq.",-26.314722,-49.351944,NA,28,1,2020,5571838
"Ficus","Ficus luschnathiana","Ficus luschnathiana (Miq.) Miq.",-27.54,-49.049722,835,27,1,2010,5571838
"Ficus","Ficus luschnathiana","Ficus luschnathiana (Miq.) Miq.",-28.08,-48.69,147,28,4,2010,5571838
"Ficus","Ficus luschnathiana","Ficus luschnathiana (Miq.) Miq.",-28.066667,-49.966667,276,5,5,2010,5571838
"Ficus","Ficus luschnathiana","Ficus luschnathiana (Miq.) Miq.",-22.859444,-44.025278,NA,6,8,2013,5571838
"Ficus","Ficus luschnathiana","Ficus luschnathiana (Miq.) Miq.",-22.508056,-44.0925,378,1,2,2007,5571838
"Ficus","Ficus luschnathiana","Ficus luschnathiana (Miq.) Miq.",-22.333333,-44.538055,NA,17,4,2018,5571838
"Ficus","Ficus luschnathiana","Ficus luschnathiana (Miq.) Miq.",-28.120556,-50.827778,NA,21,1,2007,5571838
"Ficus","Ficus luschnathiana","Ficus luschnathiana (Miq.) Miq.",-28.098055,-50.874444,NA,3,9,2006,5571838
"Ficus","Ficus luschnathiana","Ficus luschnathiana (Miq.) Miq.",-22.556111,-52.411111,311,22,9,2009,5571838
"Ficus","Ficus luschnathiana","Ficus luschnathiana (Miq.) Miq.",-21.882778,-41.926944,1000,6,9,2012,5571838
"Ficus","Ficus luschnathiana","Ficus luschnathiana (Miq.) Miq.",-22.367778,-42.771111,1290,10,11,2016,5571838
"Ficus","Ficus luschnathiana","Ficus luschnathiana (Miq.) Miq.",-34.601722,-58.384895,NA,1,7,2021,5571838
"Ficus","Ficus luschnathiana","Ficus luschnathiana (Miq.) Miq.",-28.530168,-57.174951,NA,27,8,2022,5571838
"Ficus","Ficus luschnathiana","Ficus luschnathiana (Miq.) Miq.",-27.089455,-48.98439,NA,13,3,2024,5571838
"Ficus","Ficus luschnathiana","Ficus luschnathiana (Miq.) Miq.",-34.580527,-58.41842,NA,14,3,2021,5571838
"Ficus","Ficus luschnathiana","Ficus luschnathiana (Miq.) Miq.",-28.147295,-56.490439,NA,10,2,2023,5571838
"Ficus","Ficus luschnathiana","Ficus luschnathiana (Miq.) Miq.",-25.883056,-48.574444,4,NA,NA,NA,5571838
"Ficus","Ficus luschnathiana","Ficus luschnathiana (Miq.) Miq.",-30.081111,-51.023056,NA,2,11,1949,5571838
"Ficus","Ficus luschnathiana","Ficus luschnathiana (Miq.) Miq.",-23.263889,-45.0525,NA,11,7,1980,5571838
"Ficus","Ficus luschnathiana","Ficus luschnathiana (Miq.) Miq.",-22,-42.05,NA,31,8,1989,5571838
"Ficus","Ficus luschnathiana","Ficus luschnathiana (Miq.) Miq.",-23.75,-46.3,NA,4,6,1993,5571838
"Ficus","Ficus luschnathiana","Ficus luschnathiana (Miq.) Miq.",-25.235,-50.013056,NA,27,11,1911,5571838
"Ficus","Ficus luschnathiana","Ficus luschnathiana (Miq.) Miq.",-24.251111,-49.705556,850,NA,NA,NA,5571838
"Ficus","Ficus luschnathiana","Ficus luschnathiana (Miq.) Miq.",-22.88,-48.439722,NA,18,7,1991,5571838
"Ficus","Ficus luschnathiana","Ficus luschnathiana (Miq.) Miq.",-23.46,-46.529722,NA,16,6,1980,5571838
"Ficus","Ficus luschnathiana","Ficus luschnathiana (Miq.) Miq.",-23.654444,-46.621944,NA,23,5,1933,5571838
"Ficus","Ficus luschnathiana","Ficus luschnathiana (Miq.) Miq.",-24.48,-47.84,NA,8,12,1987,5571838
"Ficus","Ficus luschnathiana","Ficus luschnathiana (Miq.) Miq.",-24.340556,-49.713611,NA,3,6,1914,5571838
"Ficus","Ficus luschnathiana","Ficus luschnathiana (Miq.) Miq.",-32.766876,-53.310505,NA,9,1,2024,5571838
"Ficus","Ficus luschnathiana","Ficus luschnathiana (Miq.) Miq.",-29.15609,-59.646485,NA,9,7,2022,5571838
"Ficus","Ficus luschnathiana","Ficus luschnathiana (Miq.) Miq.",-25.2,-57.11666,297,28,5,1988,5571838
"Ficus","Ficus luschnathiana","Ficus luschnathiana (Miq.) Miq.",-26.48333,-53.88333,540,16,4,1996,5571838
"Ficus","Ficus luschnathiana","Ficus luschnathiana (Miq.) Miq.",-25.21666,-57.15,NA,25,6,1988,5571838
"Ficus","Ficus luschnathiana","Ficus luschnathiana (Miq.) Miq.",-25.91666,-56.25,NA,17,2,1989,5571838
"Ficus","Ficus luschnathiana","Ficus luschnathiana (Miq.) Miq.",-25.0036,-49.6366,510,26,5,1996,5571838
"Ficus","Ficus luschnathiana","Ficus luschnathiana (Miq.) Miq.",-25.4059,-49.2285,NA,23,5,2014,5571838
"Ficus","Ficus luschnathiana","Ficus luschnathiana (Miq.) Miq.",-25.2385,-48.7497,75,27,2,1997,5571838
"Ficus","Ficus luschnathiana","Ficus luschnathiana (Miq.) Miq.",-25.4481,-49.2404,920,15,5,2014,5571838
"Ficus","Ficus luschnathiana","Ficus luschnathiana (Miq.) Miq.",-25.3276,-49.5084,NA,22,5,2013,5571838
"Ficus","Ficus luschnathiana","Ficus luschnathiana (Miq.) Miq.",-25.3887,-49.0036,NA,26,6,1997,5571838
"Ficus","Ficus luschnathiana","Ficus luschnathiana (Miq.) Miq.",-25.5196,-48.3119,12,12,10,2013,5571838
"Ficus","Ficus luschnathiana","Ficus luschnathiana (Miq.) Miq.",-25.8452,-48.5745,NA,11,7,1989,5571838
"Ficus","Ficus luschnathiana","Ficus luschnathiana (Miq.) Miq.",-27.4026,-48.7013,76,7,6,2017,5571838
"Ficus","Ficus luschnathiana","Ficus luschnathiana (Miq.) Miq.",-25.5917,-48.5558,20,29,9,1995,5571838
"Ficus","Ficus luschnathiana","Ficus luschnathiana (Miq.) Miq.",-26.006064,-51.647106,788,6,8,2019,5571838
"Ficus","Ficus luschnathiana","Ficus luschnathiana (Miq.) Miq.",-25.3725,-49.034,940,30,1,2021,5571838
"Ficus","Ficus luschnathiana","Ficus luschnathiana (Miq.) Miq.",-25.2414,-50.0028,NA,24,4,1992,5571838
"Ficus","Ficus luschnathiana","Ficus luschnathiana (Miq.) Miq.",-25.9031,-48.6252,NA,3,5,1996,5571838
"Ficus","Ficus luschnathiana","Ficus luschnathiana (Miq.) Miq.",-26.329075,-48.861036,29,25,5,2019,5571838
"Ficus","Ficus luschnathiana","Ficus luschnathiana (Miq.) Miq.",-25.7222,-52.0239,650,11,3,1996,5571838
"Ficus","Ficus luschnathiana","Ficus luschnathiana (Miq.) Miq.",-26.387493,-50.184981,817,6,3,2019,5571838
"Ficus","Ficus luschnathiana","Ficus luschnathiana (Miq.) Miq.",-23.099339,-48.931286,748,23,10,2019,5571838
"Ficus","Ficus luschnathiana","Ficus luschnathiana (Miq.) Miq.",-23.099279,-48.93125,771,23,10,2019,5571838
"Ficus","Ficus luschnathiana","Ficus luschnathiana (Miq.) Miq.",-29.846179,-51.135059,40,12,11,2021,5571838
"Ficus","Ficus luschnathiana","Ficus luschnathiana (Miq.) Miq.",-34.635033,-58.445947,15,11,6,2021,5571838
"Ficus","Ficus luschnathiana","Ficus luschnathiana (Miq.) Miq.",-25.496667,-48.982194,1004,18,4,2008,5571838
"Ficus","Ficus luschnathiana","Ficus luschnathiana (Miq.) Miq.",-24.745,-52.461667,404,1,9,2015,5571838
"Ficus","Ficus luschnathiana","Ficus luschnathiana (Miq.) Miq.",-24.52025,-52.444611,683,5,6,2012,5571838
"Ficus","Ficus luschnathiana","Ficus luschnathiana (Miq.) Miq.",-23.966389,-51.088861,1170,17,10,2014,5571838
"Ficus","Ficus luschnathiana","Ficus luschnathiana (Miq.) Miq.",-29.162778,-54.886944,NA,2,5,2016,5571838
"Ficus","Ficus luschnathiana","Ficus luschnathiana (Miq.) Miq.",-26.173611,-48.612778,15,9,2,2017,5571838
"Ficus","Ficus luschnathiana","Ficus luschnathiana (Miq.) Miq.",-26.085556,-51.894167,720,19,12,2018,5571838
"Ficus","Ficus luschnathiana","Ficus luschnathiana (Miq.) Miq.",-24.35825,-51.9015,408,31,8,2022,5571838
"Ficus","Ficus luschnathiana","Ficus luschnathiana (Miq.) Miq.",-25.810222,-48.911556,311,4,2,2012,5571838
"Ficus","Ficus luschnathiana","Ficus luschnathiana (Miq.) Miq.",-25.760278,-49.103611,1105,26,6,2013,5571838
"Ficus","Ficus luschnathiana","Ficus luschnathiana (Miq.) Miq.",-29.156944,-51.700278,149,16,5,2021,5571838
"Ficus","Ficus luschnathiana","Ficus luschnathiana (Miq.) Miq.",-27.63,-48.691667,65,21,8,2017,5571838
"Ficus","Ficus luschnathiana","Ficus luschnathiana (Miq.) Miq.",-24.101111,-52.326167,562,30,3,2007,5571838
"Ficus","Ficus luschnathiana","Ficus luschnathiana (Miq.) Miq.",-24.103722,-52.325694,578,23,2,2007,5571838
"Ficus","Ficus luschnathiana","Ficus luschnathiana (Miq.) Miq.",-27.87,-56.88,NA,26,5,2018,5571838
"Ficus","Ficus luschnathiana","Ficus luschnathiana (Miq.) Miq.",-25.792222,-50.431111,399,4,5,2006,5571838
"Ficus","Ficus luschnathiana","Ficus luschnathiana (Miq.) Miq.",-29.75136,-51.143791,NA,NA,10,1941,5571838
"Ficus","Ficus luschnathiana","Ficus luschnathiana (Miq.) Miq.",-22.7041501,-46.7601127,NA,18,12,1942,5571838
"Ficus","Ficus luschnathiana","Ficus luschnathiana (Miq.) Miq.",-23.965,-46.327531,0,10,4,2007,5571838
"Ficus","Ficus luschnathiana","Ficus luschnathiana (Miq.) Miq.",-28.1025,-50.879167,NA,19,2,2007,5571838
"Ficus","Ficus luschnathiana","Ficus luschnathiana (Miq.) Miq.",-27.597778,-51.389722,550,9,7,2007,5571838
"Ficus","Ficus luschnathiana","Ficus luschnathiana (Miq.) Miq.",-28.179444,-50.780556,724,6,12,2005,5571838
"Ficus","Ficus luschnathiana","Ficus luschnathiana (Miq.) Miq.",-28.098056,-50.874444,570,3,9,2006,5571838
"Ficus","Ficus luschnathiana","Ficus luschnathiana (Miq.) Miq.",-28.118611,-50.8325,650,21,1,2007,5571838
"Ficus","Ficus luschnathiana","Ficus luschnathiana (Miq.) Miq.",-28.120556,-50.827778,650,21,1,2007,5571838
"Ficus","Ficus luschnathiana","Ficus luschnathiana (Miq.) Miq.",-21.55,-43.5,778,13,9,1994,5571838
"Ficus","Ficus luschnathiana","Ficus luschnathiana (Miq.) Miq.",-21.9236,-46.3861,NA,24,10,2011,5571838
"Ficus","Ficus luschnathiana","Ficus luschnathiana (Miq.) Miq.",-23.4339,-45.0711,NA,3,6,1995,5571838
"Ficus","Ficus luschnathiana","Ficus luschnathiana (Miq.) Miq.",-22.7553,-46.1447,NA,26,8,1999,5571838
"Ficus","Ficus luschnathiana","Ficus luschnathiana (Miq.) Miq.",-22.870251,-47.077171,NA,4,11,2004,5571838
"Ficus","Ficus luschnathiana","Ficus luschnathiana (Miq.) Miq.",-24.3239,-50.6156,NA,19,10,1991,5571838
"Ficus","Ficus luschnathiana","Ficus luschnathiana (Miq.) Miq.",-22.7553,-46.1447,NA,18,7,2001,5571838
"Ficus","Ficus luschnathiana","Ficus luschnathiana (Miq.) Miq.",-24.274444,-49.160833,NA,11,12,1997,5571838
"Ficus","Ficus luschnathiana","Ficus luschnathiana (Miq.) Miq.",-23.4339,-45.0711,NA,NA,NA,NA,5571838
"Ficus","Ficus luschnathiana","Ficus luschnathiana (Miq.) Miq.",-22.870251,-47.077171,NA,8,5,1951,5571838
"Ficus","Ficus luschnathiana","Ficus luschnathiana (Miq.) Miq.",-22.6458,-47.1961,NA,25,8,1956,5571838
"Ficus","Ficus luschnathiana","Ficus luschnathiana (Miq.) Miq.",-23.715023,-47.087668,NA,24,4,2001,5571838
"Ficus","Ficus luschnathiana","Ficus luschnathiana (Miq.) Miq.",-21.9236,-46.3861,NA,24,10,2006,5571838
"Ficus","Ficus luschnathiana","Ficus luschnathiana (Miq.) Miq.",-22.9056,-47.0608,NA,10,10,1968,5571838
"Ficus","Ficus luschnathiana","Ficus luschnathiana (Miq.) Miq.",-22.9475,-42.03,75,29,1,2006,5571838
"Ficus","Ficus luschnathiana","Ficus luschnathiana (Miq.) Miq.",-11.476667,-55,0,9,11,1996,5571838
"Ficus","Ficus luschnathiana","Ficus luschnathiana (Miq.) Miq.",-25.08,-47.93,6,NA,NA,NA,5571838
"Ficus","Ficus luschnathiana","Ficus luschnathiana (Miq.) Miq.",-24.608333,-47.88,0,17,7,1996,5571838
"Ficus","Ficus luschnathiana","Ficus luschnathiana (Miq.) Miq.",-24.2025,-49.4,0,18,12,1997,5571838
"Ficus","Ficus luschnathiana","Ficus luschnathiana (Miq.) Miq.",-24.608333,-47.88,0,16,2,1995,5571838
"Ficus","Ficus luschnathiana","Ficus luschnathiana (Miq.) Miq.",-29.897839,-50.169714,7,21,1,2015,5571838
"Ficus","Ficus luschnathiana","Ficus luschnathiana (Miq.) Miq.",-27.3625,-52.875556,NA,29,6,2008,5571838
"Ficus","Ficus luschnathiana","Ficus luschnathiana (Miq.) Miq.",-27.341111,-52.721111,NA,2,10,2008,5571838
"Ficus","Ficus luschnathiana","Ficus luschnathiana (Miq.) Miq.",-27.290833,-52.104444,467,12,4,2021,5571838
"Ficus","Ficus luschnathiana","Ficus luschnathiana (Miq.) Miq.",-25.792222,-50.431111,798,4,5,2006,5571838
"Ficus","Ficus luschnathiana","Ficus luschnathiana (Miq.) Miq.",-27.561379,-55.704179,NA,8,9,1993,5571838
"Ficus","Ficus luschnathiana","Ficus luschnathiana (Miq.) Miq.",-25.1667,-49.3,NA,10,1,1985,5571838
"Ficus","Ficus luschnathiana","Ficus luschnathiana (Miq.) Miq.",-26.93333,-54.26667,NA,15,3,1994,5571838
"Ficus","Ficus luschnathiana","Ficus luschnathiana (Miq.) Miq.",-29.897778,-50.169722,7,21,1,2015,5571838
"Ficus","Ficus luschnathiana","Ficus luschnathiana (Miq.) Miq.",-30.65,-51.48,NA,12,12,1892,5571838
"Ficus","Ficus luschnathiana","Ficus luschnathiana (Miq.) Miq.",-23.745,-46.353056,NA,14,2,2008,5571838
"Ficus","Ficus luschnathiana","Ficus luschnathiana (Miq.) Miq.",-23.778889,-46.298056,NA,23,9,2008,5571838
"Ficus","Ficus luschnathiana","Ficus luschnathiana (Miq.) Miq.",-22.478611,-41.883056,NA,17,10,2007,5571838
"Ficus","Ficus luschnathiana","Ficus luschnathiana (Miq.) Miq.",-25.416667,-57.166667,NA,1,12,1988,5571838
"Ficus","Ficus luschnathiana","Ficus luschnathiana (Miq.) Miq.",-23.761944,-46.3375,NA,11,4,2008,5571838
"Ficus","Ficus luschnathiana","Ficus luschnathiana (Miq.) Miq.",-22.951944,-43.211944,NA,11,8,1959,5571838
"Ficus","Ficus luschnathiana","Ficus luschnathiana (Miq.) Miq.",-23.646111,-46.618333,NA,13,4,1977,5571838
"Ficus","Ficus luschnathiana","Ficus luschnathiana (Miq.) Miq.",-23.425556,-51.938333,850,NA,NA,NA,5571838
"Ficus","Ficus luschnathiana","Ficus luschnathiana (Miq.) Miq.",-25.190278,-49.314167,NA,12,3,1967,5571838
"Ficus","Ficus luschnathiana","Ficus luschnathiana (Miq.) Miq.",-22.903056,-43.2075,NA,19,3,1980,5571838
"Ficus","Ficus luschnathiana","Ficus luschnathiana (Miq.) Miq.",-22.903056,-43.2075,800,NA,NA,NA,5571838
"Ficus","Ficus luschnathiana","Ficus luschnathiana (Miq.) Miq.",-27.645556,-48.667778,250,NA,NA,NA,5571838
"Ficus","Ficus luschnathiana","Ficus luschnathiana (Miq.) Miq.",-22.700278,-46.759722,NA,18,12,1942,5571838
"Ficus","Ficus luschnathiana","Ficus luschnathiana (Miq.) Miq.",-23.646111,-46.618333,NA,1,6,1977,5571838
"Ficus","Ficus luschnathiana","Ficus luschnathiana (Miq.) Miq.",-27.1,-52.62,NA,16,12,1964,5571838
"Ficus","Ficus luschnathiana","Ficus luschnathiana (Miq.) Miq.",-29.751389,-51.143889,NA,NA,10,1941,5571838
"Ficus","Ficus luschnathiana","Ficus luschnathiana (Miq.) Miq.",-23.92,-51.97,NA,14,3,1996,5571838
"Ficus","Ficus luschnathiana","Ficus luschnathiana (Miq.) Miq.",-26.908056,-48.661667,10,NA,NA,NA,5571838
"Ficus","Ficus luschnathiana","Ficus luschnathiana (Miq.) Miq.",-22.971944,-43.273889,NA,30,8,1967,5571838
"Ficus","Ficus luschnathiana","Ficus luschnathiana (Miq.) Miq.",-23.654444,-46.621944,NA,20,9,1951,5571838
"Ficus","Ficus luschnathiana","Ficus luschnathiana (Miq.) Miq.",-25.548889,-48.631667,NA,8,5,1909,5571838
"Ficus","Ficus luschnathiana","Ficus luschnathiana (Miq.) Miq.",-25.584167,-49.635556,1000,NA,NA,NA,5571838
"Ficus","Ficus luschnathiana","Ficus luschnathiana (Miq.) Miq.",-34.013001,-53.600367,NA,5,1,2022,5571838
"Ficus","Ficus luschnathiana","Ficus luschnathiana (Miq.) Miq.",-27.556088,-48.765584,NA,27,12,2021,5571838
"Ficus","Ficus luschnathiana","Ficus luschnathiana (Miq.) Miq.",-23.263965,-45.052474,NA,11,7,1980,5571838
"Ficus","Ficus luschnathiana","Ficus luschnathiana (Miq.) Miq.",-24.35825,-51.9015,NA,31,8,2022,5571838
"Ficus","Ficus luschnathiana","Ficus luschnathiana (Miq.) Miq.",-34.600614,-58.34968,NA,4,7,2020,5571838
"Ficus","Ficus luschnathiana","Ficus luschnathiana (Miq.) Miq.",-22,-42.05,1100,31,8,1989,5571838
"Ficus","Ficus luschnathiana","Ficus luschnathiana (Miq.) Miq.",-24.608333,-47.885,NA,26,8,1995,5571838
"Ficus","Ficus luschnathiana","Ficus luschnathiana (Miq.) Miq.",-23.883333,-46.727778,NA,14,2,1995,5571838
"Ficus","Ficus luschnathiana","Ficus luschnathiana (Miq.) Miq.",-23.256944,-45.042222,NA,14,12,1996,5571838
"Ficus","Ficus luschnathiana","Ficus luschnathiana (Miq.) Miq.",-24.201389,-46.857778,NA,26,6,1998,5571838
"Ficus","Ficus luschnathiana","Ficus luschnathiana (Miq.) Miq.",-23.519444,-48.748889,630,26,7,2007,5571838
"Ficus","Ficus luschnathiana","Ficus luschnathiana (Miq.) Miq.",-25.433333,-49.066667,890,14,7,2005,5571838
"Ficus","Ficus luschnathiana","Ficus luschnathiana (Miq.) Miq.",-22.623333,-52.180556,273,NA,10,2008,5571838
"Ficus","Ficus luschnathiana","Ficus luschnathiana (Miq.) Miq.",-22.327222,-44.604167,1222,16,2,2011,5571838
"Ficus","Ficus luschnathiana","Ficus luschnathiana (Miq.) Miq.",-22.603889,-52.879444,NA,21,5,2013,5571838
"Ficus","Ficus luschnathiana","Ficus luschnathiana (Miq.) Miq.",-23.360278,-44.786111,30,7,3,2008,5571838
"Ficus","Ficus luschnathiana","Ficus luschnathiana (Miq.) Miq.",-24.556944,-48.679167,NA,23,2,2011,5571838
"Ficus","Ficus luschnathiana","Ficus luschnathiana (Miq.) Miq.",-28.169444,-48.870278,604,17,3,2010,5571838
"Ficus","Ficus luschnathiana","Ficus luschnathiana (Miq.) Miq.",-25.295556,-49.130278,980,26,8,2010,5571838
"Ficus","Ficus luschnathiana","Ficus luschnathiana (Miq.) Miq.",-23.769167,-46.286389,927,16,2,2006,5571838
"Ficus","Ficus luschnathiana","Ficus luschnathiana (Miq.) Miq.",-22.25,-44.566667,NA,6,10,1995,5571838
"Ficus","Ficus luschnathiana","Ficus luschnathiana (Miq.) Miq.",-26.28,-49.14,770,2,2,2010,5571838
"Ficus","Ficus luschnathiana","Ficus luschnathiana (Miq.) Miq.",-27.09,-52.47,NA,30,1,2009,5571838
"Ficus","Ficus luschnathiana","Ficus luschnathiana (Miq.) Miq.",-23.896111,-46.727778,NA,14,8,1995,5571838
"Ficus","Ficus luschnathiana","Ficus luschnathiana (Miq.) Miq.",-24.080833,-49.068056,750,29,5,2008,5571838
"Ficus","Ficus luschnathiana","Ficus luschnathiana (Miq.) Miq.",-24.285556,-48.422778,858,30,1,2006,5571838
"Ficus","Ficus luschnathiana","Ficus luschnathiana (Miq.) Miq.",-24.265278,-48.413611,850,30,1,2006,5571838
"Ficus","Ficus luschnathiana","Ficus luschnathiana (Miq.) Miq.",-22.567778,-52.226944,366,NA,4,2008,5571838
"Ficus","Ficus luschnathiana","Ficus luschnathiana (Miq.) Miq.",-22.2545,-42.4462,120,12,5,2007,5571838
"Ficus","Ficus luschnathiana","Ficus luschnathiana (Miq.) Miq.",-26.911944,-49.605278,823,14,4,2010,5571838
"Ficus","Ficus luschnathiana","Ficus luschnathiana (Miq.) Miq.",-22.526667,-45.266389,1307,20,3,2014,5571838
"Ficus","Ficus luschnathiana","Ficus luschnathiana (Miq.) Miq.",-25.910556,-48.585556,13,29,7,2015,5571838
"Ficus","Ficus luschnathiana","Ficus luschnathiana (Miq.) Miq.",-23.783333,-46.316667,825,16,10,1984,5571838
"Ficus","Ficus luschnathiana","Ficus luschnathiana (Miq.) Miq.",-23.390833,-49.377778,NA,14,6,1995,5571838
"Ficus","Ficus luschnathiana","Ficus luschnathiana (Miq.) Miq.",-23.859167,-46.740278,NA,17,5,1996,5571838
"Ficus","Ficus luschnathiana","Ficus luschnathiana (Miq.) Miq.",-23.256944,-45.044167,NA,NA,NA,1996,5571838
"Ficus","Ficus luschnathiana","Ficus luschnathiana (Miq.) Miq.",-24.675833,-47.876944,NA,29,6,1996,5571838
"Ficus","Ficus luschnathiana","Ficus luschnathiana (Miq.) Miq.",-17.748056,-44.261389,1150,26,1,2004,5571838
"Ficus","Ficus luschnathiana","Ficus luschnathiana (Miq.) Miq.",-23.378333,-44.836944,NA,3,4,2005,5571838
"Ficus","Ficus luschnathiana","Ficus luschnathiana (Miq.) Miq.",-23.355556,-44.864167,2,2,4,2005,5571838
"Ficus","Ficus luschnathiana","Ficus luschnathiana (Miq.) Miq.",-24.4,-47.067778,NA,16,11,2010,5571838
"Ficus","Ficus luschnathiana","Ficus luschnathiana (Miq.) Miq.",-22.326389,-44.603611,1210,16,2,2011,5571838
"Ficus","Ficus luschnathiana","Ficus luschnathiana (Miq.) Miq.",-22.324722,-44.5875,1129,16,2,2011,5571838
"Ficus","Ficus luschnathiana","Ficus luschnathiana (Miq.) Miq.",-24.783333,-47.795,NA,6,1,1999,5571838
"Ficus","Ficus luschnathiana","Ficus luschnathiana (Miq.) Miq.",-23.231389,-49.634444,NA,14,6,1995,5571838
"Ficus","Ficus luschnathiana","Ficus luschnathiana (Miq.) Miq.",-24.962222,-48.414722,NA,14,2,1995,5571838
"Ficus","Ficus luschnathiana","Ficus luschnathiana (Miq.) Miq.",-13.315556,-41.5725,796,17,5,2002,5571838
"Ficus","Ficus luschnathiana","Ficus luschnathiana (Miq.) Miq.",-23.513056,-48.768056,NA,22,11,2006,5571838
"Ficus","Ficus luschnathiana","Ficus luschnathiana (Miq.) Miq.",-23.358889,-44.886667,NA,2,4,2005,5571838
"Ficus","Ficus luschnathiana","Ficus luschnathiana (Miq.) Miq.",-21.341389,-47.846667,548,NA,12,2008,5571838
"Ficus","Ficus luschnathiana","Ficus luschnathiana (Miq.) Miq.",-22.681667,-42.004722,8,2,11,2010,5571838
"Ficus","Ficus luschnathiana","Ficus luschnathiana (Miq.) Miq.",-23.778986,-46.298025,NA,23,9,2008,5571838
"Ficus","Ficus luschnathiana","Ficus luschnathiana (Miq.) Miq.",-26.91,-50.220278,786,22,2,2010,5571838
"Ficus","Ficus luschnathiana","Ficus luschnathiana (Miq.) Miq.",-22.548333,-43.046944,62,1,11,2010,5571838
"Ficus","Ficus luschnathiana","Ficus luschnathiana (Miq.) Miq.",-22.621111,-43.7925,NA,15,4,2011,5571838
"Ficus","Ficus luschnathiana","Ficus luschnathiana (Miq.) Miq.",-25.17,-48.858056,870,9,7,2014,5571838
"Ficus","Ficus luschnathiana","Ficus luschnathiana (Miq.) Miq.",-22.9475,-42.0275,150,29,1,2006,5571838
"Ficus","Ficus luschnathiana","Ficus luschnathiana (Miq.) Miq.",-23.243889,-45.027778,1045,15,11,2006,5571838
"Ficus","Ficus luschnathiana","Ficus luschnathiana (Miq.) Miq.",-24.266111,-48.448889,850,30,1,2006,5571838
"Ficus","Ficus luschnathiana","Ficus luschnathiana (Miq.) Miq.",-22.419167,-49.684444,534,28,5,2008,5571838
"Ficus","Ficus luschnathiana","Ficus luschnathiana (Miq.) Miq.",-22.328611,-44.567778,1113,16,2,2011,5571838
"Ficus","Ficus luschnathiana","Ficus luschnathiana (Miq.) Miq.",-22.650833,-52.355278,NA,1,10,2009,5571838
"Ficus","Ficus luschnathiana","Ficus luschnathiana (Miq.) Miq.",-27.54,-48.96,718,6,4,2010,5571838
"Ficus","Ficus luschnathiana","Ficus luschnathiana (Miq.) Miq.",-23.683333,-45.616667,NA,18,4,2000,5571838
"Ficus","Ficus luschnathiana","Ficus luschnathiana (Miq.) Miq.",-24.643333,-48.400278,400,22,3,2005,5571838
"Ficus","Ficus luschnathiana","Ficus luschnathiana (Miq.) Miq.",-24.266111,-48.417778,850,30,1,2006,5571838
"Ficus","Ficus luschnathiana","Ficus luschnathiana (Miq.) Miq.",-24.265833,-48.416111,858,30,1,2006,5571838
"Ficus","Ficus luschnathiana","Ficus luschnathiana (Miq.) Miq.",-23.762081,-46.337592,NA,11,4,2008,5571838
"Ficus","Ficus luschnathiana","Ficus luschnathiana (Miq.) Miq.",-26.46,-49.232778,280,4,2,2010,5571838
"Ficus","Ficus luschnathiana","Ficus luschnathiana (Miq.) Miq.",-23.662778,-46.823889,770,8,5,2009,5571838
"Ficus","Ficus luschnathiana","Ficus luschnathiana (Miq.) Miq.",-28.529167,-49.497222,197,27,1,2010,5571838
"Ficus","Ficus luschnathiana","Ficus luschnathiana (Miq.) Miq.",-22.526667,-45.266389,1307,7,5,2014,5571838
"Ficus","Ficus luschnathiana","Ficus luschnathiana (Miq.) Miq.",-23.633333,-45.866667,920,29,3,1984,5571838
"Ficus","Ficus luschnathiana","Ficus luschnathiana (Miq.) Miq.",-24.533333,-48.833333,600,23,4,1994,5571838
"Ficus","Ficus luschnathiana","Ficus luschnathiana (Miq.) Miq.",-23.866667,-46.7,NA,29,3,1996,5571838
"Ficus","Ficus luschnathiana","Ficus luschnathiana (Miq.) Miq.",-23.378333,-44.836389,17,18,3,2006,5571838
"Ficus","Ficus luschnathiana","Ficus luschnathiana (Miq.) Miq.",-22.476667,-52.179722,295,29,6,2008,5571838
"Ficus","Ficus luschnathiana","Ficus luschnathiana (Miq.) Miq.",-23.745161,-46.353106,NA,14,2,2008,5571838
"Ficus","Ficus luschnathiana","Ficus luschnathiana (Miq.) Miq.",-28.08,-48.87,558,1,6,2010,5571838
"Ficus","Ficus luschnathiana","Ficus luschnathiana (Miq.) Miq.",-22.504722,-42.891944,34,1,11,2010,5571838
"Ficus","Ficus luschnathiana","Ficus luschnathiana (Miq.) Miq.",-22.96,-43.177778,37,3,11,2010,5571838
"Ficus","Ficus luschnathiana","Ficus luschnathiana (Miq.) Miq.",-27.27,-49.14,639,30,3,2010,5571838
"Ficus","Ficus luschnathiana","Ficus luschnathiana (Miq.) Miq.",-24.2025,-49.404167,NA,18,12,1997,5571838
"Ficus","Ficus luschnathiana","Ficus luschnathiana (Miq.) Miq.",-22.630833,-52.813611,287,21,12,2012,5571838
"Ficus","Ficus luschnathiana","Ficus luschnathiana (Miq.) Miq.",-23.388472,-46.407361,813,26,10,2012,5571838
"Ficus","Ficus luschnathiana","Ficus luschnathiana (Miq.) Miq.",-31.733867,-52.354042,37.2,7,9,2022,5571838
"Ficus","Ficus luschnathiana","Ficus luschnathiana (Miq.) Miq.",-25.46666,-48.86666,380,24,1,1985,5571838
"Ficus","Ficus luschnathiana","Ficus luschnathiana (Miq.) Miq.",-24.13305,-55.52777,NA,28,5,1999,5571838
"Ficus","Ficus luschnathiana","Ficus luschnathiana (Miq.) Miq.",-26.908056,-48.661667,NA,29,10,1954,5571838
"Ficus","Ficus luschnathiana","Ficus luschnathiana (Miq.) Miq.",-26.9,-54.2,NA,27,4,1999,5571838
"Ficus","Ficus luschnathiana","Ficus luschnathiana (Miq.) Miq.",-27.135556,-49.531667,NA,1,11,2010,5571838
"Ficus","Ficus luschnathiana","Ficus luschnathiana (Miq.) Miq.",-26.73,-49.499722,NA,4,5,2010,5571838
"Ficus","Ficus luschnathiana","Ficus luschnathiana (Miq.) Miq.",-30.85,-51.8072,300,13,6,2003,5571838
"Ficus","Ficus luschnathiana","Ficus luschnathiana (Miq.) Miq.",-21.326667,-46.3675,NA,NA,NA,NA,5571838
"Ficus","Ficus luschnathiana","Ficus luschnathiana (Miq.) Miq.",-25.366667,-49.216667,NA,31,1,1996,5571838
"Ficus","Ficus luschnathiana","Ficus luschnathiana (Miq.) Miq.",-27.628889,-48.780833,NA,31,5,2010,5571838
"Ficus","Ficus luschnathiana","Ficus luschnathiana (Miq.) Miq.",-28.08,-48.69,NA,28,4,2010,5571838
"Ficus","Ficus luschnathiana","Ficus luschnathiana (Miq.) Miq.",-27.007781,-49.11195,NA,8,11,2007,5571838
"Ficus","Ficus luschnathiana","Ficus luschnathiana (Miq.) Miq.",-22.7539,-41.9842,NA,17,10,2004,5571838
"Ficus","Ficus luschnathiana","Ficus luschnathiana (Miq.) Miq.",-27.000294,-50.129447,NA,24,2,2010,5571838
"Ficus","Ficus luschnathiana","Ficus luschnathiana (Miq.) Miq.",-31.36899,-57.998172,NA,10,1,2024,5571838
"Ficus","Ficus luschnathiana","Ficus luschnathiana (Miq.) Miq.",-30.534444,-51.3525,40,23,9,2014,5571838
"Ficus","Ficus luschnathiana","Ficus luschnathiana (Miq.) Miq.",-27.45191,-58.658302,NA,28,1,2023,5571838
"Ficus","Ficus luschnathiana","Ficus luschnathiana (Miq.) Miq.",-32.766848,-53.310611,NA,9,1,2024,5571838
"Ficus","Ficus luschnathiana","Ficus luschnathiana (Miq.) Miq.",-24.25,-46.93333,560,2,9,1987,5571838
"Ficus","Ficus luschnathiana","Ficus luschnathiana (Miq.) Miq.",-25.64166,-54.81694,NA,28,11,1995,5571838
"Ficus","Ficus luschnathiana","Ficus luschnathiana (Miq.) Miq.",-27.28333,-55.58333,180,21,9,2000,5571838
"Ficus","Ficus luschnathiana","Ficus luschnathiana (Miq.) Miq.",-25.492222,-48.994167,NA,8,11,2019,5571838
"Ficus","Ficus luschnathiana","Ficus luschnathiana (Miq.) Miq.",-28.733333,-58.033333,NA,2,12,1998,5571838
"Ficus","Ficus luschnathiana","Ficus luschnathiana (Miq.) Miq.",-22.454722,-44.608056,759.5,21,8,2015,5571838
"Ficus","Ficus luschnathiana","Ficus luschnathiana (Miq.) Miq.",-22.4082398,-49.7006539,NA,NA,NA,NA,5571838
"Ficus","Ficus luschnathiana","Ficus luschnathiana (Miq.) Miq.",-22.4081668,-49.7004159,NA,NA,NA,NA,5571838
"Ficus","Ficus luschnathiana","Ficus luschnathiana (Miq.) Miq.",-24.1847313,-47.9242288,NA,NA,NA,2010,5571838
"Ficus","Ficus luschnathiana","Ficus luschnathiana (Miq.) Miq.",-23.3561818,-44.8645873,NA,NA,NA,2005,5571838
"Ficus","Ficus luschnathiana","Ficus luschnathiana (Miq.) Miq.",-22.9171754,-46.8836999,NA,NA,NA,2000,5571838
"Ficus","Ficus luschnathiana","Ficus luschnathiana (Miq.) Miq.",-22.4196678,-49.6848149,NA,NA,NA,2008,5571838
"Ficus","Ficus luschnathiana","Ficus luschnathiana (Miq.) Miq.",-24.1814763,-47.9253098,NA,NA,NA,NA,5571838
"Ficus","Ficus luschnathiana","Ficus luschnathiana (Miq.) Miq.",-23.3789819,-44.8375862,NA,NA,NA,2005,5571838
"Ficus","Ficus luschnathiana","Ficus luschnathiana (Miq.) Miq.",-24.2665752,-48.4184124,NA,NA,NA,2006,5571838
"Ficus","Ficus luschnathiana","Ficus luschnathiana (Miq.) Miq.",-22.9085753,-46.9153011,NA,NA,NA,2001,5571838
"Ficus","Ficus luschnathiana","Ficus luschnathiana (Miq.) Miq.",-21.3418682,-47.8470999,NA,NA,NA,2008,5571838
"Ficus","Ficus luschnathiana","Ficus luschnathiana (Miq.) Miq.",-23.5838139,-45.5170585,NA,NA,NA,2011,5571838
"Ficus","Ficus luschnathiana","Ficus luschnathiana (Miq.) Miq.",-24.2663752,-48.4168143,NA,NA,NA,2006,5571838
"Ficus","Ficus luschnathiana","Ficus luschnathiana (Miq.) Miq.",-22.556561,-52.4115322,NA,NA,NA,2009,5571838
"Ficus","Ficus luschnathiana","Ficus luschnathiana (Miq.) Miq.",-23.360881,-44.7866868,NA,NA,NA,2008,5571838
"Ficus","Ficus luschnathiana","Ficus luschnathiana (Miq.) Miq.",-24.2667751,-48.4495146,NA,NA,NA,2006,5571838
"Ficus","Ficus luschnathiana","Ficus luschnathiana (Miq.) Miq.",-23.8671777,-46.7004015,NA,NA,NA,1996,5571838
"Ficus","Ficus luschnathiana","Ficus luschnathiana (Miq.) Miq.",-22.4782627,-51.3152263,NA,NA,NA,2000,5571838
"Ficus","Ficus luschnathiana","Ficus luschnathiana (Miq.) Miq.",-22.5624606,-52.1841328,NA,NA,NA,2008,5571838
"Ficus","Ficus luschnathiana","Ficus luschnathiana (Miq.) Miq.",-24.2860762,-48.4234134,NA,NA,NA,2006,5571838
"Ficus","Ficus luschnathiana","Ficus luschnathiana (Miq.) Miq.",-22.6237618,-52.181031,NA,NA,NA,2008,5571838
"Ficus","Ficus luschnathiana","Ficus luschnathiana (Miq.) Miq.",-23.3671769,-46.4336972,NA,NA,NA,NA,5571838
"Ficus","Ficus luschnathiana","Ficus luschnathiana (Miq.) Miq.",-22.9243799,-45.4620892,NA,NA,NA,2006,5571838
"Ficus","Ficus luschnathiana","Ficus luschnathiana (Miq.) Miq.",-25.0785697,-47.9318178,NA,NA,NA,NA,5571838
"Ficus","Ficus luschnathiana","Ficus luschnathiana (Miq.) Miq.",-22.5126592,-52.3173305,NA,NA,NA,2007,5571838
"Ficus","Ficus luschnathiana","Ficus luschnathiana (Miq.) Miq.",-23.3593817,-44.8872885,NA,NA,NA,2005,5571838
"Ficus","Ficus luschnathiana","Ficus luschnathiana (Miq.) Miq.",-23.5660767,-46.7289998,NA,NA,NA,NA,5571838
"Ficus","Ficus luschnathiana","Ficus luschnathiana (Miq.) Miq.",-23.3790809,-44.8367852,NA,NA,NA,2005,5571838
"Ficus","Ficus luschnathiana","Ficus luschnathiana (Miq.) Miq.",-24.2657762,-48.4141133,NA,NA,NA,2006,5571838
"Ficus","Ficus luschnathiana","Ficus luschnathiana (Miq.) Miq.",-22.4771604,-52.1801306,NA,NA,NA,2008,5571838
"Ficus","Ficus luschnathiana","Ficus luschnathiana (Miq.) Miq.",-24.1847313,-47.9242288,NA,NA,NA,2002,5571838
"Ficus","Ficus luschnathiana","Ficus luschnathiana (Miq.) Miq.",-22.5682615,-52.2273301,NA,NA,NA,2008,5571838
"Ficus","Ficus luschnathiana","Ficus luschnathiana (Miq.) Miq.",-23.646109,-46.618358,NA,1,6,1977,5571838
"Ficus","Ficus luschnathiana","Ficus luschnathiana (Miq.) Miq.",-27.76885,-57.276024,NA,21,7,2021,5571838
"Ficus","Ficus luschnathiana","Ficus luschnathiana (Miq.) Miq.",-24.093055,-50.713611,635,14,8,2012,5571838
"Ficus","Ficus luschnathiana","Ficus luschnathiana (Miq.) Miq.",-25.4319824,-49.2736973,NA,18,11,1987,5571838
"Ficus","Ficus luschnathiana","Ficus luschnathiana (Miq.) Miq.",-23.96,-47.5,NA,30,4,2013,5571838
"Ficus","Ficus luschnathiana","Ficus luschnathiana (Miq.) Miq.",-22,-42.5,NA,30,8,1967,5571838
"Ficus","Ficus luschnathiana","Ficus luschnathiana (Miq.) Miq.",-22,-42.5,NA,23,1,1942,5571838
"Ficus","Ficus luschnathiana","Ficus luschnathiana (Miq.) Miq.",-25.760278,-49.103611,552.5,26,6,2013,5571838
"Ficus","Ficus luschnathiana","Ficus luschnathiana (Miq.) Miq.",-24.745,-52.461667,202,1,9,2015,5571838
"Ficus","Ficus luschnathiana","Ficus luschnathiana (Miq.) Miq.",-28.389722,-49.293889,295,1,4,2022,5571838
"Ficus","Ficus luschnathiana","Ficus luschnathiana (Miq.) Miq.",-22,-49,NA,4,6,1993,5571838
"Ficus","Ficus luschnathiana","Ficus luschnathiana (Miq.) Miq.",-32.8667,-55.7933,NA,NA,3,1934,5571838
"Ficus","Ficus luschnathiana","Ficus luschnathiana (Miq.) Miq.",-22,-49,NA,24,6,2000,5571838
"Ficus","Ficus luschnathiana","Ficus luschnathiana (Miq.) Miq.",-22,-49,NA,18,7,1991,5571838
"Ficus","Ficus luschnathiana","Ficus luschnathiana (Miq.) Miq.",-24.450278,-49.019167,NA,24,4,2007,5571838
"Ficus","Ficus luschnathiana","Ficus luschnathiana (Miq.) Miq.",-23.959694,-46.3585,NA,6,6,2023,5571838
"Ficus","Ficus luschnathiana","Ficus luschnathiana (Miq.) Miq.",-25.511111,-49.006667,462,29,5,2014,5571838
"Ficus","Ficus luschnathiana","Ficus luschnathiana (Miq.) Miq.",-25.428889,-48.948056,356,28,9,2016,5571838
"Ficus","Ficus luschnathiana","Ficus luschnathiana (Miq.) Miq.",-25.807222,-52.900833,440,8,6,2020,5571838
"Ficus","Ficus luschnathiana","Ficus luschnathiana (Miq.) Miq.",-25.923056,-48.590556,20,24,4,2021,5571838
"Ficus","Ficus luschnathiana","Ficus luschnathiana (Miq.) Miq.",-29.249722,-50.129722,466,25,5,2010,5571838
"Ficus","Ficus luschnathiana","Ficus luschnathiana (Miq.) Miq.",-27.628889,-48.780833,236,31,5,2010,5571838
"Ficus","Ficus luschnathiana","Ficus luschnathiana (Miq.) Miq.",-26.28,-49.14,770,29,5,2010,5571838
"Ficus","Ficus luschnathiana","Ficus luschnathiana (Miq.) Miq.",-27.041111,-49.548333,NA,16,6,2001,5571838
"Ficus","Ficus luschnathiana","Ficus luschnathiana (Miq.) Miq.",-27.007778,-49.111944,160,8,11,2007,5571838
"Ficus","Ficus luschnathiana","Ficus luschnathiana (Miq.) Miq.",-28.62,-49.59,479,5,11,2009,5571838
"Ficus","Ficus luschnathiana","Ficus luschnathiana (Miq.) Miq.",-27.359722,-48.8675,231,14,12,2009,5571838
"Ficus","Ficus luschnathiana","Ficus luschnathiana (Miq.) Miq.",-26.28,-48.6,3,31,10,2009,5571838
"Ficus","Ficus luschnathiana","Ficus luschnathiana (Miq.) Miq.",-27.000278,-50.129444,812,24,2,2010,5571838
"Ficus","Ficus luschnathiana","Ficus luschnathiana (Miq.) Miq.",-26.369722,-49.41,857,24,11,2009,5571838
"Ficus","Ficus luschnathiana","Ficus luschnathiana (Miq.) Miq.",-29.159444,-49.9525,323,22,9,2009,5571838
"Ficus","Ficus luschnathiana","Ficus luschnathiana (Miq.) Miq.",-29.198611,-49.950278,NA,9,8,2001,5571838
"Ficus","Ficus luschnathiana","Ficus luschnathiana (Miq.) Miq.",-28.710833,-49.499444,48,30,11,2009,5571838
"Ficus","Ficus luschnathiana","Ficus luschnathiana (Miq.) Miq.",-26.268333,-48.708333,5,6,6,2005,5571838
"Ficus","Ficus luschnathiana","Ficus luschnathiana (Miq.) Miq.",-26.957222,-49.087222,160,21,4,2017,5571838
"Ficus","Ficus luschnathiana","Ficus luschnathiana (Miq.) Miq.",-28.080556,-49.136944,276,5,5,2010,5571838
"Ficus","Ficus luschnathiana","Ficus luschnathiana (Miq.) Miq.",-26.803333,-48.933889,540,4,5,2016,5571838
"Ficus","Ficus luschnathiana","Ficus luschnathiana (Miq.) Miq.",-26.953611,-52.783611,590,30,10,2018,5571838
"Ficus","Ficus luschnathiana","Ficus luschnathiana (Miq.) Miq.",-27.271667,-49.320833,458,15,10,2009,5571838
"Ficus","Ficus luschnathiana","Ficus luschnathiana (Miq.) Miq.",-22.85,-43.233333,20,NA,NA,NA,5571838
"Ficus","Ficus luschnathiana","Ficus luschnathiana (Miq.) Miq.",-26.911944,-49.588611,823,14,4,2010,5571838
"Ficus","Ficus luschnathiana","Ficus luschnathiana (Miq.) Miq.",-27.135555,-49.531667,NA,1,11,2010,5571838
"Ficus","Ficus luschnathiana","Ficus luschnathiana (Miq.) Miq.",-27.119167,-49.207778,687,22,4,2015,5571838
"Ficus","Ficus luschnathiana","Ficus luschnathiana (Miq.) Miq.",-26.905278,-49.078889,38,28,1,2011,5571838
"Ficus","Ficus luschnathiana","Ficus luschnathiana (Miq.) Miq.",-25.441944,-49.238889,NA,9,12,2004,5571838
"Ficus","Ficus luschnathiana","Ficus luschnathiana (Miq.) Miq.",-28.621944,-49.408889,43,28,11,2009,5571838
"Ficus","Ficus luschnathiana","Ficus luschnathiana (Miq.) Miq.",-26.734722,-50.212222,682,23,6,2008,5571838
"Ficus","Ficus luschnathiana","Ficus luschnathiana (Miq.) Miq.",-27.090278,-49.590555,792,10,12,2009,5571838
"Ficus","Ficus luschnathiana","Ficus luschnathiana (Miq.) Miq.",-28.2625,-48.959444,412,7,4,2010,5571838
"Ficus","Ficus luschnathiana","Ficus luschnathiana (Miq.) Miq.",-27.359722,-49.32,598,22,9,2009,5571838
"Ficus","Ficus luschnathiana","Ficus luschnathiana (Miq.) Miq.",-22.535278,-46.634167,NA,24,2,2017,5571838
"Ficus","Ficus luschnathiana","Ficus luschnathiana (Miq.) Miq.",-23.787222,-45.993333,NA,3,11,1986,5571838
"Ficus","Ficus luschnathiana","Ficus luschnathiana (Miq.) Miq.",-23.355556,-44.864167,NA,2,4,2005,5571838
"Ficus","Ficus luschnathiana","Ficus luschnathiana (Miq.) Miq.",-24.265278,-48.413611,NA,30,1,2016,5571838
"Ficus","Ficus luschnathiana","Ficus luschnathiana (Miq.) Miq.",-25.433333,-49.066667,NA,14,7,2005,5571838
"Ficus","Ficus luschnathiana","Ficus luschnathiana (Miq.) Miq.",-24.266111,-48.448889,NA,30,1,2006,5571838
"Ficus","Ficus luschnathiana","Ficus luschnathiana (Miq.) Miq.",-23.378333,-44.836389,NA,18,3,2006,5571838
"Ficus","Ficus luschnathiana","Ficus luschnathiana (Miq.) Miq.",-23.358889,-44.886667,0,2,4,2005,5571838
"Ficus","Ficus luschnathiana","Ficus luschnathiana (Miq.) Miq.",-23.378333,-44.836944,0,3,4,2005,5571838
"Ficus","Ficus luschnathiana","Ficus luschnathiana (Miq.) Miq.",-24.266111,-48.417778,NA,30,1,2006,5571838
"Ficus","Ficus luschnathiana","Ficus luschnathiana (Miq.) Miq.",-24.285556,-48.422778,NA,30,1,2006,5571838
"Ficus","Ficus luschnathiana","Ficus luschnathiana (Miq.) Miq.",-21.983333,-44.9,NA,24,11,2005,5571838
"Ficus","Ficus luschnathiana","Ficus luschnathiana (Miq.) Miq.",-24.265833,-48.416111,NA,30,1,2006,5571838
"Ficus","Ficus luschnathiana","Ficus luschnathiana (Miq.) Miq.",-22.419167,-49.684444,NA,28,5,2008,5571838
"Ficus","Ficus luschnathiana","Ficus luschnathiana (Miq.) Miq.",-22.623333,-52.180556,NA,NA,10,2008,5571838
"Ficus","Ficus luschnathiana","Ficus luschnathiana (Miq.) Miq.",-22.476667,-52.179722,NA,29,6,2008,5571838
"Ficus","Ficus luschnathiana","Ficus luschnathiana (Miq.) Miq.",-27.025833,-49.095278,NA,25,6,2009,5571838
"Ficus","Ficus luschnathiana","Ficus luschnathiana (Miq.) Miq.",-27.011111,-49.1425,NA,29,6,2009,5571838
"Ficus","Ficus luschnathiana","Ficus luschnathiana (Miq.) Miq.",-22.512222,-52.316944,NA,5,9,2007,5571838
"Ficus","Ficus luschnathiana","Ficus luschnathiana (Miq.) Miq.",-27.021667,-49.064444,NA,27,6,2009,5571838
"Ficus","Ficus luschnathiana","Ficus luschnathiana (Miq.) Miq.",-27.030833,-49.086667,NA,26,6,2009,5571838
"Ficus","Ficus luschnathiana","Ficus luschnathiana (Miq.) Miq.",-22.556111,-52.411111,NA,22,9,2009,5571838
"Ficus","Ficus luschnathiana","Ficus luschnathiana (Miq.) Miq.",-22.561944,-52.183611,NA,11,3,2008,5571838
"Ficus","Ficus luschnathiana","Ficus luschnathiana (Miq.) Miq.",-23.360278,-44.786111,NA,7,3,2008,5571838
"Ficus","Ficus luschnathiana","Ficus luschnathiana (Miq.) Miq.",-3.173056,-59.916944,NA,15,10,2011,5571838
"Ficus","Ficus luschnathiana","Ficus luschnathiana (Miq.) Miq.",-28.260278,-49.499444,646,22,5,2009,5571838
"Ficus","Ficus luschnathiana","Ficus luschnathiana (Miq.) Miq.",-26.099722,-49.499722,NA,3,10,2016,5571838
"Ficus","Ficus luschnathiana","Ficus luschnathiana (Miq.) Miq.",-26.300833,-49.154167,606,24,10,2011,5571838
"Ficus","Ficus luschnathiana","Ficus luschnathiana (Miq.) Miq.",-25.295555,-49.130278,980,26,8,2010,5571838
"Ficus","Ficus luschnathiana","Ficus luschnathiana (Miq.) Miq.",-27.056667,-49.087778,350,20,7,2001,5571838
"Ficus","Ficus luschnathiana","Ficus luschnathiana (Miq.) Miq.",-26.620278,-49.333056,350,20,10,2010,5571838
"Ficus","Ficus luschnathiana","Ficus luschnathiana (Miq.) Miq.",-27.181389,-49.231389,533,16,3,2010,5571838
"Ficus","Ficus luschnathiana","Ficus luschnathiana (Miq.) Miq.",-26.369722,-48.68,NA,23,1,2008,5571838
"Ficus","Ficus luschnathiana","Ficus luschnathiana (Miq.) Miq.",-26.099444,-48.688889,10,28,6,2010,5571838
"Ficus","Ficus luschnathiana","Ficus luschnathiana (Miq.) Miq.",-27.504722,-49.077778,382,24,4,2010,5571838
"Ficus","Ficus luschnathiana","Ficus luschnathiana (Miq.) Miq.",-27.180278,-49.393611,793,27,9,2018,5571838
"Ficus","Ficus luschnathiana","Ficus luschnathiana (Miq.) Miq.",-27.056667,-49.087778,NA,23,5,1999,5571838
"Ficus","Ficus luschnathiana","Ficus luschnathiana (Miq.) Miq.",-27.09,-49.230833,601,21,5,2010,5571838
"Ficus","Ficus luschnathiana","Ficus luschnathiana (Miq.) Miq.",-26.801944,-48.616389,7,10,5,2018,5571838
"Ficus","Ficus luschnathiana","Ficus luschnathiana (Miq.) Miq.",-26.9725,-52.743889,631,27,2,2009,5571838
"Ficus","Ficus luschnathiana","Ficus luschnathiana (Miq.) Miq.",-26.878056,-49.400556,843,15,8,2016,5571838
"Ficus","Ficus luschnathiana","Ficus luschnathiana (Miq.) Miq.",-29.07,-49.86,80,11,1,2015,5571838
"Ficus","Ficus luschnathiana","Ficus luschnathiana (Miq.) Miq.",-26.999444,-48.960278,92,11,9,2014,5571838
"Ficus","Ficus luschnathiana","Ficus luschnathiana (Miq.) Miq.",-29.897778,-50.169722,NA,21,1,2015,5571838
"Ficus","Ficus luschnathiana","Ficus luschnathiana (Miq.) Miq.",-25.496667,-48.982222,1004,18,4,2008,5571838
"Ficus","Ficus luschnathiana","Ficus luschnathiana (Miq.) Miq.",-25.673333,-48.473889,16,2,11,2012,5571838
"Ficus","Ficus luschnathiana","Ficus luschnathiana (Miq.) Miq.",-23.966389,-51.088889,1170,17,10,2014,5571838
"Ficus","Ficus luschnathiana","Ficus luschnathiana (Miq.) Miq.",-24.520278,-52.444722,683,5,6,2012,5571838
"Ficus","Ficus luschnathiana","Ficus luschnathiana (Miq.) Miq.",-25.624167,-54.479722,NA,27,11,2018,5571838
"Ficus","Ficus luschnathiana","Ficus luschnathiana (Miq.) Miq.",-25.626111,-54.480833,NA,24,9,2019,5571838
"Ficus","Ficus luschnathiana","Ficus luschnathiana (Miq.) Miq.",-25.626667,-54.478889,NA,21,2,2019,5571838
"Ficus","Ficus luschnathiana","Ficus luschnathiana (Miq.) Miq.",-25.626667,-54.478889,NA,27,10,2018,5571838
"Ficus","Ficus luschnathiana","Ficus luschnathiana (Miq.) Miq.",-25.613889,-54.481111,NA,21,2,2019,5571838
"Ficus","Ficus luschnathiana","Ficus luschnathiana (Miq.) Miq.",-25.945833,-51.843889,947,26,4,2018,5571838
"Ficus","Ficus luschnathiana","Ficus luschnathiana (Miq.) Miq.",-25.621944,-53.499722,349,7,3,2018,5571838
"Ficus","Ficus luschnathiana","Ficus luschnathiana (Miq.) Miq.",-25.437222,-54.578333,NA,29,3,2021,5571838
"Ficus","Ficus luschnathiana","Ficus luschnathiana (Miq.) Miq.",-24.245556,-50.245278,NA,16,9,2005,5571838
"Ficus","Ficus luschnathiana","Ficus luschnathiana (Miq.) Miq.",-13.383333,-43.216667,500,16,4,1980,5571838
"Ficus","Ficus luschnathiana","Ficus luschnathiana (Miq.) Miq.",-25.397334,-49.283452,NA,21,2,2024,5571838
"Ficus","Ficus luschnathiana","Ficus luschnathiana (Miq.) Miq.",-34.599822,-58.360733,NA,27,1,2022,5571838
"Ficus","Ficus luschnathiana","Ficus luschnathiana (Miq.) Miq.",-24.254964,-49.7062215,850,18,12,1965,5571838
"Ficus","Ficus luschnathiana","Ficus luschnathiana (Miq.) Miq.",-23.243889,-45.027778,NA,15,11,2006,5571838
"Ficus","Ficus luschnathiana","Ficus luschnathiana (Miq.) Miq.",-34.181977,-53.787367,NA,13,1,2024,5571838
"Ficus","Ficus luschnathiana","Ficus luschnathiana (Miq.) Miq.",-32.665855,-58.133286,NA,28,12,2022,5571838
"Ficus","Ficus luschnathiana","Ficus luschnathiana (Miq.) Miq.",-28.536052,-57.173456,NA,2,9,2022,5571838
"Ficus","Ficus luschnathiana","Ficus luschnathiana (Miq.) Miq.",-28.907068,-56.609168,NA,6,11,2022,5571838
"Ficus","Ficus luschnathiana","Ficus luschnathiana (Miq.) Miq.",-28.101555,-56.665037,NA,25,5,2022,5571838
"Ficus","Ficus luschnathiana","Ficus luschnathiana (Miq.) Miq.",-34.912991,-57.931938,NA,29,4,2019,5571838
"Ficus","Ficus luschnathiana","Ficus luschnathiana (Miq.) Miq.",-34.405934,-53.871224,NA,31,5,2022,5571838
"Ficus","Ficus luschnathiana","Ficus luschnathiana (Miq.) Miq.",-27.858329,-56.904449,NA,6,12,2021,5571838
"Ficus","Ficus luschnathiana","Ficus luschnathiana (Miq.) Miq.",-34.49187,-58.47944,NA,12,3,2022,5571838
"Ficus","Ficus luschnathiana","Ficus luschnathiana (Miq.) Miq.",-34.608106,-58.350922,NA,6,3,2021,5571838
"Ficus","Ficus luschnathiana","Ficus luschnathiana (Miq.) Miq.",-34.911515,-57.937033,NA,22,10,2021,5571838
"Ficus","Ficus luschnathiana","Ficus luschnathiana (Miq.) Miq.",-27.154404,-53.904345,NA,17,1,2023,5571838
"Ficus","Ficus luschnathiana","Ficus luschnathiana (Miq.) Miq.",-34.559003,-58.432763,NA,3,1,2019,5571838
"Ficus","Ficus luschnathiana","Ficus luschnathiana (Miq.) Miq.",-34.529056,-58.457292,NA,25,4,2021,5571838
"Ficus","Ficus luschnathiana","Ficus luschnathiana (Miq.) Miq.",-34.557565,-58.43304,NA,23,11,2019,5571838
"Ficus","Ficus luschnathiana","Ficus luschnathiana (Miq.) Miq.",-25.851228,-53.967464,NA,24,10,2021,5571838
"Ficus","Ficus luschnathiana","Ficus luschnathiana (Miq.) Miq.",-31.535539,-55.632169,NA,5,5,2022,5571838
"Ficus","Ficus luschnathiana","Ficus luschnathiana (Miq.) Miq.",-34.615785,-58.352844,NA,22,10,2021,5571838
"Ficus","Ficus luschnathiana","Ficus luschnathiana (Miq.) Miq.",-34.562035,-58.419708,NA,4,3,2022,5571838
"Ficus","Ficus luschnathiana","Ficus luschnathiana (Miq.) Miq.",-34.908226,-57.935375,NA,10,1,2021,5571838
"Ficus","Ficus luschnathiana","Ficus luschnathiana (Miq.) Miq.",-25.397133,-49.283546,NA,7,3,2024,5571838
"Ficus","Ficus luschnathiana","Ficus luschnathiana (Miq.) Miq.",-34.599605,-58.36061,NA,23,10,2021,5571838
"Ficus","Ficus luschnathiana","Ficus luschnathiana (Miq.) Miq.",-34.606791,-58.434992,NA,22,12,2019,5571838
"Ficus","Ficus luschnathiana","Ficus luschnathiana (Miq.) Miq.",-34.605593,-58.359685,NA,16,7,2019,5571838
"Ficus","Ficus luschnathiana","Ficus luschnathiana (Miq.) Miq.",-34.492912,-58.479957,NA,26,6,2022,5571838
"Ficus","Ficus luschnathiana","Ficus luschnathiana (Miq.) Miq.",-28.717498,-59.390619,NA,15,2,2021,5571838
"Ficus","Ficus luschnathiana","Ficus luschnathiana (Miq.) Miq.",-20.795555,-42.847222,650,11,1,2010,5571838
"Ficus","Ficus luschnathiana","Ficus luschnathiana (Miq.) Miq.",-20.795555,-42.847222,650,15,1,2001,5571838
"Ficus","Ficus luschnathiana","Ficus luschnathiana (Miq.) Miq.",-27.359722,-49.32,NA,22,9,2009,5571838
"Ficus","Ficus luschnathiana","Ficus luschnathiana (Miq.) Miq.",-25.295556,-49.130278,NA,26,8,2010,5571838
"Ficus","Ficus luschnathiana","Ficus luschnathiana (Miq.) Miq.",-28.169444,-48.870278,NA,17,3,2010,5571838
"Ficus","Ficus luschnathiana","Ficus luschnathiana (Miq.) Miq.",-25.47,-48.87,NA,NA,NA,NA,5571838
"Ficus","Ficus luschnathiana","Ficus luschnathiana (Miq.) Miq.",-26.28,-49.14,NA,29,5,2010,5571838
"Ficus","Ficus luschnathiana","Ficus luschnathiana (Miq.) Miq.",-6.670967,-40.175783,NA,6,11,1996,5571838
"Ficus","Ficus luschnathiana","Ficus luschnathiana (Miq.) Miq.",-27.271667,-49.320833,NA,15,10,2009,5571838
"Ficus","Ficus luschnathiana","Ficus luschnathiana (Miq.) Miq.",-22.903056,-43.2075,NA,11,8,1959,5571838
"Ficus","Ficus luschnathiana","Ficus luschnathiana (Miq.) Miq.",-28.12678,-57.433713,NA,21,9,2015,5571838
"Ficus","Ficus luschnathiana","Ficus luschnathiana (Miq.) Miq.",-26.748537,-48.941177,400,30,9,1954,5571838
"Ficus","Ficus luschnathiana","Ficus luschnathiana (Miq.) Miq.",-19.021111,-57.450278,80,6,9,1994,5571838
"Ficus","Ficus luschnathiana","Ficus luschnathiana (Miq.) Miq.",-18.052778,-57.493333,NA,2,11,2004,5571838
"Ficus","Ficus luschnathiana","Ficus luschnathiana (Miq.) Miq.",-20.539167,-56.715278,NA,25,5,2002,5571838
"Ficus","Ficus luschnathiana","Ficus luschnathiana (Miq.) Miq.",-19.021111,-57.450278,80,6,4,1995,5571838
"Ficus","Ficus luschnathiana","Ficus luschnathiana (Miq.) Miq.",-19.681389,-56.994722,92,20,6,2013,5571838
"Ficus","Ficus luschnathiana","Ficus luschnathiana (Miq.) Miq.",-11.769722,-55.689167,307,28,1,2017,5571838
"Ficus","Ficus luschnathiana","Ficus luschnathiana (Miq.) Miq.",-11.769722,-55.689167,307,1,7,2017,5571838
"Ficus","Ficus luschnathiana","Ficus luschnathiana (Miq.) Miq.",-25.25,-57.06666,NA,2,10,1987,5571838
"Ficus","Ficus luschnathiana","Ficus luschnathiana (Miq.) Miq.",-25.462778,-48.585278,755,20,5,2014,5571838
"Ficus","Ficus luschnathiana","Ficus luschnathiana (Miq.) Miq.",-29.156944,-51.700278,NA,16,5,2021,5571838
"Ficus","Ficus luschnathiana","Ficus luschnathiana (Miq.) Miq.",-29.589444,-51.825,NA,22,7,2014,5571838
"Ficus","Ficus luschnathiana","Ficus luschnathiana (Miq.) Miq.",-26.91,-50.220278,NA,22,2,2010,5571838
"Ficus","Ficus luschnathiana","Ficus luschnathiana (Miq.) Miq.",-29.401111,-51.945,NA,9,10,2011,5571838
"Ficus","Ficus luschnathiana","Ficus luschnathiana (Miq.) Miq.",-29.158611,-49.9525,NA,22,9,2009,5571838
"Ficus","Ficus luschnathiana","Ficus luschnathiana (Miq.) Miq.",-29.755278,-52.5675,NA,21,2,2013,5571838
"Ficus","Ficus luschnathiana","Ficus luschnathiana (Miq.) Miq.",-29.448055,-51.806389,NA,15,9,2010,5571838
"Ficus","Ficus luschnathiana","Ficus luschnathiana (Miq.) Miq.",-27.088889,-53.415,NA,9,3,2009,5571838
"Ficus","Ficus luschnathiana","Ficus luschnathiana (Miq.) Miq.",-26.9725,-52.743889,NA,27,2,2009,5571838
"Ficus","Ficus luschnathiana","Ficus luschnathiana (Miq.) Miq.",-29.533333,-51.9825,NA,1,7,2013,5571838
"Ficus","Ficus luschnathiana","Ficus luschnathiana (Miq.) Miq.",-29.454167,-51.706944,NA,20,5,2012,5571838
"Ficus","Ficus luschnathiana","Ficus luschnathiana (Miq.) Miq.",-29.352778,-51.833333,NA,18,4,2012,5571838
"Ficus","Ficus luschnathiana","Ficus luschnathiana (Miq.) Miq.",-26.023964,-53.845997,538,23,7,2022,5571838
"Ficus","Ficus luschnathiana","Ficus luschnathiana (Miq.) Miq.",-34.632669,-58.444861,34,26,5,2021,5571838
"Ficus","Ficus luschnathiana","Ficus luschnathiana (Miq.) Miq.",-34.572258,-58.41898,NA,15,4,2022,5571838
"Ficus","Ficus luschnathiana","Ficus luschnathiana (Miq.) Miq.",-24.340602,-49.713647,NA,3,6,1914,5571838
"Ficus","Ficus luschnathiana","Ficus luschnathiana (Miq.) Miq.",-22.5122,-52.3169,NA,5,9,2007,5571838
"Ficus","Ficus luschnathiana","Ficus luschnathiana (Miq.) Miq.",-22.4192,-49.0178,NA,28,5,2008,5571838
"Ficus","Ficus luschnathiana","Ficus luschnathiana (Miq.) Miq.",-26.73,-49.4997,NA,4,5,2010,5571838
"Ficus","Ficus luschnathiana","Ficus luschnathiana (Miq.) Miq.",-27.359722,-48.8675,NA,14,12,2009,5571838
"Ficus","Ficus luschnathiana","Ficus luschnathiana (Miq.) Miq.",-26.46,-49.232778,NA,4,2,2010,5571838
"Ficus","Ficus luschnathiana","Ficus luschnathiana (Miq.) Miq.",-22.5678,-53.2369,NA,NA,4,2008,5571838
"Ficus","Ficus luschnathiana","Ficus luschnathiana (Miq.) Miq.",-24.416667,-48.566389,579,5,12,2009,5571838
"Ficus","Ficus luschnathiana","Ficus luschnathiana (Miq.) Miq.",-29.159444,-49.9525,NA,22,9,2009,5571838
"Ficus","Ficus luschnathiana","Ficus luschnathiana (Miq.) Miq.",-24,-51,NA,NA,1,1985,5571838
"Ficus","Ficus luschnathiana","Ficus luschnathiana (Miq.) Miq.",-28.710833,-49.499444,NA,30,11,2009,5571838
"Ficus","Ficus luschnathiana","Ficus luschnathiana (Miq.) Miq.",-25.442591,-49.237331,880,18,11,1987,5571838
"Ficus","Ficus luschnathiana","Ficus luschnathiana (Miq.) Miq.",-26.93333,-54.26667,NA,27,4,1999,5571838
"Ficus","Ficus luschnathiana","Ficus luschnathiana (Miq.) Miq.",-30.735278,-53.305,300,31,10,1999,5571838
"Ficus","Ficus luschnathiana","Ficus luschnathiana (Miq.) Miq.",-23.55,-46.716667,750,1,9,1994,5571838
"Ficus","Ficus luschnathiana","Ficus luschnathiana (Miq.) Miq.",-23.55,-46.716667,750,11,10,1994,5571838
"Ficus","Ficus luschnathiana","Ficus luschnathiana (Miq.) Miq.",-23.55,-46.716667,750,12,9,1994,5571838
"Ficus","Ficus luschnathiana","Ficus luschnathiana (Miq.) Miq.",-23.55,-46.716667,750,18,5,1994,5571838
"Ficus","Ficus luschnathiana","Ficus luschnathiana (Miq.) Miq.",-23.55,-46.716667,750,15,9,1994,5571838
"Ficus","Ficus luschnathiana","Ficus luschnathiana (Miq.) Miq.",-23.225925,-46.25,NA,26,8,1999,5571838
"Ficus","Ficus luschnathiana","Ficus luschnathiana (Miq.) Miq.",-23.55,-46.716667,NA,29,5,2002,5571838
"Ficus","Ficus luschnathiana","Ficus luschnathiana (Miq.) Miq.",-22.9291,-45.9194,1090,31,7,2008,5571838
"Ficus","Ficus luschnathiana","Ficus luschnathiana (Miq.) Miq.",-23.55,-46.716667,750,25,10,1994,5571838
"Ficus","Ficus luschnathiana","Ficus luschnathiana (Miq.) Miq.",-23.663056,-46.7725,NA,9,10,1992,5571838
"Ficus","Ficus luschnathiana","Ficus luschnathiana (Miq.) Miq.",-22.733333,-46.15,980,26,8,1999,5571838
"Ficus","Ficus luschnathiana","Ficus luschnathiana (Miq.) Miq.",-23.421667,-46.636667,1060,18,3,2008,5571838
"Ficus","Ficus luschnathiana","Ficus luschnathiana (Miq.) Miq.",-23.93425,-46.49525,224,30,5,2006,5571838
"Ficus","Ficus luschnathiana","Ficus luschnathiana (Miq.) Miq.",-22.512361,-52.150389,585,5,9,2007,5571838
"Ficus","Ficus luschnathiana","Ficus luschnathiana (Miq.) Miq.",-23.55,-46.716667,750,29,6,1995,5571838
"Ficus","Ficus luschnathiana","Ficus luschnathiana (Miq.) Miq.",-23.896111,-46.727778,NA,14,2,1995,5571838
"Ficus","Ficus luschnathiana","Ficus luschnathiana (Miq.) Miq.",-26.369833,-48.680111,NA,23,1,2008,5571838
"Ficus","Ficus luschnathiana","Ficus luschnathiana (Miq.) Miq.",-23.55,-46.716667,750,1,2,1994,5571838
"Ficus","Ficus luschnathiana","Ficus luschnathiana (Miq.) Miq.",-23.256944,-45.044167,NA,18,12,1996,5571838
"Ficus","Ficus luschnathiana","Ficus luschnathiana (Miq.) Miq.",-24.75,-48.75,NA,11,7,2002,5571838
"Ficus","Ficus luschnathiana","Ficus luschnathiana (Miq.) Miq.",-23.55,-46.716667,750,8,6,1995,5571838
"Ficus","Ficus luschnathiana","Ficus luschnathiana (Miq.) Miq.",-23.55,-46.716667,750,27,9,1995,5571838
"Ficus","Ficus luschnathiana","Ficus luschnathiana (Miq.) Miq.",-1.585556,-61.490833,NA,6,7,1999,5571838
"Ficus","Ficus luschnathiana","Ficus luschnathiana (Miq.) Miq.",-26.312639,-48.644194,9,5,2,2008,5571838
"Ficus","Ficus luschnathiana","Ficus luschnathiana (Miq.) Miq.",-34.60581,-58.437813,NA,21,11,2019,5571838
"Ficus","Ficus luschnathiana","Ficus luschnathiana (Miq.) Miq.",-28.023056,-48.665278,NA,25,3,2014,5571838
"Ficus","Ficus luschnathiana","Ficus luschnathiana (Miq.) Miq.",-27.41666,-56.75,NA,21,1,1997,5571838
"Ficus","Ficus luschnathiana","Ficus luschnathiana (Miq.) Miq.",-25.41666,-57.16666,250,1,12,1988,5571838
"Ficus","Ficus luschnathiana","Ficus luschnathiana (Miq.) Miq.",-34.580734,-58.395645,NA,3,4,2022,5571838
"Ficus","Ficus luschnathiana","Ficus luschnathiana (Miq.) Miq.",-34.602247,-58.359804,NA,22,12,2021,5571838
"Ficus","Ficus luschnathiana","Ficus luschnathiana (Miq.) Miq.",-27.8701,-56.8798,NA,26,5,2018,5571838
"Ficus","Ficus luschnathiana","Ficus luschnathiana (Miq.) Miq.",-26.2875,-55.77055,NA,16,12,1999,5571838
"Ficus","Ficus luschnathiana","Ficus luschnathiana (Miq.) Miq.",-27.13333,-53.88333,NA,28,11,1993,5571838
"Ficus","Ficus luschnathiana","Ficus luschnathiana (Miq.) Miq.",-26.91638,-54.205,NA,15,10,1997,5571838
"Ficus","Ficus luschnathiana","Ficus luschnathiana (Miq.) Miq.",-28.113245,-56.487296,NA,10,2,2023,5571838
"Ficus","Ficus luschnathiana","Ficus luschnathiana (Miq.) Miq.",-24.646667,24,NA,9,2,1995,5571838
"Ficus","Ficus luschnathiana","Ficus luschnathiana (Miq.) Miq.",-24.91666,-57.66666,NA,9,9,1982,5571838
"Ficus","Ficus luschnathiana","Ficus luschnathiana (Miq.) Miq.",-25.65,-57.63333,NA,24,2,1993,5571838
"Ficus","Ficus luschnathiana","Ficus luschnathiana (Miq.) Miq.",-25.2,-57.11666,297,23,7,1988,5571838
"Ficus","Ficus luschnathiana","Ficus luschnathiana (Miq.) Miq.",-25.25,-57.06666,NA,11,12,1987,5571838
"Ficus","Ficus luschnathiana","Ficus luschnathiana (Miq.) Miq.",-25.5,-57.5,NA,16,12,1991,5571838
"Ficus","Ficus luschnathiana","Ficus luschnathiana (Miq.) Miq.",-27.05,-54.81666,365,19,10,1996,5571838
"Ficus","Ficus luschnathiana","Ficus luschnathiana (Miq.) Miq.",-27.090278,-49.590556,792,10,12,2009,5571838
"Ficus","Ficus luschnathiana","Ficus luschnathiana (Miq.) Miq.",-25.93277,-58.21277,NA,20,9,2004,5571838
"Ficus","Ficus luschnathiana","Ficus luschnathiana (Miq.) Miq.",-26.05,-56.83333,NA,27,1,1989,5571838
"Ficus","Ficus luschnathiana","Ficus luschnathiana (Miq.) Miq.",-26,-56.83,NA,13,1,1983,5571838
"Ficus","Ficus luschnathiana","Ficus luschnathiana (Miq.) Miq.",-34.602213,-58.359834,NA,2,7,2022,5571838
"Ficus","Ficus luschnathiana","Ficus luschnathiana (Miq.) Miq.",-34.913115,-54.969104,NA,14,6,2023,5571838
"Ficus","Ficus luschnathiana","Ficus luschnathiana (Miq.) Miq.",-27.8684,-56.8795,NA,26,5,2018,5571838
"Ficus","Ficus luschnathiana","Ficus luschnathiana (Miq.) Miq.",-8.650268,-38.015152,NA,20,7,1995,5571838
"Ficus","Ficus luschnathiana","Ficus luschnathiana (Miq.) Miq.",-29.104577,-56.929811,NA,15,10,2022,5571838
"Ficus","Ficus luschnathiana","Ficus luschnathiana (Miq.) Miq.",-30,-54,NA,6,6,1978,5571838
"Ficus","Ficus luschnathiana","Ficus luschnathiana (Miq.) Miq.",-22,-42.5,NA,23,9,1979,5571838
"Ficus","Ficus luschnathiana","Ficus luschnathiana (Miq.) Miq.",-28.621944,-49.408889,NA,28,11,2009,5571838
"Ficus","Ficus luschnathiana","Ficus luschnathiana (Miq.) Miq.",-27.100833,-48.896667,NA,15,9,2009,5571838
"Ficus","Ficus luschnathiana","Ficus luschnathiana (Miq.) Miq.",-27.041014,-49.548364,NA,16,6,2001,5571838
"Ficus","Ficus luschnathiana","Ficus luschnathiana (Miq.) Miq.",-26.28,-48.6,NA,31,10,2009,5571838
"Ficus","Ficus luschnathiana","Ficus luschnathiana (Miq.) Miq.",-23.1833,-53.75,NA,21,10,1986,5571838
"Ficus","Ficus luschnathiana","Ficus luschnathiana (Miq.) Miq.",-28.260278,-49.499444,NA,22,5,2009,5571838
"Ficus","Ficus luschnathiana","Ficus luschnathiana (Miq.) Miq.",-27.09,-49.2308,NA,21,5,2010,5571838
"Ficus","Ficus luschnathiana","Ficus luschnathiana (Miq.) Miq.",-27.645556,-48.667778,NA,26,10,1956,5571838
"Ficus","Ficus luschnathiana","Ficus luschnathiana (Miq.) Miq.",-27.0258,-49.0953,NA,25,6,2009,5571838
"Ficus","Ficus luschnathiana","Ficus luschnathiana (Miq.) Miq.",-24.2828,-48.5053,NA,30,1,2006,5571838
"Ficus","Ficus luschnathiana","Ficus luschnathiana (Miq.) Miq.",-25.4375,-48.6875,20,8,4,1983,5571838
"Ficus","Ficus luschnathiana","Ficus luschnathiana (Miq.) Miq.",-19.016667,-57.583333,NA,NA,NA,NA,5571838
"Ficus","Ficus luschnathiana","Ficus luschnathiana (Miq.) Miq.",-34.599574,-58.360852,NA,22,12,2021,5571838
"Ficus","Ficus luschnathiana","Ficus luschnathiana (Miq.) Miq.",-26.554444,-57.998889,NA,31,7,2004,5571838
"Ficus","Ficus luschnathiana","Ficus luschnathiana (Miq.) Miq.",-23.25,-45,NA,NA,7,1980,5571838
"Ficus","Ficus luschnathiana","Ficus luschnathiana (Miq.) Miq.",-25.1941789,-49.314799,NA,12,3,1967,5571838
"Ficus","Ficus luschnathiana","Ficus luschnathiana (Miq.) Miq.",-23.654505,-46.621883,NA,23,5,1933,5571838
"Ficus","Ficus luschnathiana","Ficus luschnathiana (Miq.) Miq.",-22.883848,-48.4402285,NA,18,7,1991,5571838
"Ficus","Ficus luschnathiana","Ficus luschnathiana (Miq.) Miq.",-22.725556,-46.089444,1103,18,7,2001,5571838
"Ficus","Ficus luschnathiana","Ficus luschnathiana (Miq.) Miq.",-28.691889,-58.119861,126,15,2,2012,5571838
"Ficus","Ficus luschnathiana","Ficus luschnathiana (Miq.) Miq.",-24.291667,-50.196111,0,11,2,2005,5571838
"Ficus","Ficus luschnathiana","Ficus luschnathiana (Miq.) Miq.",-23.540833,-50.975556,0,26,8,2003,5571838
"Ficus","Ficus luschnathiana","Ficus luschnathiana (Miq.) Miq.",-21.838889,-46.564722,0,27,10,1981,5571838
"Ficus","Ficus luschnathiana","Ficus luschnathiana (Miq.) Miq.",-21.838889,-46.564722,0,4,11,1980,5571838
"Ficus","Ficus luschnathiana","Ficus luschnathiana (Miq.) Miq.",-27.221175,-54.079068,NA,26,7,2022,5571838
"Ficus","Ficus luschnathiana","Ficus luschnathiana (Miq.) Miq.",-23.566667,-53.833333,NA,26,5,1986,5571838
"Ficus","Ficus luschnathiana","Ficus luschnathiana (Miq.) Miq.",-24.05,-52.4,NA,24,11,1987,5571838
"Ficus","Ficus luschnathiana","Ficus luschnathiana (Miq.) Miq.",-27.384444,-57.162778,NA,3,12,2000,5571838
"Ficus","Ficus luschnathiana","Ficus luschnathiana (Miq.) Miq.",-26,-56.83333,NA,13,1,1983,5571838
"Ficus","Ficus luschnathiana","Ficus luschnathiana (Miq.) Miq.",-25.5,-56.83333,NA,7,7,1990,5571838
"Ficus","Ficus luschnathiana","Ficus luschnathiana (Miq.) Miq.",-26.9,-54.2,NA,15,3,1994,5571838
"Ficus","Ficus luschnathiana","Ficus luschnathiana (Miq.) Miq.",-30.051025,-51.176748,NA,NA,3,2018,5571838
"Ficus","Ficus luschnathiana","Ficus luschnathiana (Miq.) Miq.",-30.051025,-51.176748,NA,NA,11,2017,5571838
"Ficus","Ficus luschnathiana","Ficus luschnathiana (Miq.) Miq.",-25.3,-57.35,NA,NA,10,1913,5571838
"Ficus","Ficus luschnathiana","Ficus luschnathiana (Miq.) Miq.",-22.454642,-44.608101,718,21,8,2015,5571838
"Ficus","Ficus luschnathiana","Ficus luschnathiana (Miq.) Miq.",-23.23,-46.918778,960,22,8,2008,5571838
"Ficus","Ficus luschnathiana","Ficus luschnathiana (Miq.) Miq.",-23.230278,-46.935778,957,5,12,2007,5571838
"Ficus","Ficus luschnathiana","Ficus luschnathiana (Miq.) Miq.",-12.966667,-38.5,NA,11,5,2011,5571838
"Ficus","Ficus luschnathiana","Ficus luschnathiana (Miq.) Miq.",-25.866667,-48.566667,NA,20,1,1994,5571838
"Ficus","Ficus luschnathiana","Ficus luschnathiana (Miq.) Miq.",-25.3,-49,NA,7,9,1996,5571838
"Ficus","Ficus luschnathiana","Ficus luschnathiana (Miq.) Miq.",-27.449722,-48.96,NA,19,2,2010,5571838
"Ficus","Ficus luschnathiana","Ficus luschnathiana (Miq.) Miq.",-28.080556,-49.136944,NA,5,5,2010,5571838
"Ficus","Ficus luschnathiana","Ficus luschnathiana (Miq.) Miq.",-24.2661,-48.4492,NA,30,1,2006,5571838
"Ficus","Ficus luschnathiana","Ficus luschnathiana (Miq.) Miq.",-27.450556,-49.05,NA,8,4,2010,5571838
"Ficus","Ficus luschnathiana","Ficus luschnathiana (Miq.) Miq.",-25.4667,-48.8667,NA,24,1,1985,5571838
"Ficus","Ficus luschnathiana","Ficus luschnathiana (Miq.) Miq.",-27.504722,-49.077778,NA,24,4,2010,5571838
"Ficus","Ficus luschnathiana","Ficus luschnathiana (Miq.) Miq.",-23.425556,-51.938333,NA,17,9,1978,5571838
"Ficus","Ficus luschnathiana","Ficus luschnathiana (Miq.) Miq.",-27.1,-52.616667,NA,16,12,1964,5571838
"Ficus","Ficus luschnathiana","Ficus luschnathiana (Miq.) Miq.",-26.734722,-50.212222,NA,23,6,2008,5571838
"Ficus","Ficus luschnathiana","Ficus luschnathiana (Miq.) Miq.",-22.4314,-43.2236,NA,20,8,2002,5571838
"Ficus","Ficus luschnathiana","Ficus luschnathiana (Miq.) Miq.",-26.905278,-49.078889,NA,28,1,2011,5571838
"Ficus","Ficus luschnathiana","Ficus luschnathiana (Miq.) Miq.",-22.5694,-43.4683,NA,13,11,2001,5571838
"Ficus","Ficus luschnathiana","Ficus luschnathiana (Miq.) Miq.",-27.09,-49.230833,NA,21,5,2010,5571838
"Ficus","Ficus luschnathiana","Ficus luschnathiana (Miq.) Miq.",-27.27,-49.14,NA,30,3,2010,5571838
"Ficus","Ficus luschnathiana","Ficus luschnathiana (Miq.) Miq.",-29.249722,-50.129722,NA,25,5,2010,5571838
"Ficus","Ficus luschnathiana","Ficus luschnathiana (Miq.) Miq.",-22.903056,-43.2075,NA,30,8,1961,5571838
"Ficus","Ficus luschnathiana","Ficus luschnathiana (Miq.) Miq.",-23.166667,-44.833333,NA,7,7,1980,5571838
"Ficus","Ficus luschnathiana","Ficus luschnathiana (Miq.) Miq.",-28.62,-49.59,NA,5,11,2009,5571838
"Ficus","Ficus luschnathiana","Ficus luschnathiana (Miq.) Miq.",-22.2892,-42.8686,NA,24,8,2005,5571838
"Ficus","Ficus luschnathiana","Ficus luschnathiana (Miq.) Miq.",-22.7411,-41.9528,NA,27,8,2004,5571838
"Ficus","Ficus luschnathiana","Ficus luschnathiana (Miq.) Miq.",-23.540278,-46.63,NA,20,9,1951,5571838
"Ficus","Ficus luschnathiana","Ficus luschnathiana (Miq.) Miq.",-23.578056,-57.151389,NA,2,3,2001,5571838
"Ficus","Ficus luschnathiana","Ficus luschnathiana (Miq.) Miq.",-28.387264,-49.483071,350,22,8,1958,5571838
"Ficus","Ficus luschnathiana","Ficus luschnathiana (Miq.) Miq.",-26.64,-54.58,NA,NA,NA,NA,5571838
"Ficus","Ficus luschnathiana","Ficus luschnathiana (Miq.) Miq.",-27.72,-56.73,NA,NA,NA,NA,5571838
"Ficus","Ficus luschnathiana","Ficus luschnathiana (Miq.) Miq.",-28.72,-58.38,NA,NA,NA,NA,5571838
"Ficus","Ficus luschnathiana","Ficus luschnathiana (Miq.) Miq.",-28.05,-57.55,NA,NA,NA,NA,5571838
"Ficus","Ficus luschnathiana","Ficus luschnathiana (Miq.) Miq.",-27.56,-58.29,NA,NA,NA,NA,5571838
"Ficus","Ficus luschnathiana","Ficus luschnathiana (Miq.) Miq.",-27.5,-58.77,NA,NA,NA,NA,5571838
"Ficus","Ficus luschnathiana","Ficus luschnathiana (Miq.) Miq.",-28.76,-56.95,NA,NA,NA,NA,5571838
"Ficus","Ficus luschnathiana","Ficus luschnathiana (Miq.) Miq.",-28.96,-58.93,NA,NA,NA,NA,5571838
"Ficus","Ficus luschnathiana","Ficus luschnathiana (Miq.) Miq.",-28.21,-56.23,NA,NA,NA,NA,5571838
"Ficus","Ficus luschnathiana","Ficus luschnathiana (Miq.) Miq.",-27.71,-57.83,NA,NA,NA,NA,5571838
"Ficus","Ficus luschnathiana","Ficus luschnathiana (Miq.) Miq.",-27.33,-58.5,NA,NA,NA,NA,5571838
"Ficus","Ficus luschnathiana","Ficus luschnathiana (Miq.) Miq.",-23.4294418,-51.9390701,850,17,9,1978,5571838
"Ficus","Ficus luschnathiana","Ficus luschnathiana (Miq.) Miq.",-22.885833,-48.498333,NA,24,6,2022,5571838
"Ficus","Ficus luschnathiana","Ficus luschnathiana (Miq.) Miq.",-23.416667,-45.233333,NA,10,10,2004,5571838
"Ficus","Ficus luschnathiana","Ficus luschnathiana (Miq.) Miq.",-24.283889,-49.163333,1010,4,2,2023,5571838
"Ficus","Ficus luschnathiana","Ficus luschnathiana (Miq.) Miq.",-27.234444,-51.964167,NA,1,6,2011,5571838
"Ficus","Ficus luschnathiana","Ficus luschnathiana (Miq.) Miq.",-18.196972,-57.5105,NA,23,11,2010,5571838
"Ficus","Ficus luschnathiana","Ficus luschnathiana (Miq.) Miq.",-29.566667,-53.683333,NA,19,5,2012,5571838
"Ficus","Ficus luschnathiana","Ficus luschnathiana (Miq.) Miq.",-18.541944,-39.748055,NA,5,11,1992,5571838
"Ficus","Ficus luschnathiana","Ficus luschnathiana (Miq.) Miq.",-22.336389,-42.031944,60,1,2,2021,5571838
"Ficus","Ficus luschnathiana","Ficus luschnathiana (Miq.) Miq.",-17.892575,-43.721643,1300,11,4,2016,5571838
"Ficus","Ficus luschnathiana","Ficus luschnathiana (Miq.) Miq.",-26.338889,-50.155278,NA,14,11,2018,5571838
"Ficus","Ficus luschnathiana","Ficus luschnathiana (Miq.) Miq.",-26.324167,-50.153056,NA,28,5,2018,5571838
"Ficus","Ficus luschnathiana","Ficus luschnathiana (Miq.) Miq.",-34.608982,-58.357101,NA,16,9,2016,5571838
"Ficus","Ficus luschnathiana","Ficus luschnathiana (Miq.) Miq.",-25.810278,-48.911667,311,4,2,2012,5571838
"Ficus","Ficus luschnathiana","Ficus luschnathiana (Miq.) Miq.",-24.101111,-52.326111,562,30,3,2007,5571838
"Ficus","Ficus luschnathiana","Ficus luschnathiana (Miq.) Miq.",-24.103611,-52.325556,578,23,2,2007,5571838
"Ficus","Ficus luschnathiana","Ficus luschnathiana (Miq.) Miq.",-29.464591,-56.814433,NA,8,8,2021,5571838
"Ficus","Ficus luschnathiana","Ficus luschnathiana (Miq.) Miq.",-34.602033,-58.359903,NA,1,11,2019,5571838
"Ficus","Ficus luschnathiana","Ficus luschnathiana (Miq.) Miq.",-28.103191,-56.511219,NA,16,8,2023,5571838
"Ficus","Ficus luschnathiana","Ficus luschnathiana (Miq.) Miq.",-27.076119,-48.881262,NA,1,8,2022,5571838
"Ficus","Ficus luschnathiana","Ficus luschnathiana (Miq.) Miq.",-22.336388,-42.031944,60,1,2,2021,5571838
"Ficus","Ficus luschnathiana","Ficus luschnathiana (Miq.) Miq.",-29.722222,-53.720555,NA,9,3,2012,5571838
"Ficus","Ficus luschnathiana","Ficus luschnathiana (Miq.) Miq.",-28.098055,-50.874444,570,3,9,2006,5571838
"Ficus","Ficus luschnathiana","Ficus luschnathiana (Miq.) Miq.",-28.1025,-50.879166,NA,19,2,2007,5571838
"Ficus","Ficus luschnathiana","Ficus luschnathiana (Miq.) Miq.",-28.125277,-50.845,650,21,1,2007,5571838
"Ficus","Ficus luschnathiana","Ficus luschnathiana (Miq.) Miq.",-28.120555,-50.827777,650,21,1,2007,5571838
"Ficus","Ficus luschnathiana","Ficus luschnathiana (Miq.) Miq.",-28.179444,-50.780555,724,6,12,2005,5571838
"Ficus","Ficus luschnathiana","Ficus luschnathiana (Miq.) Miq.",-27.597777,-51.389722,550,9,7,2007,5571838
"Ficus","Ficus luschnathiana","Ficus luschnathiana (Miq.) Miq.",-22.951842,-43.212076,NA,11,8,1959,5571838
"Ficus","Ficus luschnathiana","Ficus luschnathiana (Miq.) Miq.",-24.25,-48.335833,579,5,12,2009,5571838
"Ficus","Ficus luschnathiana","Ficus luschnathiana (Miq.) Miq.",-34.005578,-53.592838,NA,7,1,2022,5571838
"Ficus","Ficus luschnathiana","Ficus luschnathiana (Miq.) Miq.",-32.911704,-60.675114,NA,29,7,2022,5571838
"Ficus","Ficus luschnathiana","Ficus luschnathiana (Miq.) Miq.",-26.369733,-48.680011,NA,23,1,2008,5571838
"Ficus","Ficus luschnathiana","Ficus luschnathiana (Miq.) Miq.",-21.3414,-47.8467,NA,NA,12,2008,5571838
"Ficus","Ficus luschnathiana","Ficus luschnathiana (Miq.) Miq.",-26.9725,-52.7439,NA,27,2,2009,5571838
"Ficus","Ficus luschnathiana","Ficus luschnathiana (Miq.) Miq.",-22,-42.05,NA,3,4,1989,5571838
"Ficus","Ficus luschnathiana","Ficus luschnathiana (Miq.) Miq.",-26.911944,-49.588611,NA,14,4,2010,5571838
"Ficus","Ficus luschnathiana","Ficus luschnathiana (Miq.) Miq.",-25.883056,-48.574444,NA,7,2,1989,5571838
"Ficus","Ficus luschnathiana","Ficus luschnathiana (Miq.) Miq.",-27.181397,-49.231406,NA,16,3,2010,5571838
"Ficus","Ficus luschnathiana","Ficus luschnathiana (Miq.) Miq.",-23.540278,-46.63,NA,1,6,1977,5571838
"Ficus","Ficus luschnathiana","Ficus luschnathiana (Miq.) Miq.",-23.216667,-46.933333,NA,15,5,2021,5571838
"Ficus","Ficus luschnathiana","Ficus luschnathiana (Miq.) Miq.",-23.854167,-46.77,NA,29,11,2008,5571838
"Ficus","Ficus luschnathiana","Ficus luschnathiana (Miq.) Miq.",-22.431389,-43.223611,953,NA,NA,2008,5571838
"Ficus","Ficus luschnathiana","Ficus luschnathiana (Miq.) Miq.",-22.478611,-41.883056,4,17,10,2007,5571838
"Ficus","Ficus luschnathiana","Ficus luschnathiana (Miq.) Miq.",-23.186389,-46.884167,NA,15,5,1984,5571838
"Ficus","Ficus luschnathiana","Ficus luschnathiana (Miq.) Miq.",-18.616667,-57.533056,90,10,11,1982,5571838
"Ficus","Ficus luschnathiana","Ficus luschnathiana (Miq.) Miq.",-22.6152,-43.8856,406,NA,NA,NA,5571838
"Ficus","Ficus luschnathiana","Ficus luschnathiana (Miq.) Miq.",-22.5289,-44.8127,575,NA,NA,NA,5571838
"Ficus","Ficus luschnathiana","Ficus luschnathiana (Miq.) Miq.",-22.5679,-44.0349,455,NA,NA,NA,5571838
"Ficus","Ficus luschnathiana","Ficus luschnathiana (Miq.) Miq.",-23.377222,-45.8125,NA,NA,NA,NA,5571838
"Ficus","Ficus luschnathiana","Ficus luschnathiana (Miq.) Miq.",-32.91827,-60.778238,NA,11,3,2021,5571838
"Ficus","Ficus luschnathiana","Ficus luschnathiana (Miq.) Miq.",-31.374757,-58.116866,NA,30,6,2018,5571838
"Ficus","Ficus luschnathiana","Ficus luschnathiana (Miq.) Miq.",-34.608105,-58.350922,NA,11,2,2023,5571838
"Ficus","Ficus luschnathiana","Ficus luschnathiana (Miq.) Miq.",-26.734224,-48.689387,NA,24,8,2022,5571838
"Ficus","Ficus luschnathiana","Ficus luschnathiana (Miq.) Miq.",-28.763853,-59.427494,NA,11,1,2024,5571838
"Ficus","Ficus luschnathiana","Ficus luschnathiana (Miq.) Miq.",-26.895134,-59.010554,NA,5,2,2020,5571838
"Ficus","Ficus luschnathiana","Ficus luschnathiana (Miq.) Miq.",-26.895181,-59.010535,NA,5,2,2020,5571838
"Ficus","Ficus luschnathiana","Ficus luschnathiana (Miq.) Miq.",-34.606826,-58.434992,NA,14,10,2019,5571838
"Ficus","Ficus luschnathiana","Ficus luschnathiana (Miq.) Miq.",-27.986987,-49.290099,NA,9,5,2022,5571838
"Ficus","Ficus luschnathiana","Ficus luschnathiana (Miq.) Miq.",-34.608106,-58.350922,NA,25,4,2021,5571838
"Ficus","Ficus luschnathiana","Ficus luschnathiana (Miq.) Miq.",-34.558797,-58.433157,NA,30,4,2021,5571838
"Ficus","Ficus luschnathiana","Ficus luschnathiana (Miq.) Miq.",-28.504914,-59.282872,NA,18,9,2023,5571838
"Ficus","Ficus luschnathiana","Ficus luschnathiana (Miq.) Miq.",-31.664277,-52.615704,NA,3,3,2024,5571838
"Ficus","Ficus luschnathiana","Ficus luschnathiana (Miq.) Miq.",-34.606854,-58.359781,NA,18,5,2022,5571838
"Ficus","Ficus luschnathiana","Ficus luschnathiana (Miq.) Miq.",-34.583222,-58.394236,NA,21,3,2021,5571838
"Ficus","Ficus luschnathiana","Ficus luschnathiana (Miq.) Miq.",-28.715131,-59.38708,NA,15,2,2021,5571838
"Ficus","Ficus luschnathiana","Ficus luschnathiana (Miq.) Miq.",-28.547638,-57.196872,NA,7,6,2022,5571838
"Ficus","Ficus luschnathiana","Ficus luschnathiana (Miq.) Miq.",-34.756572,-55.195645,NA,28,5,2022,5571838
"Ficus","Ficus luschnathiana","Ficus luschnathiana (Miq.) Miq.",-34.678972,-58.442558,NA,13,4,2023,5571838
"Ficus","Ficus luschnathiana","Ficus luschnathiana (Miq.) Miq.",-34.63274,-58.444668,NA,23,10,2021,5571838
"Ficus","Ficus luschnathiana","Ficus luschnathiana (Miq.) Miq.",-27.055318,-49.08564,NA,30,4,2023,5571838
"Ficus","Ficus luschnathiana","Ficus luschnathiana (Miq.) Miq.",-28.143277,-56.494311,NA,24,9,2023,5571838
"Ficus","Ficus luschnathiana","Ficus luschnathiana (Miq.) Miq.",-30.09963,-51.081565,NA,18,10,2020,5571838
"Ficus","Ficus luschnathiana","Ficus luschnathiana (Miq.) Miq.",-31.585715,-60.707641,NA,21,12,2020,5571838
"Ficus","Ficus luschnathiana","Ficus luschnathiana (Miq.) Miq.",-28.645214,-49.49527,NA,25,3,2024,5571838
"Ficus","Ficus luschnathiana","Ficus luschnathiana (Miq.) Miq.",-23.636741,-46.902434,NA,9,10,2023,5571838
"Ficus","Ficus luschnathiana","Ficus luschnathiana (Miq.) Miq.",-27.154136,-53.903616,NA,17,1,2023,5571838
"Ficus","Ficus luschnathiana","Ficus luschnathiana (Miq.) Miq.",-34.558697,-58.433532,NA,1,8,2022,5571838
"Ficus","Ficus luschnathiana","Ficus luschnathiana (Miq.) Miq.",-34.527471,-58.473529,NA,19,7,2020,5571838
"Ficus","Ficus luschnathiana","Ficus luschnathiana (Miq.) Miq.",-34.602349,-58.359713,NA,12,5,2023,5571838
"Ficus","Ficus luschnathiana","Ficus luschnathiana (Miq.) Miq.",-23.310278,-51.162778,NA,22,5,1993,5571838
"Ficus","Ficus luschnathiana","Ficus luschnathiana (Miq.) Miq.",-25.882778,-48.574722,NA,7,2,1989,5571838
"Ficus","Ficus luschnathiana","Ficus luschnathiana (Miq.) Miq.",-22,-42.05,NA,NA,NA,NA,5571838
"Ficus","Ficus luschnathiana","Ficus luschnathiana (Miq.) Miq.",-28.116111,-50.8325,NA,20,1,2007,5571838
"Ficus","Ficus luschnathiana","Ficus luschnathiana (Miq.) Miq.",-22.948055,-42.0275,NA,31,10,2015,5571838
"Ficus","Ficus luschnathiana","Ficus luschnathiana (Miq.) Miq.",-22.419167,-49.017778,534,28,5,2008,5571838
"Ficus","Ficus luschnathiana","Ficus luschnathiana (Miq.) Miq.",-23.566667,-53.833333,NA,25,5,1986,5571838
"Ficus","Ficus luschnathiana","Ficus luschnathiana (Miq.) Miq.",-28.616667,-49.583333,479,5,11,2009,5571838
"Ficus","Ficus luschnathiana","Ficus luschnathiana (Miq.) Miq.",-13.383333,-43.216667,NA,16,4,1980,5571838
"Ficus","Ficus luschnathiana","Ficus luschnathiana (Miq.) Miq.",-22.512222,-52.316944,585,5,9,2007,5571838
"Ficus","Ficus luschnathiana","Ficus luschnathiana (Miq.) Miq.",-22.433889,-44.615,NA,24,9,2019,5571838
"Ficus","Ficus luschnathiana","Ficus luschnathiana (Miq.) Miq.",-22.962778,-43.026111,NA,8,2,2022,5571838
"Ficus","Ficus luschnathiana","Ficus luschnathiana (Miq.) Miq.",-22.429167,-42.750555,120,12,5,2007,5571838
"Ficus","Ficus luschnathiana","Ficus luschnathiana (Miq.) Miq.",-22.681667,-44.004722,8,2,10,2010,5571838
"Ficus","Ficus luschnathiana","Ficus luschnathiana (Miq.) Miq.",-22.433333,-43.493611,NA,15,5,2005,5571838
"Ficus","Ficus luschnathiana","Ficus luschnathiana (Miq.) Miq.",-28.98,-54.54,NA,30,7,2015,5571838
"Ficus","Ficus luschnathiana","Ficus luschnathiana (Miq.) Miq.",-22.400278,-43.183611,NA,7,1,2019,5571838
"Ficus","Ficus luschnathiana","Ficus luschnathiana (Miq.) Miq.",-21.034055,-49.923981,420.24,22,1,2022,5571838
"Ficus","Ficus luschnathiana","Ficus luschnathiana (Miq.) Miq.",-24.133056,-55.527778,NA,28,5,1999,5571838
"Ficus","Ficus luschnathiana","Ficus luschnathiana (Miq.) Miq.",-25.60666,-54.80444,NA,26,5,1995,5571838
"Ficus","Ficus luschnathiana","Ficus luschnathiana (Miq.) Miq.",-25.2,-57.11666,297,6,4,1988,5571838
"Ficus","Ficus luschnathiana","Ficus luschnathiana (Miq.) Miq.",-25.5306,-49.2321,NA,11,4,1982,5571838
"Ficus","Ficus luschnathiana","Ficus luschnathiana (Miq.) Miq.",-34.758392,-54.545437,NA,18,12,2020,5571838
"Ficus","Ficus luschnathiana","Ficus luschnathiana (Miq.) Miq.",-22,-42.5,NA,11,10,1960,5571838
"Ficus","Ficus luschnathiana","Ficus luschnathiana (Miq.) Miq.",-24,-51,NA,10,1,1985,5571838
"Ficus","Ficus luschnathiana","Ficus luschnathiana (Miq.) Miq.",-22,-42.5,NA,11,8,1959,5571838
"Ficus","Ficus luschnathiana","Ficus luschnathiana (Miq.) Miq.",-22,-42.5,NA,28,2,1980,5571838
"Ficus","Ficus luschnathiana","Ficus luschnathiana (Miq.) Miq.",-30,-54,NA,6,5,1980,5571838
"Ficus","Ficus luschnathiana","Ficus luschnathiana (Miq.) Miq.",-22,-49,NA,1,6,1977,5571838
"Ficus","Ficus luschnathiana","Ficus luschnathiana (Miq.) Miq.",-30,-54,NA,19,4,1978,5571838
"Ficus","Ficus luschnathiana","Ficus luschnathiana (Miq.) Miq.",-23.2025,-58.1689,NA,9,9,1978,5571838
"Ficus","Ficus luschnathiana","Ficus luschnathiana (Miq.) Miq.",-23.2025,-58.1689,NA,NA,NA,1914,5571838
"Ficus","Ficus luschnathiana","Ficus luschnathiana (Miq.) Miq.",-24,-51,NA,2,10,1965,5571838
"Ficus","Ficus luschnathiana","Ficus luschnathiana (Miq.) Miq.",-30,-54,NA,18,3,1984,5571838
"Ficus","Ficus luschnathiana","Ficus luschnathiana (Miq.) Miq.",-25.2,-57.116667,297,23,7,1988,5571838
"Ficus","Ficus luschnathiana","Ficus luschnathiana (Miq.) Miq.",-20.8,-42.85,NA,1,11,2001,5571838
"Ficus","Ficus luschnathiana","Ficus luschnathiana (Miq.) Miq.",-25.60666,-54.80444,150,31,8,1994,5571838
"Ficus","Ficus luschnathiana","Ficus luschnathiana (Miq.) Miq.",-21,-55,NA,28,1,1979,5571838
"Ficus","Ficus luschnathiana","Ficus luschnathiana (Miq.) Miq.",-24,-51,NA,8,5,1909,5571838
"Ficus","Ficus luschnathiana","Ficus luschnathiana (Miq.) Miq.",-22,-42.5,NA,23,6,1959,5571838
"Ficus","Ficus luschnathiana","Ficus luschnathiana (Miq.) Miq.",-24,-51,NA,3,4,1914,5571838
"Ficus","Ficus luschnathiana","Ficus luschnathiana (Miq.) Miq.",-32.8667,-55.7933,NA,NA,2,1937,5571838
"Ficus","Ficus luschnathiana","Ficus luschnathiana (Miq.) Miq.",-22,-42.5,NA,13,1,1965,5571838
"Ficus","Ficus luschnathiana","Ficus luschnathiana (Miq.) Miq.",-22,-49,NA,20,9,1951,5571838
"Ficus","Ficus luschnathiana","Ficus luschnathiana (Miq.) Miq.",-24,-51,NA,18,12,1965,5571838
"Ficus","Ficus luschnathiana","Ficus luschnathiana (Miq.) Miq.",-24,-51,NA,27,11,1911,5571838
"Ficus","Ficus luschnathiana","Ficus luschnathiana (Miq.) Miq.",-26,-57.1667,NA,20,10,1978,5571838
"Ficus","Ficus luschnathiana","Ficus luschnathiana (Miq.) Miq.",-24,-51,NA,20,1,1966,5571838
"Ficus","Ficus luschnathiana","Ficus luschnathiana (Miq.) Miq.",-22,-49,NA,22,3,1992,5571838
"Ficus","Ficus luschnathiana","Ficus luschnathiana (Miq.) Miq.",-23.77889,-46.29806,NA,23,9,2008,5571838
"Ficus","Ficus luschnathiana","Ficus luschnathiana (Miq.) Miq.",-25.371944,-53.295833,349,7,3,2018,5571838
"Ficus","Ficus luschnathiana","Ficus luschnathiana (Miq.) Miq.",4.458101,-73.080539,NA,26,11,2020,5571838
"Ficus","Ficus luschnathiana","Ficus luschnathiana (Miq.) Miq.",-26.86666,-57.16666,NA,11,11,1989,5571838
"Ficus","Ficus luschnathiana","Ficus luschnathiana (Miq.) Miq.",-25.86666,-57.13333,NA,26,2,1992,5571838
"Ficus","Ficus luschnathiana","Ficus luschnathiana (Miq.) Miq.",-23.402388,-46.38029,812.23,19,8,2021,5571838
"Ficus","Ficus luschnathiana","Ficus luschnathiana (Miq.) Miq.",-23.550734,-46.649076,731.6,20,11,2021,5571838
"Ficus","Ficus luschnathiana","Ficus luschnathiana (Miq.) Miq.",-27.284492,-55.588755,NA,23,3,2023,5571838
"Ficus","Ficus luschnathiana","Ficus luschnathiana (Miq.) Miq.",-34.59947,-58.36086,NA,13,6,2020,5571838
"Ficus","Ficus luschnathiana","Ficus luschnathiana (Miq.) Miq.",-34.185194,-53.787603,NA,31,1,2022,5571838
"Ficus","Ficus luschnathiana","Ficus luschnathiana (Miq.) Miq.",-22.569444,-43.468333,NA,13,11,2001,5571838
"Ficus","Ficus luschnathiana","Ficus luschnathiana (Miq.) Miq.",-22.419167,-49.017778,NA,28,5,2008,5571838
"Ficus","Ficus luschnathiana","Ficus luschnathiana (Miq.) Miq.",-26.101667,-58.801667,NA,17,12,2004,5571838
"Ficus","Ficus luschnathiana","Ficus luschnathiana (Miq.) Miq.",-34.182011,-53.789619,NA,20,5,2023,5571838
"Ficus","Ficus luschnathiana","Ficus luschnathiana (Miq.) Miq.",-28.430513,-49.487287,NA,10,3,2024,5571838
"Ficus","Ficus luschnathiana","Ficus luschnathiana (Miq.) Miq.",-34.469343,-58.493988,NA,14,7,2023,5571838
"Ficus","Ficus luschnathiana","Ficus luschnathiana (Miq.) Miq.",-28.78494,-49.296846,NA,5,8,2022,5571838
"Ficus","Ficus luschnathiana","Ficus luschnathiana (Miq.) Miq.",-34.61197,-58.368408,NA,16,1,2023,5571838
"Ficus","Ficus luschnathiana","Ficus luschnathiana (Miq.) Miq.",-34.527378,-58.501396,NA,5,9,2019,5571838
"Ficus","Ficus luschnathiana","Ficus luschnathiana (Miq.) Miq.",-34.089633,-53.755578,NA,31,10,2021,5571838
"Ficus","Ficus luschnathiana","Ficus luschnathiana (Miq.) Miq.",-25.687046,-54.439545,NA,10,3,2023,5571838
"Ficus","Ficus luschnathiana","Ficus luschnathiana (Miq.) Miq.",-31.374859,-58.116466,NA,30,6,2018,5571838
"Ficus","Ficus luschnathiana","Ficus luschnathiana (Miq.) Miq.",-26.467222,-49.020833,64,16,1,2008,5571838
"Ficus","Ficus luschnathiana","Ficus luschnathiana (Miq.) Miq.",-26.250556,-49.378611,NA,19,8,2004,5571838
"Ficus","Ficus luschnathiana","Ficus luschnathiana (Miq.) Miq.",-34.608106,-58.350922,NA,30,4,2021,5571838
"Ficus","Ficus luschnathiana","Ficus luschnathiana (Miq.) Miq.",-34.626327,-58.37035,NA,23,7,2023,5571838
"Ficus","Ficus luschnathiana","Ficus luschnathiana (Miq.) Miq.",-27.896105,-56.887997,NA,14,9,2022,5571838
"Ficus","Ficus luschnathiana","Ficus luschnathiana (Miq.) Miq.",-28.032651,-58.101402,NA,2,5,2014,5571838
"Ficus","Ficus luschnathiana","Ficus luschnathiana (Miq.) Miq.",-27.838108,-56.898454,NA,15,6,2023,5571838
"Ficus","Ficus luschnathiana","Ficus luschnathiana (Miq.) Miq.",-29.721591,-57.110708,NA,17,4,2023,5571838
"Ficus","Ficus luschnathiana","Ficus luschnathiana (Miq.) Miq.",-30.494658,-57.864557,NA,29,10,2022,5571838
"Ficus","Ficus luschnathiana","Ficus luschnathiana (Miq.) Miq.",-26.756713,-49.457124,NA,19,2,2024,5571838
"Ficus","Ficus luschnathiana","Ficus luschnathiana (Miq.) Miq.",-34.606791,-58.434992,NA,17,11,2019,5571838
"Ficus","Ficus luschnathiana","Ficus luschnathiana (Miq.) Miq.",-28.11445,-56.485732,NA,22,9,2023,5571838
"Ficus","Ficus luschnathiana","Ficus luschnathiana (Miq.) Miq.",-34.491716,-58.479435,NA,6,10,2019,5571838
"Ficus","Ficus luschnathiana","Ficus luschnathiana (Miq.) Miq.",-25.597885,-54.588,NA,1,5,2021,5571838
"Ficus","Ficus luschnathiana","Ficus luschnathiana (Miq.) Miq.",-34.750263,-54.530953,NA,24,3,2023,5571838
"Ficus","Ficus luschnathiana","Ficus luschnathiana (Miq.) Miq.",-34.560934,-58.44904,NA,23,1,2022,5571838
"Ficus","Ficus luschnathiana","Ficus luschnathiana (Miq.) Miq.",-34.910183,-57.935222,NA,25,11,2019,5571838
"Ficus","Ficus luschnathiana","Ficus luschnathiana (Miq.) Miq.",-25.697908,-54.441231,NA,5,7,2022,5571838
"Ficus","Ficus luschnathiana","Ficus luschnathiana (Miq.) Miq.",-34.608106,-58.350922,NA,7,3,2021,5571838
"Ficus","Ficus luschnathiana","Ficus luschnathiana (Miq.) Miq.",-29.080779,-56.586178,NA,9,12,2021,5571838
"Ficus","Ficus luschnathiana","Ficus luschnathiana (Miq.) Miq.",-34.608106,-58.350922,NA,29,1,2008,5571838
"Ficus","Ficus luschnathiana","Ficus luschnathiana (Miq.) Miq.",-34.826483,-55.303981,NA,13,12,2023,5571838
"Ficus","Ficus luschnathiana","Ficus luschnathiana (Miq.) Miq.",-27.732325,-48.810503,NA,6,12,2023,5571838
"Ficus","Ficus luschnathiana","Ficus luschnathiana (Miq.) Miq.",-34.608063,-58.350964,NA,25,9,2021,5571838
"Ficus","Ficus luschnathiana","Ficus luschnathiana (Miq.) Miq.",-34.608063,-58.350964,NA,26,10,2019,5571838
"Ficus","Ficus luschnathiana","Ficus luschnathiana (Miq.) Miq.",-34.013,-53.557445,NA,7,1,2022,5571838
"Ficus","Ficus luschnathiana","Ficus luschnathiana (Miq.) Miq.",-27.225917,-49.63084,NA,18,12,2021,5571838
"Ficus","Ficus luschnathiana","Ficus luschnathiana (Miq.) Miq.",-34.601884,-58.360034,NA,18,4,2019,5571838
"Ficus","Ficus luschnathiana","Ficus luschnathiana (Miq.) Miq.",-34.787233,-58.398621,NA,29,11,2020,5571838
"Ficus","Ficus luschnathiana","Ficus luschnathiana (Miq.) Miq.",-34.567549,-58.424643,NA,31,3,2023,5571838
"Ficus","Ficus luschnathiana","Ficus luschnathiana (Miq.) Miq.",-31.904883,-58.236571,NA,9,8,2022,5571838
"Ficus","Ficus luschnathiana","Ficus luschnathiana (Miq.) Miq.",-34.568705,-58.413462,NA,23,10,2021,5571838
"Ficus","Ficus luschnathiana","Ficus luschnathiana (Miq.) Miq.",-26.632663,-54.100722,NA,27,12,2020,5571838
"Ficus","Ficus luschnathiana","Ficus luschnathiana (Miq.) Miq.",-28.719722,-59.389444,NA,14,5,2023,5571838
"Ficus","Ficus luschnathiana","Ficus luschnathiana (Miq.) Miq.",-34.606413,-58.433137,NA,14,11,2019,5571838
"Ficus","Ficus luschnathiana","Ficus luschnathiana (Miq.) Miq.",-34.466374,-58.511493,NA,21,11,2023,5571838
"Ficus","Ficus luschnathiana","Ficus luschnathiana (Miq.) Miq.",-34.580548,-58.418285,NA,3,3,2024,5571838
"Ficus","Ficus luschnathiana","Ficus luschnathiana (Miq.) Miq.",-28.632045,-49.506432,NA,23,2,2022,5571838
"Ficus","Ficus luschnathiana","Ficus luschnathiana (Miq.) Miq.",-26.756652,-49.457087,NA,26,11,2023,5571838
"Ficus","Ficus luschnathiana","Ficus luschnathiana (Miq.) Miq.",-31.874133,-58.208541,NA,28,1,2023,5571838
"Ficus","Ficus luschnathiana","Ficus luschnathiana (Miq.) Miq.",-34.560129,-58.430534,NA,9,10,2020,5571838
"Ficus","Ficus luschnathiana","Ficus luschnathiana (Miq.) Miq.",-34.600558,-58.349619,NA,13,2,2024,5571838
"Ficus","Ficus luschnathiana","Ficus luschnathiana (Miq.) Miq.",-34.095814,-53.84848,NA,15,9,2022,5571838
"Ficus","Ficus luschnathiana","Ficus luschnathiana (Miq.) Miq.",-26.926994,-48.959641,NA,12,6,2022,5571838
"Ficus","Ficus luschnathiana","Ficus luschnathiana (Miq.) Miq.",-34.62547,-58.370617,NA,20,8,2023,5571838
"Ficus","Ficus luschnathiana","Ficus luschnathiana (Miq.) Miq.",-34.753796,-54.56287,NA,20,1,2022,5571838
"Ficus","Ficus luschnathiana","Ficus luschnathiana (Miq.) Miq.",-27.447004,-58.978849,NA,22,9,2021,5571838
"Ficus","Ficus luschnathiana","Ficus luschnathiana (Miq.) Miq.",-34.911092,-57.936308,NA,26,5,2021,5571838
"Ficus","Ficus luschnathiana","Ficus luschnathiana (Miq.) Miq.",-34.584111,-58.398684,NA,18,6,2022,5571838
"Ficus","Ficus luschnathiana","Ficus luschnathiana (Miq.) Miq.",-34.612085,-58.35642,NA,23,5,2020,5571838
"Ficus","Ficus luschnathiana","Ficus luschnathiana (Miq.) Miq.",-34.606791,-58.434992,NA,27,9,2020,5571838
"Ficus","Ficus luschnathiana","Ficus luschnathiana (Miq.) Miq.",-28.539297,-57.181193,NA,27,8,2022,5571838
"Ficus","Ficus luschnathiana","Ficus luschnathiana (Miq.) Miq.",-28.547747,-57.196842,NA,7,4,2023,5571838
"Ficus","Ficus luschnathiana","Ficus luschnathiana (Miq.) Miq.",-34.607267,-58.437823,NA,22,9,2017,5571838
"Ficus","Ficus luschnathiana","Ficus luschnathiana (Miq.) Miq.",-34.60925,-58.358928,NA,15,8,2021,5571838
"Ficus","Ficus luschnathiana","Ficus luschnathiana (Miq.) Miq.",-32.560876,-53.377571,NA,21,5,2022,5571838
"Ficus","Ficus luschnathiana","Ficus luschnathiana (Miq.) Miq.",-25.41667,-57.16667,250,1,12,1988,5571838
"Ficus","Ficus luschnathiana","Ficus luschnathiana (Miq.) Miq.",-27.13,-53.88,NA,NA,NA,NA,5571838
"Ficus","Ficus luschnathiana","Ficus luschnathiana (Miq.) Miq.",-33.65,-58.98,NA,NA,NA,NA,5571838
"Ficus","Ficus luschnathiana","Ficus luschnathiana (Miq.) Miq.",-26.48,-53.88,NA,NA,NA,NA,5571838
"Ficus","Ficus luschnathiana","Ficus luschnathiana (Miq.) Miq.",-28.73,-58.03,NA,NA,NA,NA,5571838
"Ficus","Ficus luschnathiana","Ficus luschnathiana (Miq.) Miq.",-27.05,-54.82,NA,NA,NA,NA,5571838
"Ficus","Ficus luschnathiana","Ficus luschnathiana (Miq.) Miq.",-27.87,-55.7,NA,NA,NA,NA,5571838
"Ficus","Ficus luschnathiana","Ficus luschnathiana (Miq.) Miq.",-26.92,-54.21,NA,NA,NA,NA,5571838
"Ficus","Ficus luschnathiana","Ficus luschnathiana (Miq.) Miq.",-27.28,-55.58,NA,NA,NA,NA,5571838
"Ficus","Ficus luschnathiana","Ficus luschnathiana (Miq.) Miq.",-28.06,-55.54,NA,NA,NA,NA,5571838
"Ficus","Ficus luschnathiana","Ficus luschnathiana (Miq.) Miq.",-27.8,-57.46,NA,NA,NA,NA,5571838
"Ficus","Ficus luschnathiana","Ficus luschnathiana (Miq.) Miq.",-27.3,-58.95,NA,NA,NA,NA,5571838
"Ficus","Ficus luschnathiana","Ficus luschnathiana (Miq.) Miq.",-25.88,-54.41,NA,NA,NA,NA,5571838
"Ficus","Ficus luschnathiana","Ficus luschnathiana (Miq.) Miq.",-30.91,-57.93,NA,NA,NA,NA,5571838
"Ficus","Ficus luschnathiana","Ficus luschnathiana (Miq.) Miq.",-27.68,-56.48,NA,NA,NA,NA,5571838
"Ficus","Ficus luschnathiana","Ficus luschnathiana (Miq.) Miq.",-26,-53.98,NA,NA,NA,NA,5571838
"Ficus","Ficus luschnathiana","Ficus luschnathiana (Miq.) Miq.",-31.35,-58.18,NA,NA,NA,NA,5571838
"Ficus","Ficus luschnathiana","Ficus luschnathiana (Miq.) Miq.",-26.845494,-48.662787,NA,13,4,2023,5571838
"Ficus","Ficus luschnathiana","Ficus luschnathiana (Miq.) Miq.",-28.548683,-57.195439,NA,25,2,2019,5571838
"Ficus","Ficus luschnathiana","Ficus luschnathiana (Miq.) Miq.",-34.558856,-58.43289,NA,27,1,2024,5571838
"Ficus","Ficus luschnathiana","Ficus luschnathiana (Miq.) Miq.",-27.211773,-48.978442,NA,1,5,2023,5571838
"Ficus","Ficus luschnathiana","Ficus luschnathiana (Miq.) Miq.",-25,-57,NA,NA,NA,NA,5571838
"Ficus","Ficus luschnathiana","Ficus luschnathiana (Miq.) Miq.",-25.25,-57,NA,NA,NA,NA,5571838
"Ficus","Ficus luschnathiana","Ficus luschnathiana (Miq.) Miq.",-23,-56,NA,NA,NA,NA,5571838
"Ficus","Ficus luschnathiana","Ficus luschnathiana (Miq.) Miq.",-23,-57,NA,NA,NA,NA,5571838
"Ficus","Ficus luschnathiana","Ficus luschnathiana (Miq.) Miq.",-22.5619,-52.1836,NA,11,3,2008,5571838
"Ficus","Ficus luschnathiana","Ficus luschnathiana (Miq.) Miq.",-22.6233,-52.1806,NA,NA,10,2008,5571838
"Ficus","Ficus luschnathiana","Ficus luschnathiana (Miq.) Miq.",-25.584167,-49.635556,NA,16,8,1970,5571838
"Ficus","Ficus luschnathiana","Ficus luschnathiana (Miq.) Miq.",-27.056667,-49.087778,NA,20,7,2001,5571838
"Ficus","Ficus luschnathiana","Ficus luschnathiana (Miq.) Miq.",-28.08,-48.87,NA,1,6,2010,5571838
"Ficus","Ficus luschnathiana","Ficus luschnathiana (Miq.) Miq.",-27.0217,-49.0644,NA,27,6,2009,5571838
"Ficus","Ficus luschnathiana","Ficus luschnathiana (Miq.) Miq.",-22.903056,-43.2075,NA,30,8,1967,5571838
"Ficus","Ficus luschnathiana","Ficus luschnathiana (Miq.) Miq.",-28.17,-49.322222,NA,14,4,2010,5571838
"Ficus","Ficus luschnathiana","Ficus luschnathiana (Miq.) Miq.",-27.54,-48.96,NA,6,4,2010,5571838
"Ficus","Ficus luschnathiana","Ficus luschnathiana (Miq.) Miq.",-29.955556,-51.026389,10,27,2,2013,5571838
"Ficus","Ficus luschnathiana","Ficus luschnathiana (Miq.) Miq.",-29.767222,-52.394444,208,27,6,2011,5571838
"Ficus","Ficus luschnathiana","Ficus luschnathiana (Miq.) Miq.",-29.599722,-50.935556,90,NA,NA,2003,5571838
"Ficus","Ficus luschnathiana","Ficus luschnathiana (Miq.) Miq.",-27.881111,-53.302778,610,5,9,2012,5571838
"Ficus","Ficus luschnathiana","Ficus luschnathiana (Miq.) Miq.",-30.348056,-54.309167,89,16,5,2011,5571838
"Ficus","Ficus luschnathiana","Ficus luschnathiana (Miq.) Miq.",-9.355833,-56.776944,184,20,4,2012,5571838
"Ficus","Ficus luschnathiana","Ficus luschnathiana (Miq.) Miq.",-30.139444,-51.675278,104,15,8,2012,5571838
"Ficus","Ficus luschnathiana","Ficus luschnathiana (Miq.) Miq.",-30.869722,-55.532222,175,15,5,2011,5571838
"Ficus","Ficus luschnathiana","Ficus luschnathiana (Miq.) Miq.",-23.098056,-50.874444,NA,15,5,1993,5571838
"Ficus","Ficus luschnathiana","Ficus luschnathiana (Miq.) Miq.",-30.271389,-51.305278,6,14,8,2012,5571838
"Ficus","Ficus luschnathiana","Ficus luschnathiana (Miq.) Miq.",-28.225,-52.350278,678,2,5,2012,5571838
"Ficus","Ficus luschnathiana","Ficus luschnathiana (Miq.) Miq.",-29.678056,-53.775278,285,20,9,2011,5571838
"Ficus","Ficus luschnathiana","Ficus luschnathiana (Miq.) Miq.",-29.885,-50.2775,37,20,6,2013,5571838
"Ficus","Ficus luschnathiana","Ficus luschnathiana (Miq.) Miq.",-31.785556,-52.307778,6,8,1,2013,5571838
"Ficus","Ficus luschnathiana","Ficus luschnathiana (Miq.) Miq.",-30.179722,-51.3925,18,14,8,2012,5571838
"Ficus","Ficus luschnathiana","Ficus luschnathiana (Miq.) Miq.",-29.361389,-49.740278,5,5,6,2012,5571838
"Ficus","Ficus luschnathiana","Ficus luschnathiana (Miq.) Miq.",-29.920278,-53.351944,38,3,5,2012,5571838
"Ficus","Ficus luschnathiana","Ficus luschnathiana (Miq.) Miq.",-30.180833,-51.386111,NA,8,11,2009,5571838
"Ficus","Ficus luschnathiana","Ficus luschnathiana (Miq.) Miq.",-29.3825,-49.868611,75,9,10,2012,5571838
"Ficus","Ficus luschnathiana","Ficus luschnathiana (Miq.) Miq.",-31.323889,-51.944167,5,28,5,2012,5571838
"Ficus","Ficus luschnathiana","Ficus luschnathiana (Miq.) Miq.",-33.500278,-53.181111,22,20,4,2012,5571838
"Ficus","Ficus luschnathiana","Ficus luschnathiana (Miq.) Miq.",-29.679722,-51.443889,11,16,6,2013,5571838
"Ficus","Ficus luschnathiana","Ficus luschnathiana (Miq.) Miq.",-29.685556,-50.775833,22,3,8,2012,5571838
"Ficus","Ficus luschnathiana","Ficus luschnathiana (Miq.) Miq.",-30.357778,-51.046111,24,8,3,2012,5571838
"Ficus","Ficus luschnathiana","Ficus luschnathiana (Miq.) Miq.",-30.831667,-53.502778,225,2,12,2011,5571838
"Ficus","Ficus luschnathiana","Ficus luschnathiana (Miq.) Miq.",-32.541111,-53.228333,9,10,5,2012,5571838
"Ficus","Ficus luschnathiana","Ficus luschnathiana (Miq.) Miq.",-29.693056,-50.141389,NA,29,11,2011,5571838
"Ficus","Ficus luschnathiana","Ficus luschnathiana (Miq.) Miq.",-30.067222,-51.12,92,12,7,2011,5571838
"Ficus","Ficus luschnathiana","Ficus luschnathiana (Miq.) Miq.",-32.258056,-53.079722,21,10,5,2012,5571838
"Ficus","Ficus luschnathiana","Ficus luschnathiana (Miq.) Miq.",-29.291111,-49.918056,70,28,11,2011,5571838
"Ficus","Ficus luschnathiana","Ficus luschnathiana (Miq.) Miq.",-27.5,-53.36,NA,1,4,2014,5571838
"Ficus","Ficus luschnathiana","Ficus luschnathiana (Miq.) Miq.",-29.478056,-51.804722,305,16,6,2013,5571838
"Ficus","Ficus luschnathiana","Ficus luschnathiana (Miq.) Miq.",-29.514444,-51.946111,23,20,4,2013,5571838
"Ficus","Ficus luschnathiana","Ficus luschnathiana (Miq.) Miq.",-21.838889,-46.564722,NA,4,11,1980,5571838
"Ficus","Ficus luschnathiana","Ficus luschnathiana (Miq.) Miq.",-21.838889,-46.564722,NA,27,10,1981,5571838
"Ficus","Ficus luschnathiana","Ficus luschnathiana (Miq.) Miq.",-24.643333,-48.400278,NA,22,3,2005,5571838
"Ficus","Ficus luschnathiana","Ficus luschnathiana (Miq.) Miq.",-23.711386,-48.590722,NA,13,5,1987,5571838
"Ficus","Ficus luschnathiana","Ficus luschnathiana (Miq.) Miq.",-23.183333,-46.866667,1105,8,2,2008,5571838
"Ficus","Ficus luschnathiana","Ficus luschnathiana (Miq.) Miq.",-22.916667,-46.883333,808,6,7,2000,5571838
"Ficus","Ficus luschnathiana","Ficus luschnathiana (Miq.) Miq.",-24.962361,-48.414889,NA,14,2,1995,5571838
"Ficus","Ficus luschnathiana","Ficus luschnathiana (Miq.) Miq.",-24.646639,-48.392083,NA,9,2,1995,5571838
"Ficus","Ficus luschnathiana","Ficus luschnathiana (Miq.) Miq.",-23.183333,-46.866667,1105,25,11,2006,5571838
"Ficus","Ficus luschnathiana","Ficus luschnathiana (Miq.) Miq.",-23.966667,-48,700,6,4,2006,5571838
"Ficus","Ficus luschnathiana","Ficus luschnathiana (Miq.) Miq.",-22.9,-46.9,887,16,6,2000,5571838
"Ficus","Ficus luschnathiana","Ficus luschnathiana (Miq.) Miq.",-23.075,-45.9375,NA,8,10,1985,5571838
"Ficus","Ficus luschnathiana","Ficus luschnathiana (Miq.) Miq.",-23.256944,-45.044167,NA,NA,NA,NA,5571838
"Ficus","Ficus luschnathiana","Ficus luschnathiana (Miq.) Miq.",-22.9,-47.05,854,30,5,2001,5571838
"Ficus","Ficus luschnathiana","Ficus luschnathiana (Miq.) Miq.",-24.061389,-47.995833,800,6,2,2015,5571838
"Ficus","Ficus luschnathiana","Ficus luschnathiana (Miq.) Miq.",-31.781667,-52.323056,NA,26,4,2014,5571838
"Ficus","Ficus luschnathiana","Ficus luschnathiana (Miq.) Miq.",-24.962222,-48.414889,NA,14,2,1995,5571838
"Ficus","Ficus luschnathiana","Ficus luschnathiana (Miq.) Miq.",-24.240833,-49.271667,NA,12,2,1995,5571838
"Ficus","Ficus luschnathiana","Ficus luschnathiana (Miq.) Miq.",-23.25,-46.25,NA,8,6,1998,5571838
"Ficus","Ficus luschnathiana","Ficus luschnathiana (Miq.) Miq.",-22.667417,-47.037222,585,18,7,2001,5571838
"Ficus","Ficus luschnathiana","Ficus luschnathiana (Miq.) Miq.",-23.596667,-45.535,850,28,6,2011,5571838
"Ficus","Ficus luschnathiana","Ficus luschnathiana (Miq.) Miq.",-24.643333,-48.400278,NA,4,9,1995,5571838
"Ficus","Ficus luschnathiana","Ficus luschnathiana (Miq.) Miq.",-23.075,-45.9375,NA,23,5,1986,5571838
"Ficus","Ficus luschnathiana","Ficus luschnathiana (Miq.) Miq.",-23.257083,-45.042472,NA,14,12,1996,5571838
"Ficus","Ficus luschnathiana","Ficus luschnathiana (Miq.) Miq.",-22.866667,-46.083333,NA,23,8,1993,5571838
"Ficus","Ficus luschnathiana","Ficus luschnathiana (Miq.) Miq.",-23.391997,-47.5914,1059,8,8,2017,5571838
"Ficus","Ficus luschnathiana","Ficus luschnathiana (Miq.) Miq.",-22.866667,-46.083333,NA,NA,11,1989,5571838
"Ficus","Ficus luschnathiana","Ficus luschnathiana (Miq.) Miq.",-29.361389,-49.740278,2.5,5,6,2012,5571838
"Ficus","Ficus luschnathiana","Ficus luschnathiana (Miq.) Miq.",-29.685556,-50.775833,11,3,8,2012,5571838
"Ficus","Ficus luschnathiana","Ficus luschnathiana (Miq.) Miq.",-30.271389,-51.305278,3,14,8,2012,5571838
"Ficus","Ficus luschnathiana","Ficus luschnathiana (Miq.) Miq.",-30.179722,-51.3925,9,14,8,2012,5571838
"Ficus","Ficus luschnathiana","Ficus luschnathiana (Miq.) Miq.",-28.225,-52.350278,339,2,5,2012,5571838
"Ficus","Ficus luschnathiana","Ficus luschnathiana (Miq.) Miq.",-29.920278,-53.351944,19,3,5,2012,5571838
"Ficus","Ficus luschnathiana","Ficus luschnathiana (Miq.) Miq.",-32.258056,-53.079722,10.5,10,5,2012,5571838
"Ficus","Ficus luschnathiana","Ficus luschnathiana (Miq.) Miq.",-32.541111,-53.228333,4.5,10,5,2012,5571838
"Ficus","Ficus luschnathiana","Ficus luschnathiana (Miq.) Miq.",-31.323889,-51.944167,2.5,28,5,2012,5571838
"Ficus","Ficus luschnathiana","Ficus luschnathiana (Miq.) Miq.",-30.067222,-51.12,46,12,7,2011,5571838
"Ficus","Ficus luschnathiana","Ficus luschnathiana (Miq.) Miq.",-29.678056,-53.775278,142.5,20,9,2011,5571838
"Ficus","Ficus luschnathiana","Ficus luschnathiana (Miq.) Miq.",-30.869722,-55.532222,87.5,15,5,2011,5571838
"Ficus","Ficus luschnathiana","Ficus luschnathiana (Miq.) Miq.",-30.348056,-54.309167,44.5,16,5,2011,5571838
"Ficus","Ficus luschnathiana","Ficus luschnathiana (Miq.) Miq.",-29.767222,-52.394444,104,27,6,2011,5571838
"Ficus","Ficus luschnathiana","Ficus luschnathiana (Miq.) Miq.",-30.357778,-51.046111,12,8,3,2012,5571838
"Ficus","Ficus luschnathiana","Ficus luschnathiana (Miq.) Miq.",-33.500278,-53.181111,11,20,4,2012,5571838
"Ficus","Ficus luschnathiana","Ficus luschnathiana (Miq.) Miq.",-29.291111,-49.918056,35,28,11,2011,5571838
"Ficus","Ficus luschnathiana","Ficus luschnathiana (Miq.) Miq.",-29.693056,-50.141389,0,29,11,2011,5571838
"Ficus","Ficus luschnathiana","Ficus luschnathiana (Miq.) Miq.",-30.831667,-53.502778,112.5,2,12,2011,5571838
"Ficus","Ficus luschnathiana","Ficus luschnathiana (Miq.) Miq.",-29.955556,-51.026389,5,27,2,2013,5571838
"Ficus","Ficus luschnathiana","Ficus luschnathiana (Miq.) Miq.",-29.679722,-51.443889,5.5,16,6,2013,5571838
"Ficus","Ficus luschnathiana","Ficus luschnathiana (Miq.) Miq.",-29.478056,-51.804722,152.5,16,6,2013,5571838
"Ficus","Ficus luschnathiana","Ficus luschnathiana (Miq.) Miq.",-29.885,-50.2775,18.5,20,6,2013,5571838
"Ficus","Ficus luschnathiana","Ficus luschnathiana (Miq.) Miq.",-29.514444,-51.946111,11.5,20,4,2013,5571838
"Ficus","Ficus luschnathiana","Ficus luschnathiana (Miq.) Miq.",-31.785556,-52.307778,3,8,1,2013,5571838
"Ficus","Ficus luschnathiana","Ficus luschnathiana (Miq.) Miq.",-30.139444,-51.675278,52,15,8,2012,5571838
"Ficus","Ficus luschnathiana","Ficus luschnathiana (Miq.) Miq.",-27.881111,-53.302778,305,5,9,2012,5571838
"Ficus","Ficus luschnathiana","Ficus luschnathiana (Miq.) Miq.",-29.3825,-49.868611,37.5,9,10,2012,5571838
"Ficus","Ficus luschnathiana","Ficus luschnathiana (Miq.) Miq.",-28.098056,-50.874444,285,3,9,2006,5571838
"Ficus","Ficus luschnathiana","Ficus luschnathiana (Miq.) Miq.",-28.118611,-50.8325,325,21,1,2007,5571838
"Ficus","Ficus luschnathiana","Ficus luschnathiana (Miq.) Miq.",-29.599722,-50.935556,45,NA,NA,NA,5571838
"Ficus","Ficus luschnathiana","Ficus luschnathiana (Miq.) Miq.",-24.06,-47.994722,NA,15,10,2004,5571838
"Ficus","Ficus luschnathiana","Ficus luschnathiana (Miq.) Miq.",-25.353333,-53.891667,430,21,11,2014,5571838
"Ficus","Ficus luschnathiana","Ficus luschnathiana (Miq.) Miq.",-24.381667,-48.621944,850,21,2,2013,5571838
"Ficus","Ficus luschnathiana","Ficus luschnathiana (Miq.) Miq.",-22.526944,-45.266944,1307,7,5,2014,5571838
"Ficus","Ficus luschnathiana","Ficus luschnathiana (Miq.) Miq.",-23.431111,-46.634167,1060,8,4,2019,5571838
"Ficus","Ficus luschnathiana","Ficus luschnathiana (Miq.) Miq.",-23.458889,-46.636389,825,20,10,2018,5571838
"Ficus","Ficus luschnathiana","Ficus luschnathiana (Miq.) Miq.",-24.3,-48.4,NA,18,4,2003,5571838
"Ficus","Ficus luschnathiana","Ficus luschnathiana (Miq.) Miq.",-24.2775,-48.406944,810,15,4,2003,5571838
"Ficus","Ficus luschnathiana","Ficus luschnathiana (Miq.) Miq.",-23.643333,-46.890556,NA,12,12,2005,5571838
"Ficus","Ficus luschnathiana","Ficus luschnathiana (Miq.) Miq.",-23.966667,-47.1,700,6,4,2006,5571838
"Ficus","Ficus luschnathiana","Ficus luschnathiana (Miq.) Miq.",-24.577222,-48.722778,485,9,10,2012,5571838
"Ficus","Ficus luschnathiana","Ficus luschnathiana (Miq.) Miq.",-23.833889,-49.144167,700,10,2,2010,5571838
"Ficus","Ficus luschnathiana","Ficus luschnathiana (Miq.) Miq.",-23.976944,-46.371944,NA,6,7,2001,5571838
"Ficus","Ficus luschnathiana","Ficus luschnathiana (Miq.) Miq.",-24.615,-48.387778,NA,28,3,2005,5571838
"Ficus","Ficus luschnathiana","Ficus luschnathiana (Miq.) Miq.",-23.506944,-45.0825,81,22,3,2008,5571838
"Ficus","Ficus luschnathiana","Ficus luschnathiana (Miq.) Miq.",-24.141667,-47.994167,NA,21,4,2002,5571838
"Ficus","Ficus luschnathiana","Ficus luschnathiana (Miq.) Miq.",-24.058333,-47.989722,NA,19,4,2002,5571838
"Ficus","Ficus luschnathiana","Ficus luschnathiana (Miq.) Miq.",-24.053889,-47.993333,NA,22,4,2002,5571838
"Ficus","Ficus luschnathiana","Ficus luschnathiana (Miq.) Miq.",-24.0675,-47.968889,NA,20,4,2002,5571838
"Ficus","Ficus luschnathiana","Ficus luschnathiana (Miq.) Miq.",-23.404167,-46.612778,1040,20,7,2005,5571838
"Ficus","Ficus luschnathiana","Ficus luschnathiana (Miq.) Miq.",-23.455556,-46.774722,890,26,7,2007,5571838
"Ficus","Ficus luschnathiana","Ficus luschnathiana (Miq.) Miq.",-24.080833,-49.068056,NA,29,5,2008,5571838
"Ficus","Ficus luschnathiana","Ficus luschnathiana (Miq.) Miq.",-23.515278,-48.755,636,17,1,2007,5571838
"Ficus","Ficus luschnathiana","Ficus luschnathiana (Miq.) Miq.",-23.357222,-46.523889,1160,28,2,2008,5571838
"Ficus","Ficus luschnathiana","Ficus luschnathiana (Miq.) Miq.",-24.177778,-46.799722,NA,30,3,2007,5571838
"Ficus","Ficus luschnathiana","Ficus luschnathiana (Miq.) Miq.",-23.455556,-46.774722,890,27,7,2007,5571838
"Ficus","Ficus luschnathiana","Ficus luschnathiana (Miq.) Miq.",-23.33,-46.43,375,15,9,1994,5571838
"Ficus","Ficus luschnathiana","Ficus luschnathiana (Miq.) Miq.",-29.197222,-49.950556,NA,14,8,2001,5571838
"Ficus","Ficus luschnathiana","Ficus luschnathiana (Miq.) Miq.",-28.926667,-49.679444,NA,30,1,2008,5571838
"Ficus","Ficus luschnathiana","Ficus luschnathiana (Miq.) Miq.",-33.519444,-53.368333,NA,25,5,1989,5571838
"Ficus","Ficus luschnathiana","Ficus luschnathiana (Miq.) Miq.",-28.191667,-49.392778,490,4,4,2016,5571838
"Ficus","Ficus luschnathiana","Ficus luschnathiana (Miq.) Miq.",-28.678056,-49.37,NA,9,8,2001,5571838
"Ficus","Ficus luschnathiana","Ficus luschnathiana (Miq.) Miq.",-28.713889,-49.300278,NA,25,9,2007,5571838
"Ficus","Ficus luschnathiana","Ficus luschnathiana (Miq.) Miq.",-29.335833,-49.727222,NA,16,11,1992,5571838
"Ficus","Ficus luschnathiana","Ficus luschnathiana (Miq.) Miq.",-28.678056,-49.37,NA,22,8,2007,5571838
"Ficus","Ficus luschnathiana","Ficus luschnathiana (Miq.) Miq.",-28.6325,-49.508889,84,29,10,2021,5571838
"Ficus","Ficus luschnathiana","Ficus luschnathiana (Miq.) Miq.",-28.156389,-49.392222,450,28,7,2016,5571838
"Ficus","Ficus luschnathiana","Ficus luschnathiana (Miq.) Miq.",-28.765833,-49.359722,40,9,10,2018,5571838
"Ficus","Ficus luschnathiana","Ficus luschnathiana (Miq.) Miq.",-17.816111,-57.516667,NA,26,8,2010,5571838
"Ficus","Ficus luschnathiana","Ficus luschnathiana (Miq.) Miq.",-19.633333,-57.583333,89,16,8,1991,5571838
"Ficus","Ficus luschnathiana","Ficus luschnathiana (Miq.) Miq.",-19.5,-57,90,4,12,1986,5571838
"Ficus","Ficus luschnathiana","Ficus luschnathiana (Miq.) Miq.",-19.633333,-57.016667,90,NA,NA,NA,5571838
"Ficus","Ficus luschnathiana","Ficus luschnathiana (Miq.) Miq.",-16.166667,-56.433333,114,10,9,1991,5571838
"Ficus","Ficus luschnathiana","Ficus luschnathiana (Miq.) Miq.",-19.576944,-57,NA,15,10,2012,5571838
"Ficus","Ficus luschnathiana","Ficus luschnathiana (Miq.) Miq.",-18.985,-56.819722,96,8,5,2009,5571838
"Ficus","Ficus luschnathiana","Ficus luschnathiana (Miq.) Miq.",-18.196944,-57.5,NA,23,11,2010,5571838
"Ficus","Ficus luschnathiana","Ficus luschnathiana (Miq.) Miq.",-18.552222,-56.913333,NA,14,9,2002,5571838
"Ficus","Ficus luschnathiana","Ficus luschnathiana (Miq.) Miq.",-19.611389,-56.743055,96,21,9,2005,5571838
"Ficus","Ficus luschnathiana","Ficus luschnathiana (Miq.) Miq.",-19.576667,-57.018889,NA,20,1,2009,5571838
"Ficus","Ficus luschnathiana","Ficus luschnathiana (Miq.) Miq.",-19.613889,-57.087222,90,7,9,2018,5571838
"Ficus","Ficus luschnathiana","Ficus luschnathiana (Miq.) Miq.",-22.333333,-44.538056,1083,17,4,2018,5571838
"Ficus","Ficus luschnathiana","Ficus luschnathiana (Miq.) Miq.",-34.575934,-58.411109,NA,2,2,2020,5571838
"Ficus","Ficus luschnathiana","Ficus luschnathiana (Miq.) Miq.",-27.125784,-48.719908,123,1,5,2021,5571838
"Ficus","Ficus luschnathiana","Ficus luschnathiana (Miq.) Miq.",2.495667,-77.650367,NA,NA,8,2018,5571838
"Ficus","Ficus luschnathiana","Ficus luschnathiana (Miq.) Miq.",-22.630833,-52.813611,143.5,21,8,2012,5571838
"Ficus","Ficus luschnathiana","Ficus luschnathiana (Miq.) Miq.",-22.928889,-42.439722,NA,17,1,2008,5571838
"Ficus","Ficus luschnathiana","Ficus luschnathiana (Miq.) Miq.",-23.806944,-46.287222,850,5,10,1987,5571838
"Ficus","Ficus luschnathiana","Ficus luschnathiana (Miq.) Miq.",-22.259514,-56.946064,NA,NA,NA,NA,5571838
"Ficus","Ficus luschnathiana","Ficus luschnathiana (Miq.) Miq.",-30.045553,-51.232703,NA,14,8,2021,5571838
"Ficus","Ficus luschnathiana","Ficus luschnathiana (Miq.) Miq.",-28.552813,-57.21718,NA,10,6,2022,5571838
"Ficus","Ficus luschnathiana","Ficus luschnathiana (Miq.) Miq.",-29.611333,-50.9965,52,27,10,2007,5571838
"Ficus","Ficus luschnathiana","Ficus luschnathiana (Miq.) Miq.",-24.366667,-47.033333,NA,2,11,1979,5571838
"Ficus","Ficus luschnathiana","Ficus luschnathiana (Miq.) Miq.",-28.189167,-49.389722,NA,5,7,2017,5571838
"Ficus","Ficus luschnathiana","Ficus luschnathiana (Miq.) Miq.",-29.335833,-49.727222,36,16,11,1992,5571838
"Ficus","Ficus luschnathiana","Ficus luschnathiana (Miq.) Miq.",-28.713889,-49.300278,52,25,9,2007,5571838
"Ficus","Ficus luschnathiana","Ficus luschnathiana (Miq.) Miq.",-28.678056,-49.37,58,22,8,2007,5571838
"Ficus","Ficus luschnathiana","Ficus luschnathiana (Miq.) Miq.",-33.519444,-53.368333,24,25,5,1989,5571838
"Ficus","Ficus luschnathiana","Ficus luschnathiana (Miq.) Miq.",-28.678056,-49.37,58,9,8,2001,5571838
"Ficus","Ficus luschnathiana","Ficus luschnathiana (Miq.) Miq.",-28.926667,-49.679444,30,30,1,2008,5571838
"Ficus","Ficus luschnathiana","Ficus luschnathiana (Miq.) Miq.",-23.4638626,-46.5300992,NA,16,6,1980,5571838
"Ficus","Ficus luschnathiana","Ficus luschnathiana (Miq.) Miq.",-22.9069598,-43.2076685,800,30,8,1961,5571838
"Ficus","Ficus luschnathiana","Ficus luschnathiana (Miq.) Miq.",-25.548936,-48.631716,NA,8,5,1909,5571838
"Ficus","Ficus luschnathiana","Ficus luschnathiana (Miq.) Miq.",-23.654505,-46.621883,NA,20,9,1951,5571838
"Ficus","Ficus luschnathiana","Ficus luschnathiana (Miq.) Miq.",-28.6544,-57.43018,NA,24,10,2018,5571838
"Ficus","Ficus luschnathiana","Ficus luschnathiana (Miq.) Miq.",-28.6429,-57.41348,NA,30,4,2018,5571838
"Ficus","Ficus luschnathiana","Ficus luschnathiana (Miq.) Miq.",-28.65426,-57.42794,NA,30,10,2018,5571838
"Ficus","Ficus luschnathiana","Ficus luschnathiana (Miq.) Miq.",-28.64082,-57.41162,NA,28,4,2018,5571838
"Ficus","Ficus luschnathiana","Ficus luschnathiana (Miq.) Miq.",-28.65592,-57.43523,NA,25,10,2018,5571838
"Ficus","Ficus luschnathiana","Ficus luschnathiana (Miq.) Miq.",-28.65493,-57.43282,NA,24,10,2018,5571838
"Ficus","Ficus luschnathiana","Ficus luschnathiana (Miq.) Miq.",-28.65522,-57.43363,NA,25,10,2018,5571838
"Ficus","Ficus luschnathiana","Ficus luschnathiana (Miq.) Miq.",-28.65587,-57.43496,NA,25,10,2018,5571838
"Ficus","Ficus luschnathiana","Ficus luschnathiana (Miq.) Miq.",-28.6507,-57.423,NA,25,10,2018,5571838
"Ficus","Ficus luschnathiana","Ficus luschnathiana (Miq.) Miq.",-28.65448,-57.43187,NA,22,10,2018,5571838
"Ficus","Ficus luschnathiana","Ficus luschnathiana (Miq.) Miq.",-22.630722,-52.813583,287,21,8,2012,5571838
"Ficus","Ficus luschnathiana","Ficus luschnathiana (Miq.) Miq.",-23.381667,-45.415556,NA,NA,NA,NA,5571838
"Ficus","Ficus luschnathiana","Ficus luschnathiana (Miq.) Miq.",-24.120833,-49.241389,NA,NA,NA,NA,5571838
"Ficus","Ficus luschnathiana","Ficus luschnathiana (Miq.) Miq.",-23.033333,-48.183333,NA,NA,NA,NA,5571838
"Ficus","Ficus luschnathiana","Ficus luschnathiana (Miq.) Miq.",-26.369833,-48.680111,34,23,1,2008,5571838
"Ficus","Ficus luschnathiana","Ficus luschnathiana (Miq.) Miq.",-34.600145,-58.384852,NA,1,7,2021,5571838
"Ficus","Ficus luschnathiana","Ficus luschnathiana (Miq.) Miq.",-22.9069598,-43.2076685,NA,19,3,1980,5571838
"Ficus","Ficus luschnathiana","Ficus luschnathiana (Miq.) Miq.",-26.9120048,-48.6622617,10,29,10,1954,5571838
"Ficus","Ficus luschnathiana","Ficus luschnathiana (Miq.) Miq.",-22.47861,-41.88306,NA,17,10,2007,5571838
"Ficus","Ficus luschnathiana","Ficus luschnathiana (Miq.) Miq.",-23.646109,-46.618358,NA,13,4,1977,5571838
"Ficus","Ficus luschnathiana","Ficus luschnathiana (Miq.) Miq.",-27.77489,-48.694057,250,26,10,1956,5571838
"Ficus","Ficus luschnathiana","Ficus luschnathiana (Miq.) Miq.",-26.246944,-52.426389,NA,28,6,2022,5571838
"Ficus","Ficus luschnathiana","Ficus luschnathiana (Miq.) Miq.",-30.06,-51.19,NA,24,5,1893,5571838
"Ficus","Ficus luschnathiana","Ficus luschnathiana (Miq.) Miq.",-24.25,-46.93,NA,NA,NA,NA,5571838
"Ficus","Ficus luschnathiana","Ficus luschnathiana (Miq.) Miq.",-26.620278,-49.333056,NA,20,10,2010,5571838
"Ficus","Ficus luschnathiana","Ficus luschnathiana (Miq.) Miq.",-25.441994,-49.238942,NA,9,12,2004,5571838
"Ficus","Ficus luschnathiana","Ficus luschnathiana (Miq.) Miq.",-27.090278,-49.590556,NA,10,12,2009,5571838
"Ficus","Ficus luschnathiana","Ficus luschnathiana (Miq.) Miq.",33.949167,-117.393889,NA,NA,11,1956,5571838
"Ficus","Ficus luschnathiana","Ficus luschnathiana (Miq.) Miq.",33.97,-117.319444,NA,29,11,1984,5571838
"Ficus","Ficus luschnathiana","Ficus luschnathiana (Miq.) Miq.",-28.2625,-48.959444,NA,7,4,2010,5571838
"Ficus","Ficus luschnathiana","Ficus luschnathiana (Miq.) Miq.",-27.54,-49.049722,NA,27,1,2010,5571838
"Ficus","Ficus luschnathiana","Ficus luschnathiana (Miq.) Miq.",-22.5867,-42.0328,NA,17,10,2007,5571838
"Ficus","Ficus luschnathiana","Ficus luschnathiana (Miq.) Miq.",33.949167,-117.393889,NA,30,1,1955,5571838
"Ficus","Ficus luschnathiana","Ficus luschnathiana (Miq.) Miq.",-24.251111,-49.705556,NA,18,12,1965,5571838
"Ficus","Ficus luschnathiana","Ficus luschnathiana (Miq.) Miq.",-22.336389,-42.031944,NA,1,2,2021,5571838
"Ficus","Ficus luschnathiana","Ficus luschnathiana (Miq.) Miq.",-22.508056,-44.0925,378,28,8,2004,5571838
"Ficus","Ficus luschnathiana","Ficus luschnathiana (Miq.) Miq.",-21.55,-43.5,NA,13,9,1994,5571838
"Ficus","Ficus luschnathiana","Ficus luschnathiana (Miq.) Miq.",-26.265,-49.185555,NA,30,5,2020,5571838
"Ficus","Ficus luschnathiana","Ficus luschnathiana (Miq.) Miq.",-22,-42.05,1100,3,4,1989,5571838
"Ficus","Ficus luschnathiana","Ficus luschnathiana (Miq.) Miq.",-22.116667,-42.05,NA,27,9,1991,5571838
"Ficus","Ficus luschnathiana","Ficus luschnathiana (Miq.) Miq.",-22.569444,-43.468333,795,13,11,2001,5571838
"Ficus","Ficus luschnathiana","Ficus luschnathiana (Miq.) Miq.",-24.282778,-48.505278,850,30,1,2006,5571838
"Ficus","Ficus luschnathiana","Ficus luschnathiana (Miq.) Miq.",-25.428889,-48.948055,NA,28,9,2016,5571838
"Ficus","Ficus luschnathiana","Ficus luschnathiana (Miq.) Miq.",-25.807778,-49.684167,NA,18,10,2020,5571838
"Ficus","Ficus luschnathiana","Ficus luschnathiana (Miq.) Miq.",-27.021667,-49.064444,198,27,6,2009,5571838
"Ficus","Ficus luschnathiana","Ficus luschnathiana (Miq.) Miq.",-22.938889,-42.668333,NA,7,4,2022,5571838
"Ficus","Ficus luschnathiana","Ficus luschnathiana (Miq.) Miq.",-25.923056,-48.590555,NA,24,4,2021,5571838
"Ficus","Ficus luschnathiana","Ficus luschnathiana (Miq.) Miq.",-24.283889,-49.163333,NA,4,2,2023,5571838
"Ficus","Ficus luschnathiana","Ficus luschnathiana (Miq.) Miq.",-22.317778,-42.716667,NA,NA,NA,NA,5571838
"Ficus","Ficus luschnathiana","Ficus luschnathiana (Miq.) Miq.",-25.587222,-48.917778,NA,27,5,2019,5571838
"Ficus","Ficus luschnathiana","Ficus luschnathiana (Miq.) Miq.",-28.118611,-50.8325,NA,21,1,2007,5571838
"Ficus","Ficus luschnathiana","Ficus luschnathiana (Miq.) Miq.",-22.289167,-42.868611,898,24,8,2005,5571838
"Ficus","Ficus luschnathiana","Ficus luschnathiana (Miq.) Miq.",-22.75948,-41.94231,NA,27,8,2004,5571838
"Ficus","Ficus luschnathiana","Ficus luschnathiana (Miq.) Miq.",-12.056667,-37.690833,NA,21,6,1996,5571838
"Ficus","Ficus luschnathiana","Ficus luschnathiana (Miq.) Miq.",-25.546462,-54.570018,NA,1,11,2022,5571838
"Ficus","Ficus luschnathiana","Ficus luschnathiana (Miq.) Miq.",-26.10166,-58.80166,NA,17,12,2004,5571838
"Ficus","Ficus luschnathiana","Ficus luschnathiana (Miq.) Miq.",-29.52,-52.56,NA,17,3,2015,5571838
"Ficus","Ficus luschnathiana","Ficus luschnathiana (Miq.) Miq.",-34.626172,-58.36895,NA,20,8,2023,5571838
"Ficus","Ficus luschnathiana","Ficus luschnathiana (Miq.) Miq.",-34.6018,-58.360415,NA,13,3,2022,5571838
"Ficus","Ficus luschnathiana","Ficus luschnathiana (Miq.) Miq.",-33.185741,-53.665469,NA,5,2,2021,5571838
"Ficus","Ficus luschnathiana","Ficus luschnathiana (Miq.) Miq.",-34.604782,-58.436927,NA,31,10,2022,5571838
"Ficus","Ficus luschnathiana","Ficus luschnathiana (Miq.) Miq.",-25.521673,-49.092577,NA,14,1,2024,5571838
"Ficus","Ficus luschnathiana","Ficus luschnathiana (Miq.) Miq.",-27.68333,-56.48333,80,28,3,2000,5571838
"Ficus","Ficus luschnathiana","Ficus luschnathiana (Miq.) Miq.",-26.91638,-54.205,NA,27,4,1999,5571838
"Ficus","Ficus luschnathiana","Ficus luschnathiana (Miq.) Miq.",-30.7353,-53.305,300,31,10,1999,5571838
"Ficus","Ficus luschnathiana","Ficus luschnathiana (Miq.) Miq.",-25.5880831,-49.6362233,1000,16,8,1970,5571838
"Ficus","Ficus luschnathiana","Ficus luschnathiana (Miq.) Miq.",-24.4838742,-47.8404934,NA,8,12,1987,5571838
"Ficus","Ficus luschnathiana","Ficus luschnathiana (Miq.) Miq.",-25.8869914,-48.5749506,4,7,2,1989,5571838
"Ficus","Ficus luschnathiana","Ficus luschnathiana (Miq.) Miq.",-23.1082188,-55.2265901,NA,28,1,1979,5571838
"Ficus","Ficus luschnathiana","Ficus luschnathiana (Miq.) Miq.",-21.3305285,-46.3678821,NA,NA,3,1983,5571838
"Ficus","Ficus luschnathiana","Ficus luschnathiana (Miq.) Miq.",-30.0850312,-51.0238502,NA,2,11,1949,5571838
"Ficus","Ficus luschnathiana","Ficus luschnathiana (Miq.) Miq.",-25.621944,-53.499444,349,7,3,2018,5571838
"Ficus","Ficus luschnathiana","Ficus luschnathiana (Miq.) Miq.",-25.807222,-52.900833,440,22,6,2020,5571838
"Ficus","Ficus luschnathiana","Ficus luschnathiana (Miq.) Miq.",-25.555833,-49.850556,815,4,7,2019,5571838
"Ficus","Ficus luschnathiana","Ficus luschnathiana (Miq.) Miq.",-25.587222,-48.917778,430,27,5,2019,5571838
"Ficus","Ficus luschnathiana","Ficus luschnathiana (Miq.) Miq.",-24.093056,-50.713611,635,14,8,2012,5571838
"Ficus","Ficus luschnathiana","Ficus luschnathiana (Miq.) Miq.",-22.455,-44.28,NA,12,10,2015,5571838
"Ficus","Ficus luschnathiana","Ficus luschnathiana (Miq.) Miq.",-25.807778,-49.684167,865,18,10,2020,5571838
"Ficus","Ficus luschnathiana","Ficus luschnathiana (Miq.) Miq.",-26.1,-49.5,NA,3,10,2016,5571838
"Ficus","Ficus luschnathiana","Ficus luschnathiana (Miq.) Miq.",-26.173611,-48.612778,7.5,9,2,2017,5571838
"Ficus","Ficus luschnathiana","Ficus luschnathiana (Miq.) Miq.",-24.860278,-48.716944,475,27,8,2014,5571838
"Ficus","Ficus luschnathiana","Ficus luschnathiana (Miq.) Miq.",-25.807222,-52.900833,440,29,6,2020,5571838
"Ficus","Ficus luschnathiana","Ficus luschnathiana (Miq.) Miq.",-25.807222,-52.900833,440,6,7,2020,5571838
"Ficus","Ficus luschnathiana","Ficus luschnathiana (Miq.) Miq.",-34.906716,-57.935741,NA,2,5,2021,5571838
"Ficus","Ficus luschnathiana","Ficus luschnathiana (Miq.) Miq.",-22.971901,-43.273873,NA,30,8,1967,5571838
"Ficus","Ficus luschnathiana","Ficus luschnathiana (Miq.) Miq.",-28.73333,-58.03333,NA,2,12,1998,5571838
"Ficus","Ficus luschnathiana","Ficus luschnathiana (Miq.) Miq.",-34.63784,-58.39356,NA,25,8,2020,5571838
"Ficus","Ficus luschnathiana","Ficus luschnathiana (Miq.) Miq.",-28.547866,-57.195536,NA,17,9,2023,5571838
"Ficus","Ficus luschnathiana","Ficus luschnathiana (Miq.) Miq.",-34.908147,-57.938035,NA,29,10,2022,5571838
"Ficus","Ficus luschnathiana","Ficus luschnathiana (Miq.) Miq.",-32.216526,-53.826706,NA,9,12,2023,5571838
"Ficus","Ficus luschnathiana","Ficus luschnathiana (Miq.) Miq.",-23.237731,-46.005733,NA,15,11,2006,5571838
"Ficus","Ficus luschnathiana","Ficus luschnathiana (Miq.) Miq.",-23.76194,-46.3375,NA,11,4,2008,5571838
"Ficus","Ficus luschnathiana","Ficus luschnathiana (Miq.) Miq.",-28.05,-57.55,NA,19,8,1999,5571838
"Ficus","Ficus luschnathiana","Ficus luschnathiana (Miq.) Miq.",-32.766478,-53.311106,NA,9,1,2024,5571838
"Ficus","Ficus luschnathiana","Ficus luschnathiana (Miq.) Miq.",-34.085092,-53.755388,NA,24,10,2022,5571838
"Ficus","Ficus luschnathiana","Ficus luschnathiana (Miq.) Miq.",-34.608106,-58.350922,NA,29,4,2019,5571838
"Ficus","Ficus luschnathiana","Ficus luschnathiana (Miq.) Miq.",-34.49179,-58.479425,NA,28,4,2019,5571838
"Ficus","Ficus luschnathiana","Ficus luschnathiana (Miq.) Miq.",-34.18819,-53.791214,NA,12,6,2020,5571838
"Ficus","Ficus luschnathiana","Ficus luschnathiana (Miq.) Miq.",-26.099444,-48.688889,NA,28,6,2010,5571838
"Ficus","Ficus luschnathiana","Ficus luschnathiana (Miq.) Miq.",-27.0308,-49.0867,NA,26,6,2009,5571838
"Ficus","Ficus luschnathiana","Ficus luschnathiana (Miq.) Miq.",-23.2025,-58.1689,NA,NA,10,1913,5571838
"Ficus","Ficus luschnathiana","Ficus luschnathiana (Miq.) Miq.",-23.3603,-44.7861,NA,7,3,2008,5571838
