"genus","species","scientificname","decimallatitude","decimallongitude","elevation","day","month","year","taxonkey"
"Myrsine","Myrsine umbellata","Myrsine umbellata Mart.",-24.253889,-49.269444,NA,22,5,1993,7422518
"Myrsine","Myrsine umbellata","Myrsine umbellata Mart.",-19.2781957,-44.4044451,NA,16,5,1955,7422518
"Myrsine","Myrsine umbellata","Myrsine umbellata Mart.",-18.66669,-46.8,NA,31,1,1970,7422518
"Myrsine","Myrsine umbellata","Myrsine umbellata Mart.",-18.13,-63.68,NA,2,2,1998,7422518
"Myrsine","Myrsine umbellata","Myrsine umbellata Mart.",-8.4741498,-35.7279759,NA,8,5,1995,7422518
"Myrsine","Myrsine umbellata","Myrsine umbellata Mart.",-29.218747,-51.339909,NA,23,7,1986,7422518
"Myrsine","Myrsine umbellata","Myrsine umbellata Mart.",-25.9460697,-53.1650707,NA,15,5,1966,7422518
"Myrsine","Myrsine umbellata","Myrsine umbellata Mart.",-12.5669562,-41.3897406,400,2,3,1980,7422518
"Myrsine","Myrsine umbellata","Myrsine umbellata Mart.",-15.7834208,-47.9298727,NA,10,10,1979,7422518
"Myrsine","Myrsine umbellata","Myrsine umbellata Mart.",-14.2527,-39.1416,NA,25,8,1979,7422518
"Myrsine","Myrsine umbellata","Myrsine umbellata Mart.",-15.1736,-39.3417,NA,12,4,2007,7422518
"Myrsine","Myrsine umbellata","Myrsine umbellata Mart.",-13.4447768,-40.4305779,NA,2,6,1993,7422518
"Myrsine","Myrsine umbellata","Myrsine umbellata Mart.",-19.183333,-46.233333,1067,6,9,1999,7422518
"Myrsine","Myrsine umbellata","Myrsine umbellata Mart.",-20.516111,-41.083611,1250,16,7,2008,7422518
"Myrsine","Myrsine umbellata","Myrsine umbellata Mart.",-26.999444,-50.129444,NA,14,8,2010,7422518
"Myrsine","Myrsine umbellata","Myrsine umbellata Mart.",-27.630278,-49.500556,642,25,11,2009,7422518
"Myrsine","Myrsine umbellata","Myrsine umbellata Mart.",-20.920833,-56.675833,NA,3,12,2010,7422518
"Myrsine","Myrsine umbellata","Myrsine umbellata Mart.",-21.977778,-43.951944,NA,NA,NA,NA,7422518
"Myrsine","Myrsine umbellata","Myrsine umbellata Mart.",-25.824167,-49.073611,850,15,8,2010,7422518
"Myrsine","Myrsine umbellata","Myrsine umbellata Mart.",-20.418611,-41.847222,1314,2,7,2013,7422518
"Myrsine","Myrsine umbellata","Myrsine umbellata Mart.",-22.723889,-44.607778,NA,3,6,2014,7422518
"Myrsine","Myrsine umbellata","Myrsine umbellata Mart.",-20.716667,-42.483333,1300,10,7,1990,7422518
"Myrsine","Myrsine umbellata","Myrsine umbellata Mart.",-23.805278,-45.551944,NA,11,1,2017,7422518
"Myrsine","Myrsine umbellata","Myrsine umbellata Mart.",-26.908611,-49.678333,652,23,6,2010,7422518
"Myrsine","Myrsine umbellata","Myrsine umbellata Mart.",-26.821667,-49.77,701,24,6,2010,7422518
"Myrsine","Myrsine umbellata","Myrsine umbellata Mart.",-16.365833,-51.451667,NA,4,8,2007,7422518
"Myrsine","Myrsine umbellata","Myrsine umbellata Mart.",-17.2,-51.783333,NA,31,10,1964,7422518
"Myrsine","Myrsine umbellata","Myrsine umbellata Mart.",-18.130556,-43.379167,1050,12,10,2015,7422518
"Myrsine","Myrsine umbellata","Myrsine umbellata Mart.",-20.595833,-46.641667,924,15,8,2013,7422518
"Myrsine","Myrsine umbellata","Myrsine umbellata Mart.",-21.708889,-43.894722,1360,19,6,2013,7422518
"Myrsine","Myrsine umbellata","Myrsine umbellata Mart.",-29.6275,-53.873889,NA,11,11,2013,7422518
"Myrsine","Myrsine umbellata","Myrsine umbellata Mart.",-22.992778,-43.650833,NA,13,5,2022,7422518
"Myrsine","Myrsine umbellata","Myrsine umbellata Mart.",-20.983333,-51.766667,NA,3,1,1994,7422518
"Myrsine","Myrsine umbellata","Myrsine umbellata Mart.",-25.166667,-55.916667,NA,13,12,1982,7422518
"Myrsine","Myrsine umbellata","Myrsine umbellata Mart.",-22,-42.05,NA,18,7,1988,7422518
"Myrsine","Myrsine umbellata","Myrsine umbellata Mart.",-20.445833,-41.735278,1110,22,2,2000,7422518
"Myrsine","Myrsine umbellata","Myrsine umbellata Mart.",-20.516111,-41.083611,1250,2,5,2008,7422518
"Myrsine","Myrsine umbellata","Myrsine umbellata Mart.",-27.181389,-49.231389,4,27,10,2009,7422518
"Myrsine","Myrsine umbellata","Myrsine umbellata Mart.",-22.368611,-44.8025,1614,10,10,2010,7422518
"Myrsine","Myrsine umbellata","Myrsine umbellata Mart.",-19.1,-46.266667,1060,24,9,2013,7422518
"Myrsine","Myrsine umbellata","Myrsine umbellata Mart.",-20.716667,-42.483333,1200,12,10,1990,7422518
"Myrsine","Myrsine umbellata","Myrsine umbellata Mart.",-25.146389,-49.955,NA,30,9,2016,7422518
"Myrsine","Myrsine umbellata","Myrsine umbellata Mart.",-18.587222,-43.896111,1260,9,7,2001,7422518
"Myrsine","Myrsine umbellata","Myrsine umbellata Mart.",-22,-42.05,1100,26,8,1987,7422518
"Myrsine","Myrsine umbellata","Myrsine umbellata Mart.",-22,-42.05,NA,7,6,1989,7422518
"Myrsine","Myrsine umbellata","Myrsine umbellata Mart.",-20.519444,-41.0875,1250,17,7,2008,7422518
"Myrsine","Myrsine umbellata","Myrsine umbellata Mart.",-22.25,-44.566667,1850,8,11,1993,7422518
"Myrsine","Myrsine umbellata","Myrsine umbellata Mart.",-20.116389,-43.4775,1260,1,9,2015,7422518
"Myrsine","Myrsine umbellata","Myrsine umbellata Mart.",-25.130278,-53.823889,682,20,8,2015,7422518
"Myrsine","Myrsine umbellata","Myrsine umbellata Mart.",-20.518611,-41.086389,NA,21,10,2018,7422518
"Myrsine","Myrsine umbellata","Myrsine umbellata Mart.",-28.89,-49.86,NA,13,10,2009,7422518
"Myrsine","Myrsine umbellata","Myrsine umbellata Mart.",-13.5,-47.5,NA,25,6,1996,7422518
"Myrsine","Myrsine umbellata","Myrsine umbellata Mart.",-30.019139,-51.237222,NA,13,9,2003,7422518
"Myrsine","Myrsine umbellata","Myrsine umbellata Mart.",-29.480833,-50.174444,NA,16,5,2000,7422518
"Myrsine","Myrsine umbellata","Myrsine umbellata Mart.",-30.276667,-51.015556,NA,30,6,2009,7422518
"Myrsine","Myrsine umbellata","Myrsine umbellata Mart.",-31.771944,-52.342222,NA,8,11,2003,7422518
"Myrsine","Myrsine umbellata","Myrsine umbellata Mart.",-30.019139,-51.237222,NA,17,10,2003,7422518
"Myrsine","Myrsine umbellata","Myrsine umbellata Mart.",-19.5174009,-43.744901,NA,21,7,1980,7422518
"Myrsine","Myrsine umbellata","Myrsine umbellata Mart.",-11.63,-41.28,NA,1,6,1980,7422518
"Myrsine","Myrsine umbellata","Myrsine umbellata Mart.",-15.1742,-39.3394,NA,21,7,2005,7422518
"Myrsine","Myrsine umbellata","Myrsine umbellata Mart.",-23.7271502,-51.0976144,NA,8,6,1999,7422518
"Myrsine","Myrsine umbellata","Myrsine umbellata Mart.",-8.31,-36,NA,25,2,1994,7422518
"Myrsine","Myrsine umbellata","Myrsine umbellata Mart.",-13.7803789,-47.2648251,NA,10,10,1979,7422518
"Myrsine","Myrsine umbellata","Myrsine umbellata Mart.",-22.4999514,-44.5633613,NA,NA,NA,1918,7422518
"Myrsine","Myrsine umbellata","Myrsine umbellata Mart.",-11.28,-51.75,NA,17,10,1985,7422518
"Myrsine","Myrsine umbellata","Myrsine umbellata Mart.",-15.7834208,-47.9298727,1000,7,7,1966,7422518
"Myrsine","Myrsine umbellata","Myrsine umbellata Mart.",-15.159747,-39.039072,NA,NA,8,1834,7422518
"Myrsine","Myrsine umbellata","Myrsine umbellata Mart.",-29.433343,-50.395632,850,29,10,1994,7422518
"Myrsine","Myrsine umbellata","Myrsine umbellata Mart.",-12.45,-41.45,NA,22,5,1980,7422518
"Myrsine","Myrsine umbellata","Myrsine umbellata Mart.",-21.838889,-46.564722,NA,2,9,1980,7422518
"Myrsine","Myrsine umbellata","Myrsine umbellata Mart.",-21.838889,-46.564722,NA,28,8,1980,7422518
"Myrsine","Myrsine umbellata","Myrsine umbellata Mart.",-19.342726,-45.451609,NA,NA,NA,NA,7422518
"Myrsine","Myrsine umbellata","Myrsine umbellata Mart.",-19.343498,-45.453829,NA,NA,NA,NA,7422518
"Myrsine","Myrsine umbellata","Myrsine umbellata Mart.",-26.13333,-53.75,NA,29,11,1944,7422518
"Myrsine","Myrsine umbellata","Myrsine umbellata Mart.",-18.266833,-63.673583,1386,10,12,2007,7422518
"Myrsine","Myrsine umbellata","Myrsine umbellata Mart.",-22.658333,-56.026111,270,17,3,2011,7422518
"Myrsine","Myrsine umbellata","Myrsine umbellata Mart.",-26.01666,-56.76666,NA,31,10,1989,7422518
"Myrsine","Myrsine umbellata","Myrsine umbellata Mart.",-26.06666,-56.76666,NA,20,8,1991,7422518
"Myrsine","Myrsine umbellata","Myrsine umbellata Mart.",-17.93472,-64.28472,1700,16,7,2000,7422518
"Myrsine","Myrsine umbellata","Myrsine umbellata Mart.",-25.866667,-57.2,NA,3,8,1919,7422518
"Myrsine","Myrsine umbellata","Myrsine umbellata Mart.",-17.86666,-64.25,1500,2,7,2000,7422518
"Myrsine","Myrsine umbellata","Myrsine umbellata Mart.",-17.66666,-63.33333,450,NA,NA,NA,7422518
"Myrsine","Myrsine umbellata","Myrsine umbellata Mart.",-15.533333,-47.55,1150,20,10,1982,7422518
"Myrsine","Myrsine umbellata","Myrsine umbellata Mart.",-15.729167,-56.070833,NA,11,11,2009,7422518
"Myrsine","Myrsine umbellata","Myrsine umbellata Mart.",-24.166667,-49.65,NA,3,10,2017,7422518
"Myrsine","Myrsine umbellata","Myrsine umbellata Mart.",-23.453333,-46.766111,NA,22,11,2013,7422518
"Myrsine","Myrsine umbellata","Myrsine umbellata Mart.",-28.35,-49.499722,NA,19,2,2010,7422518
"Myrsine","Myrsine umbellata","Myrsine umbellata Mart.",-25.5,-57.25,NA,15,5,1984,7422518
"Myrsine","Myrsine umbellata","Myrsine umbellata Mart.",-15.516667,-48.166667,770,6,2,1996,7422518
"Myrsine","Myrsine umbellata","Myrsine umbellata Mart.",-22.25,-44.566667,1600,5,10,1994,7422518
"Myrsine","Myrsine umbellata","Myrsine umbellata Mart.",-27.54,-49.049722,835,27,1,2010,7422518
"Myrsine","Myrsine umbellata","Myrsine umbellata Mart.",-15.202778,-39.408056,NA,29,4,2006,7422518
"Myrsine","Myrsine umbellata","Myrsine umbellata Mart.",-20.233611,-44.465,NA,15,11,2011,7422518
"Myrsine","Myrsine umbellata","Myrsine umbellata Mart.",-19.945,-43.897778,1142,7,10,2010,7422518
"Myrsine","Myrsine umbellata","Myrsine umbellata Mart.",-22,-42.05,NA,9,8,1988,7422518
"Myrsine","Myrsine umbellata","Myrsine umbellata Mart.",-21.683333,-43.866667,1450,26,5,2005,7422518
"Myrsine","Myrsine umbellata","Myrsine umbellata Mart.",-13.524167,-41.945278,1500,NA,11,2008,7422518
"Myrsine","Myrsine umbellata","Myrsine umbellata Mart.",-23.243889,-45.027778,1045,15,11,2006,7422518
"Myrsine","Myrsine umbellata","Myrsine umbellata Mart.",-22.491667,-42.495833,1350,12,8,2016,7422518
"Myrsine","Myrsine umbellata","Myrsine umbellata Mart.",-25.340833,-51.161111,1012,9,11,2012,7422518
"Myrsine","Myrsine umbellata","Myrsine umbellata Mart.",-24.253333,-52.4375,667,4,8,2009,7422518
"Myrsine","Myrsine umbellata","Myrsine umbellata Mart.",-22.962778,-43.179722,NA,2,12,2008,7422518
"Myrsine","Myrsine umbellata","Myrsine umbellata Mart.",-20.0325,-43.710278,NA,24,7,2011,7422518
"Myrsine","Myrsine umbellata","Myrsine umbellata Mart.",-20.75,-42.466667,1200,8,6,1991,7422518
"Myrsine","Myrsine umbellata","Myrsine umbellata Mart.",-20.766667,-42.033333,600,6,1,1994,7422518
"Myrsine","Myrsine umbellata","Myrsine umbellata Mart.",-23.048611,-43.629722,NA,26,5,2004,7422518
"Myrsine","Myrsine umbellata","Myrsine umbellata Mart.",-22,-42.05,NA,2,11,1990,7422518
"Myrsine","Myrsine umbellata","Myrsine umbellata Mart.",-23.958056,-48.466944,552,23,10,2007,7422518
"Myrsine","Myrsine umbellata","Myrsine umbellata Mart.",-22,-42.05,1100,16,5,1990,7422518
"Myrsine","Myrsine umbellata","Myrsine umbellata Mart.",-26.549722,-49.9475,747,3,2,2010,7422518
"Myrsine","Myrsine umbellata","Myrsine umbellata Mart.",-25.868889,-48.966667,954,27,8,2010,7422518
"Myrsine","Myrsine umbellata","Myrsine umbellata Mart.",-27.81,-49.14,720,6,7,2010,7422518
"Myrsine","Myrsine umbellata","Myrsine umbellata Mart.",-23.53333,-50.96666,NA,28,5,2004,7422518
"Myrsine","Myrsine umbellata","Myrsine umbellata Mart.",-20.509167,-41.084444,1129,6,8,2013,7422518
"Myrsine","Myrsine umbellata","Myrsine umbellata Mart.",-25.173889,-49.968056,906,16,10,2009,7422518
"Myrsine","Myrsine umbellata","Myrsine umbellata Mart.",-17.929167,-41.184722,970,18,9,2016,7422518
"Myrsine","Myrsine umbellata","Myrsine umbellata Mart.",-29.671944,-53.591389,NA,4,11,2016,7422518
"Myrsine","Myrsine umbellata","Myrsine umbellata Mart.",-29.644444,-53.776667,NA,21,12,2016,7422518
"Myrsine","Myrsine umbellata","Myrsine umbellata Mart.",-22.466667,-42.5,NA,20,6,1990,7422518
"Myrsine","Myrsine umbellata","Myrsine umbellata Mart.",-21.849722,-46.720278,1460,11,1,1994,7422518
"Myrsine","Myrsine umbellata","Myrsine umbellata Mart.",-22,-42.05,NA,3,6,1990,7422518
"Myrsine","Myrsine umbellata","Myrsine umbellata Mart.",-21.4,-56.883333,NA,6,12,2010,7422518
"Myrsine","Myrsine umbellata","Myrsine umbellata Mart.",-22.338889,-44.617778,1585,25,6,2016,7422518
"Myrsine","Myrsine umbellata","Myrsine umbellata Mart.",-17.810833,-43.742778,1182,3,11,2016,7422518
"Myrsine","Myrsine umbellata","Myrsine umbellata Mart.",-29.395833,-51.810556,NA,6,1,2017,7422518
"Myrsine","Myrsine umbellata","Myrsine umbellata Mart.",-26.306944,-49.313333,NA,1,7,2018,7422518
"Myrsine","Myrsine umbellata","Myrsine umbellata Mart.",-27.268611,-49.051944,NA,30,6,2009,7422518
"Myrsine","Myrsine umbellata","Myrsine umbellata Mart.",-28.98,-49.86,NA,4,8,2009,7422518
"Myrsine","Myrsine umbellata","Myrsine umbellata Mart.",-22.6,-50.38,550,NA,NA,NA,7422518
"Myrsine","Myrsine umbellata","Myrsine umbellata Mart.",-14.04,-47.595278,1200,19,10,1965,7422518
"Myrsine","Myrsine umbellata","Myrsine umbellata Mart.",-14.78,-39.03,NA,23,8,1984,7422518
"Myrsine","Myrsine umbellata","Myrsine umbellata Mart.",-12.33,-38.7,NA,21,9,1984,7422518
"Myrsine","Myrsine umbellata","Myrsine umbellata Mart.",-27.103056,-53.401667,550,1,1,1957,7422518
"Myrsine","Myrsine umbellata","Myrsine umbellata Mart.",-25.874444,-50.382778,NA,27,2,1929,7422518
"Myrsine","Myrsine umbellata","Myrsine umbellata Mart.",-23.646111,-46.618333,NA,4,6,1932,7422518
"Myrsine","Myrsine umbellata","Myrsine umbellata Mart.",-29.433333,-50.395556,800,17,8,1996,7422518
"Myrsine","Myrsine umbellata","Myrsine umbellata Mart.",-29.168333,-51.179167,NA,12,9,1986,7422518
"Myrsine","Myrsine umbellata","Myrsine umbellata Mart.",-13.25,-41.92,NA,14,2,1992,7422518
"Myrsine","Myrsine umbellata","Myrsine umbellata Mart.",-15.9,-48.13,850,12,9,1964,7422518
"Myrsine","Myrsine umbellata","Myrsine umbellata Mart.",-15.779722,-47.929444,1000,7,7,1966,7422518
"Myrsine","Myrsine umbellata","Myrsine umbellata Mart.",-15.779722,-47.929444,NA,9,1,1980,7422518
"Myrsine","Myrsine umbellata","Myrsine umbellata Mart.",-16.678611,-49.253889,NA,16,3,1978,7422518
"Myrsine","Myrsine umbellata","Myrsine umbellata Mart.",-15.616667,-47.666667,NA,21,7,1966,7422518
"Myrsine","Myrsine umbellata","Myrsine umbellata Mart.",-19.513611,-43.744722,NA,21,7,1980,7422518
"Myrsine","Myrsine umbellata","Myrsine umbellata Mart.",-20.434167,-41.796667,2865,3,3,1959,7422518
"Myrsine","Myrsine umbellata","Myrsine umbellata Mart.",-13.53,-41.77,NA,20,7,1979,7422518
"Myrsine","Myrsine umbellata","Myrsine umbellata Mart.",-13.67,-41.42,NA,23,3,1980,7422518
"Myrsine","Myrsine umbellata","Myrsine umbellata Mart.",-22.903056,-43.2075,NA,22,7,1988,7422518
"Myrsine","Myrsine umbellata","Myrsine umbellata Mart.",-26.908056,-48.661667,50,2,7,1954,7422518
"Myrsine","Myrsine umbellata","Myrsine umbellata Mart.",-25.548889,-48.631667,NA,11,5,1909,7422518
"Myrsine","Myrsine umbellata","Myrsine umbellata Mart.",-23.170278,-45.88,600,10,5,1962,7422518
"Myrsine","Myrsine umbellata","Myrsine umbellata Mart.",-29.433333,-50.395556,850,29,10,1994,7422518
"Myrsine","Myrsine umbellata","Myrsine umbellata Mart.",-29.218611,-51.34,NA,23,7,1986,7422518
"Myrsine","Myrsine umbellata","Myrsine umbellata Mart.",-20.761389,-42.868056,NA,23,2,1959,7422518
"Myrsine","Myrsine umbellata","Myrsine umbellata Mart.",-15.779722,-47.929444,NA,7,11,1977,7422518
"Myrsine","Myrsine umbellata","Myrsine umbellata Mart.",-15.616667,-47.666667,NA,22,7,1966,7422518
"Myrsine","Myrsine umbellata","Myrsine umbellata Mart.",-19.513611,-43.744722,NA,29,4,1973,7422518
"Myrsine","Myrsine umbellata","Myrsine umbellata Mart.",-16.795278,-47.6,1175,1,11,1965,7422518
"Myrsine","Myrsine umbellata","Myrsine umbellata Mart.",-23.654444,-46.621944,NA,8,6,1977,7422518
"Myrsine","Myrsine umbellata","Myrsine umbellata Mart.",-14,-39.22,NA,15,6,1979,7422518
"Myrsine","Myrsine umbellata","Myrsine umbellata Mart.",-13.441111,-40.430556,NA,12,10,1983,7422518
"Myrsine","Myrsine umbellata","Myrsine umbellata Mart.",-14.252778,-39.141667,NA,25,8,1979,7422518
"Myrsine","Myrsine umbellata","Myrsine umbellata Mart.",-22,-42.05,NA,25,5,1987,7422518
"Myrsine","Myrsine umbellata","Myrsine umbellata Mart.",-24.251111,-49.705556,NA,22,11,1990,7422518
"Myrsine","Myrsine umbellata","Myrsine umbellata Mart.",-23.540278,-46.63,NA,NA,NA,NA,7422518
"Myrsine","Myrsine umbellata","Myrsine umbellata Mart.",-30.851111,-51.811944,8,27,11,1999,7422518
"Myrsine","Myrsine umbellata","Myrsine umbellata Mart.",-12.853611,-39.475833,NA,24,2,2000,7422518
"Myrsine","Myrsine umbellata","Myrsine umbellata Mart.",-15.779722,-47.929722,975,17,9,1965,7422518
"Myrsine","Myrsine umbellata","Myrsine umbellata Mart.",-15.779722,-47.929444,NA,27,11,1980,7422518
"Myrsine","Myrsine umbellata","Myrsine umbellata Mart.",-15.779722,-47.929444,NA,22,11,1977,7422518
"Myrsine","Myrsine umbellata","Myrsine umbellata Mart.",-15.779722,-47.929444,NA,29,10,1976,7422518
"Myrsine","Myrsine umbellata","Myrsine umbellata Mart.",-18.37,-43.7,1200,NA,NA,NA,7422518
"Myrsine","Myrsine umbellata","Myrsine umbellata Mart.",-19.568889,-39.799444,NA,23,4,2004,7422518
"Myrsine","Myrsine umbellata","Myrsine umbellata Mart.",-14.423056,-39.061667,NA,11,9,1991,7422518
"Myrsine","Myrsine umbellata","Myrsine umbellata Mart.",-15.174167,-39.339444,NA,21,7,2005,7422518
"Myrsine","Myrsine umbellata","Myrsine umbellata Mart.",-22.25,-47.82,NA,14,9,2006,7422518
"Myrsine","Myrsine umbellata","Myrsine umbellata Mart.",-14.423056,-39.061667,NA,19,7,1994,7422518
"Myrsine","Myrsine umbellata","Myrsine umbellata Mart.",-12.45,-41.47,NA,24,5,1980,7422518
"Myrsine","Myrsine umbellata","Myrsine umbellata Mart.",-22.903056,-43.2075,NA,22,6,1941,7422518
"Myrsine","Myrsine umbellata","Myrsine umbellata Mart.",-22.530833,-43.008333,NA,NA,NA,NA,7422518
"Myrsine","Myrsine umbellata","Myrsine umbellata Mart.",-29.433333,-50.395556,800,20,5,1995,7422518
"Myrsine","Myrsine umbellata","Myrsine umbellata Mart.",-15.808056,-48.025,NA,13,7,1966,7422518
"Myrsine","Myrsine umbellata","Myrsine umbellata Mart.",-21.849722,-46.7,NA,11,1,1994,7422518
"Myrsine","Myrsine umbellata","Myrsine umbellata Mart.",-14.116667,-47.655556,1000,12,2,1966,7422518
"Myrsine","Myrsine umbellata","Myrsine umbellata Mart.",-18.400278,-43.679167,1300,16,1,1969,7422518
"Myrsine","Myrsine umbellata","Myrsine umbellata Mart.",-15.779722,-47.929444,NA,1,7,1965,7422518
"Myrsine","Myrsine umbellata","Myrsine umbellata Mart.",-18.249444,-43.600278,NA,6,6,1955,7422518
"Myrsine","Myrsine umbellata","Myrsine umbellata Mart.",-18.012778,-49.354444,NA,6,9,1976,7422518
"Myrsine","Myrsine umbellata","Myrsine umbellata Mart.",-14.345,-39.088611,NA,4,8,2002,7422518
"Myrsine","Myrsine umbellata","Myrsine umbellata Mart.",-15.202778,-39.408056,NA,17,3,2005,7422518
"Myrsine","Myrsine umbellata","Myrsine umbellata Mart.",-12.563333,-41.389722,400,NA,NA,NA,7422518
"Myrsine","Myrsine umbellata","Myrsine umbellata Mart.",-15.174167,-39.339444,625,21,7,2005,7422518
"Myrsine","Myrsine umbellata","Myrsine umbellata Mart.",-18.268333,-63.673333,1427,10,12,2007,7422518
"Myrsine","Myrsine umbellata","Myrsine umbellata Mart.",-25.65,-54.58333,NA,NA,6,1938,7422518
"Myrsine","Myrsine umbellata","Myrsine umbellata Mart.",-17.5,-63.6,700,NA,NA,NA,7422518
"Myrsine","Myrsine umbellata","Myrsine umbellata Mart.",-12.860556,-67.652778,183,24,5,2009,7422518
"Myrsine","Myrsine umbellata","Myrsine umbellata Mart.",-17.2,-51.78333,900,31,10,1964,7422518
"Myrsine","Myrsine umbellata","Myrsine umbellata Mart.",-18.453333,-63.703611,1250,17,8,2012,7422518
"Myrsine","Myrsine umbellata","Myrsine umbellata Mart.",-24.621667,-51.160278,1144,17,10,2014,7422518
"Myrsine","Myrsine umbellata","Myrsine umbellata Mart.",-24.5745,-50.2444,840,6,7,2013,7422518
"Myrsine","Myrsine umbellata","Myrsine umbellata Mart.",-25.1294,-51.2867,1120,17,7,2011,7422518
"Myrsine","Myrsine umbellata","Myrsine umbellata Mart.",-25.2546,-48.8569,NA,23,8,2014,7422518
"Myrsine","Myrsine umbellata","Myrsine umbellata Mart.",-25.5917,-48.5558,NA,12,12,1996,7422518
"Myrsine","Myrsine umbellata","Myrsine umbellata Mart.",-25.1377,-48.8215,NA,20,5,2012,7422518
"Myrsine","Myrsine umbellata","Myrsine umbellata Mart.",-25.9031,-48.6252,NA,3,5,1996,7422518
"Myrsine","Myrsine umbellata","Myrsine umbellata Mart.",-25.5565,-48.3064,15,27,8,2015,7422518
"Myrsine","Myrsine umbellata","Myrsine umbellata Mart.",-25.5917,-48.5558,20,31,7,1998,7422518
"Myrsine","Myrsine umbellata","Myrsine umbellata Mart.",-24.574,-50.2388,NA,5,1,1996,7422518
"Myrsine","Myrsine umbellata","Myrsine umbellata Mart.",-25.565992,-49.319701,928,2,7,2020,7422518
"Myrsine","Myrsine umbellata","Myrsine umbellata Mart.",-25.3887,-49.0036,NA,17,9,1993,7422518
"Myrsine","Myrsine umbellata","Myrsine umbellata Mart.",-26.006407,-51.647174,774,6,8,2019,7422518
"Myrsine","Myrsine umbellata","Myrsine umbellata Mart.",-16.6483,-57.7783,120,28,8,2018,7422518
"Myrsine","Myrsine umbellata","Myrsine umbellata Mart.",-25.5143,-48.4465,NA,3,4,1987,7422518
"Myrsine","Myrsine umbellata","Myrsine umbellata Mart.",-25.5917,-48.5558,NA,28,4,1997,7422518
"Myrsine","Myrsine umbellata","Myrsine umbellata Mart.",-25.809874,-49.6809,NA,18,10,2020,7422518
"Myrsine","Myrsine umbellata","Myrsine umbellata Mart.",-25.5917,-48.5558,20,13,9,1996,7422518
"Myrsine","Myrsine umbellata","Myrsine umbellata Mart.",-25.3887,-49.0036,NA,4,8,1993,7422518
"Myrsine","Myrsine umbellata","Myrsine umbellata Mart.",-25.3887,-49.0036,NA,20,8,1993,7422518
"Myrsine","Myrsine umbellata","Myrsine umbellata Mart.",-26.0057,-51.6492,760,4,12,2018,7422518
"Myrsine","Myrsine umbellata","Myrsine umbellata Mart.",-24.143056,-50.308333,NA,2,7,2004,7422518
"Myrsine","Myrsine umbellata","Myrsine umbellata Mart.",-25.72,-53.097222,NA,28,9,2015,7422518
"Myrsine","Myrsine umbellata","Myrsine umbellata Mart.",-25.174028,-49.968278,906,16,10,2009,7422518
"Myrsine","Myrsine umbellata","Myrsine umbellata Mart.",-25.340944,-51.161306,1012,9,11,2012,7422518
"Myrsine","Myrsine umbellata","Myrsine umbellata Mart.",-25.173917,-49.968139,930,3,11,2007,7422518
"Myrsine","Myrsine umbellata","Myrsine umbellata Mart.",-24.016722,-52.405333,546,15,6,2018,7422518
"Myrsine","Myrsine umbellata","Myrsine umbellata Mart.",-25.010833,-51.480278,NA,22,7,2015,7422518
"Myrsine","Myrsine umbellata","Myrsine umbellata Mart.",-24.253361,-52.437556,667,4,8,2009,7422518
"Myrsine","Myrsine umbellata","Myrsine umbellata Mart.",-25.146389,-49.955,967,30,9,2016,7422518
"Myrsine","Myrsine umbellata","Myrsine umbellata Mart.",-25.130306,-53.824139,682,20,8,2015,7422518
"Myrsine","Myrsine umbellata","Myrsine umbellata Mart.",-27.313889,-51.974722,548,26,11,2008,7422518
"Myrsine","Myrsine umbellata","Myrsine umbellata Mart.",-24.106222,-52.325139,605,29,6,2007,7422518
"Myrsine","Myrsine umbellata","Myrsine umbellata Mart.",-23.967833,-51.08975,1144,17,9,2014,7422518
"Myrsine","Myrsine umbellata","Myrsine umbellata Mart.",-25.837167,-49.051444,847,14,10,2011,7422518
"Myrsine","Myrsine umbellata","Myrsine umbellata Mart.",-25.330278,-49.505,819,8,7,2019,7422518
"Myrsine","Myrsine umbellata","Myrsine umbellata Mart.",-23.87425,-52.748778,531,22,9,2011,7422518
"Myrsine","Myrsine umbellata","Myrsine umbellata Mart.",-24.166194,-49.66675,850,1,10,2014,7422518
"Myrsine","Myrsine umbellata","Myrsine umbellata Mart.",-12.966667,-39.383333,NA,10,9,2015,7422518
"Myrsine","Myrsine umbellata","Myrsine umbellata Mart.",-20.595944,-46.641833,924,15,8,2013,7422518
"Myrsine","Myrsine umbellata","Myrsine umbellata Mart.",-23.862333,-52.724417,530,13,10,2010,7422518
"Myrsine","Myrsine umbellata","Myrsine umbellata Mart.",-13.89333,-68.16,925,11,11,2001,7422518
"Myrsine","Myrsine umbellata","Myrsine umbellata Mart.",-25.9,-57.15,400,11,6,1989,7422518
"Myrsine","Myrsine umbellata","Myrsine umbellata Mart.",-20.70083,-63.78583,1241,17,10,2007,7422518
"Myrsine","Myrsine umbellata","Myrsine umbellata Mart.",-26.65,-54.13333,NA,NA,NA,NA,7422518
"Myrsine","Myrsine umbellata","Myrsine umbellata Mart.",-25.15,-57.23333,NA,9,6,1990,7422518
"Myrsine","Myrsine umbellata","Myrsine umbellata Mart.",-22.61666,-57.53333,NA,16,3,1994,7422518
"Myrsine","Myrsine umbellata","Myrsine umbellata Mart.",-20.093056,-43.983611,1400,25,9,2001,7422518
"Myrsine","Myrsine umbellata","Myrsine umbellata Mart.",-20.196944,-43.435833,1097,12,1,2012,7422518
"Myrsine","Myrsine umbellata","Myrsine umbellata Mart.",-19.973333,-43.474444,910,28,10,2018,7422518
"Myrsine","Myrsine umbellata","Myrsine umbellata Mart.",-20.255586,-43.578594,1105,13,10,2007,7422518
"Myrsine","Myrsine umbellata","Myrsine umbellata Mart.",-27.334533,-49.942244,616,31,7,2008,7422518
"Myrsine","Myrsine umbellata","Myrsine umbellata Mart.",-20.156389,-43.826944,937.5,30,6,2010,7422518
"Myrsine","Myrsine umbellata","Myrsine umbellata Mart.",-19.816667,-43.666667,1600,15,8,1985,7422518
"Myrsine","Myrsine umbellata","Myrsine umbellata Mart.",-22.748061,-46.154694,1145,1,6,2001,7422518
"Myrsine","Myrsine umbellata","Myrsine umbellata Mart.",-20.113611,-43.894444,1309.5,21,4,2010,7422518
"Myrsine","Myrsine umbellata","Myrsine umbellata Mart.",-21.308889,-56.553611,331,11,9,2012,7422518
"Myrsine","Myrsine umbellata","Myrsine umbellata Mart.",-19.496111,-43.546667,1467,27,6,2019,7422518
"Myrsine","Myrsine umbellata","Myrsine umbellata Mart.",-19.98,-44.110833,875,23,9,2008,7422518
"Myrsine","Myrsine umbellata","Myrsine umbellata Mart.",-19.203056,-43.335833,0,21,6,2018,7422518
"Myrsine","Myrsine umbellata","Myrsine umbellata Mart.",-20.0325,-43.710278,0,24,7,2011,7422518
"Myrsine","Myrsine umbellata","Myrsine umbellata Mart.",-20.41,-41.834167,1280,11,9,2016,7422518
"Myrsine","Myrsine umbellata","Myrsine umbellata Mart.",-20.128611,-43.906389,0,4,12,2019,7422518
"Myrsine","Myrsine umbellata","Myrsine umbellata Mart.",-21.580222,-44.142917,1125,6,6,2001,7422518
"Myrsine","Myrsine umbellata","Myrsine umbellata Mart.",-19.409611,-43.419167,0,25,10,2008,7422518
"Myrsine","Myrsine umbellata","Myrsine umbellata Mart.",-20.153611,-43.436667,0,12,5,2015,7422518
"Myrsine","Myrsine umbellata","Myrsine umbellata Mart.",-20.135,-43.486944,0,31,7,2016,7422518
"Myrsine","Myrsine umbellata","Myrsine umbellata Mart.",-19.98,-44.110833,875,27,8,2008,7422518
"Myrsine","Myrsine umbellata","Myrsine umbellata Mart.",-27.989167,-49.048889,821,30,5,2010,7422518
"Myrsine","Myrsine umbellata","Myrsine umbellata Mart.",-13.4447768,-40.4305779,NA,12,10,1983,7422518
"Myrsine","Myrsine umbellata","Myrsine umbellata Mart.",-19.586444,-43.455333,0,24,3,2019,7422518
"Myrsine","Myrsine umbellata","Myrsine umbellata Mart.",-13.9913,-47.5167,1550,4,3,1973,7422518
"Myrsine","Myrsine umbellata","Myrsine umbellata Mart.",-14.88076,-47.5333,1000,17,3,1971,7422518
"Myrsine","Myrsine umbellata","Myrsine umbellata Mart.",-25.548936,-48.631716,NA,11,5,1909,7422518
"Myrsine","Myrsine umbellata","Myrsine umbellata Mart.",-15.7834208,-47.9298727,NA,22,11,1977,7422518
"Myrsine","Myrsine umbellata","Myrsine umbellata Mart.",-16.79518,-47.6,1175,1,11,1965,7422518
"Myrsine","Myrsine umbellata","Myrsine umbellata Mart.",-17,-48,NA,1,11,1965,7422518
"Myrsine","Myrsine umbellata","Myrsine umbellata Mart.",-15.906667,-48.01,1090,25,8,2014,7422518
"Myrsine","Myrsine umbellata","Myrsine umbellata Mart.",-14.9,-39.033333,50,4,12,1992,7422518
"Myrsine","Myrsine umbellata","Myrsine umbellata Mart.",-27.867778,-49.044167,NA,14,8,2009,7422518
"Myrsine","Myrsine umbellata","Myrsine umbellata Mart.",-26.819722,-52.470278,NA,24,3,2009,7422518
"Myrsine","Myrsine umbellata","Myrsine umbellata Mart.",-17.354167,-48.532222,720,11,7,1996,7422518
"Myrsine","Myrsine umbellata","Myrsine umbellata Mart.",-15.76,-41.788056,1310,5,3,2018,7422518
"Myrsine","Myrsine umbellata","Myrsine umbellata Mart.",-28.249444,-50.749167,650,1,9,2006,7422518
"Myrsine","Myrsine umbellata","Myrsine umbellata Mart.",-17.875278,-48.508056,NA,12,7,1996,7422518
"Myrsine","Myrsine umbellata","Myrsine umbellata Mart.",-15.726944,-47.965833,NA,3,9,1992,7422518
"Myrsine","Myrsine umbellata","Myrsine umbellata Mart.",-22.7553,-46.1447,NA,6,6,2000,7422518
"Myrsine","Myrsine umbellata","Myrsine umbellata Mart.",-22.7553,-46.1447,NA,28,2,2000,7422518
"Myrsine","Myrsine umbellata","Myrsine umbellata Mart.",-18.001,-44.001,NA,30,6,1841,7422518
"Myrsine","Myrsine umbellata","Myrsine umbellata Mart.",-20.2875,-43.5081,NA,NA,NA,NA,7422518
"Myrsine","Myrsine umbellata","Myrsine umbellata Mart.",-23.23559,-45.012952,NA,13,8,2015,7422518
"Myrsine","Myrsine umbellata","Myrsine umbellata Mart.",-25.0147,-47.9267,NA,10,11,2001,7422518
"Myrsine","Myrsine umbellata","Myrsine umbellata Mart.",-23.7119,-47.4278,NA,15,8,2004,7422518
"Myrsine","Myrsine umbellata","Myrsine umbellata Mart.",-16.445,-52.306944,NA,28,8,2009,7422518
"Myrsine","Myrsine umbellata","Myrsine umbellata Mart.",-18.705833,-50.468333,NA,8,7,2008,7422518
"Myrsine","Myrsine umbellata","Myrsine umbellata Mart.",-22.7553,-46.1447,NA,14,10,1999,7422518
"Myrsine","Myrsine umbellata","Myrsine umbellata Mart.",-22.7553,-46.1447,NA,11,10,1999,7422518
"Myrsine","Myrsine umbellata","Myrsine umbellata Mart.",-23.165,-51.17,0,13,7,2010,7422518
"Myrsine","Myrsine umbellata","Myrsine umbellata Mart.",-16.2,-67.83,725,20,10,1982,7422518
"Myrsine","Myrsine umbellata","Myrsine umbellata Mart.",-22.41,-49.7,590,NA,NA,NA,7422518
"Myrsine","Myrsine umbellata","Myrsine umbellata Mart.",-20.595944,-46.6585,924,15,8,2013,7422518
"Myrsine","Myrsine umbellata","Myrsine umbellata Mart.",-29.226308,-51.339822,745,15,9,2023,7422518
"Myrsine","Myrsine umbellata","Myrsine umbellata Mart.",-29.321389,-50.816667,788,23,3,2019,7422518
"Myrsine","Myrsine umbellata","Myrsine umbellata Mart.",-27.002778,-50.220556,893,15,9,2010,7422518
"Myrsine","Myrsine umbellata","Myrsine umbellata Mart.",-25.253611,-50.005278,896,31,8,2010,7422518
"Myrsine","Myrsine umbellata","Myrsine umbellata Mart.",-27.721111,-49.229167,803,17,6,2010,7422518
"Myrsine","Myrsine umbellata","Myrsine umbellata Mart.",-28.981583,-51.084056,791,17,8,2010,7422518
"Myrsine","Myrsine umbellata","Myrsine umbellata Mart.",-26.9,-54.2,NA,25,8,1996,7422518
"Myrsine","Myrsine umbellata","Myrsine umbellata Mart.",-29.44673,-50.580093,800,17,8,1996,7422518
"Myrsine","Myrsine umbellata","Myrsine umbellata Mart.",-29.44673,-50.580093,NA,29,10,1994,7422518
"Myrsine","Myrsine umbellata","Myrsine umbellata Mart.",-19.970556,-40.140556,NA,6,8,2018,7422518
"Myrsine","Myrsine umbellata","Myrsine umbellata Mart.",-20.518611,-41.086389,1134,21,10,2018,7422518
"Myrsine","Myrsine umbellata","Myrsine umbellata Mart.",-20.95,-40.811667,NA,1,7,2021,7422518
"Myrsine","Myrsine umbellata","Myrsine umbellata Mart.",-25.09,-50.15,NA,9,12,1903,7422518
"Myrsine","Myrsine umbellata","Myrsine umbellata Mart.",-19.42,-43.67,900,2,5,1952,7422518
"Myrsine","Myrsine umbellata","Myrsine umbellata Mart.",-25.43,-48.94,NA,1,9,1911,7422518
"Myrsine","Myrsine umbellata","Myrsine umbellata Mart.",-18.13,-43.38,1050,12,10,2015,7422518
"Myrsine","Myrsine umbellata","Myrsine umbellata Mart.",-25.47,-49.01,NA,21,5,1909,7422518
"Myrsine","Myrsine umbellata","Myrsine umbellata Mart.",-15.264722,-40.574722,NA,14,11,1996,7422518
"Myrsine","Myrsine umbellata","Myrsine umbellata Mart.",-15.27,-52.25,500,19,6,1966,7422518
"Myrsine","Myrsine umbellata","Myrsine umbellata Mart.",-15.779722,-47.929444,NA,8,9,1977,7422518
"Myrsine","Myrsine umbellata","Myrsine umbellata Mart.",-15.779722,-47.929444,NA,10,12,1961,7422518
"Myrsine","Myrsine umbellata","Myrsine umbellata Mart.",-13.776667,-47.264444,NA,10,10,1979,7422518
"Myrsine","Myrsine umbellata","Myrsine umbellata Mart.",2.47,-51.02,NA,8,12,1984,7422518
"Myrsine","Myrsine umbellata","Myrsine umbellata Mart.",-16.070833,-57.678889,NA,30,10,1985,7422518
"Myrsine","Myrsine umbellata","Myrsine umbellata Mart.",-15.453056,-47.614167,NA,18,2,1975,7422518
"Myrsine","Myrsine umbellata","Myrsine umbellata Mart.",-14.499722,-39.115,NA,6,8,2005,7422518
"Myrsine","Myrsine umbellata","Myrsine umbellata Mart.",-16.78,-47.65,1180,5,4,1973,7422518
"Myrsine","Myrsine umbellata","Myrsine umbellata Mart.",-19.948056,-43.248611,1000,29,1,1970,7422518
"Myrsine","Myrsine umbellata","Myrsine umbellata Mart.",-17.12,-43.07,NA,14,2,1988,7422518
"Myrsine","Myrsine umbellata","Myrsine umbellata Mart.",-27.615556,-48.627222,1000,11,8,1960,7422518
"Myrsine","Myrsine umbellata","Myrsine umbellata Mart.",-12.563333,-41.389722,900,10,6,1981,7422518
"Myrsine","Myrsine umbellata","Myrsine umbellata Mart.",-22.973333,-43.249444,NA,NA,6,1960,7422518
"Myrsine","Myrsine umbellata","Myrsine umbellata Mart.",-27.126667,-48.910278,50,19,10,1950,7422518
"Myrsine","Myrsine umbellata","Myrsine umbellata Mart.",-30.033056,-51.23,NA,11,11,1989,7422518
"Myrsine","Myrsine umbellata","Myrsine umbellata Mart.",-25.42,-49.97,NA,31,5,1989,7422518
"Myrsine","Myrsine umbellata","Myrsine umbellata Mart.",-23.654444,-46.621944,NA,11,9,1981,7422518
"Myrsine","Myrsine umbellata","Myrsine umbellata Mart.",-13.755278,-47.516667,1000,13,3,1969,7422518
"Myrsine","Myrsine umbellata","Myrsine umbellata Mart.",-13.991389,-47.516667,1550,4,3,1973,7422518
"Myrsine","Myrsine umbellata","Myrsine umbellata Mart.",-15.779722,-47.929444,NA,22,6,1981,7422518
"Myrsine","Myrsine umbellata","Myrsine umbellata Mart.",-15.779722,-47.929444,NA,5,6,1978,7422518
"Myrsine","Myrsine umbellata","Myrsine umbellata Mart.",-19.513611,-43.744722,NA,23,5,1980,7422518
"Myrsine","Myrsine umbellata","Myrsine umbellata Mart.",-15.173611,-39.341667,NA,12,4,2007,7422518
"Myrsine","Myrsine umbellata","Myrsine umbellata Mart.",-17.1,-51.82,900,31,10,1964,7422518
"Myrsine","Myrsine umbellata","Myrsine umbellata Mart.",-14.585556,-48.45,750,22,1,1972,7422518
"Myrsine","Myrsine umbellata","Myrsine umbellata Mart.",-13.58,-41.45,NA,22,3,1980,7422518
"Myrsine","Myrsine umbellata","Myrsine umbellata Mart.",-12.47,-41.43,NA,27,5,1980,7422518
"Myrsine","Myrsine umbellata","Myrsine umbellata Mart.",-26.908056,-48.661667,250,4,8,1955,7422518
"Myrsine","Myrsine umbellata","Myrsine umbellata Mart.",-25.874444,-50.382778,NA,25,6,1969,7422518
"Myrsine","Myrsine umbellata","Myrsine umbellata Mart.",-25.520278,-48.509167,3.5,23,10,1967,7422518
"Myrsine","Myrsine umbellata","Myrsine umbellata Mart.",-22.9,-47.06,NA,NA,NA,NA,7422518
"Myrsine","Myrsine umbellata","Myrsine umbellata Mart.",-29.433333,-50.395556,830,3,6,1994,7422518
"Myrsine","Myrsine umbellata","Myrsine umbellata Mart.",-14.12,-42.48,NA,9,4,1980,7422518
"Myrsine","Myrsine umbellata","Myrsine umbellata Mart.",-23.723333,-51.096944,NA,8,6,1999,7422518
"Myrsine","Myrsine umbellata","Myrsine umbellata Mart.",-29.308889,-51.1675,150,26,1,2003,7422518
"Myrsine","Myrsine umbellata","Myrsine umbellata Mart.",-17.25,-51.8,950,26,6,1966,7422518
"Myrsine","Myrsine umbellata","Myrsine umbellata Mart.",-15.779722,-47.929444,NA,29,7,1965,7422518
"Myrsine","Myrsine umbellata","Myrsine umbellata Mart.",-15.779722,-47.929444,1025,14,7,1966,7422518
"Myrsine","Myrsine umbellata","Myrsine umbellata Mart.",-15.779722,-47.929444,NA,26,8,1965,7422518
"Myrsine","Myrsine umbellata","Myrsine umbellata Mart.",-21.923611,-46.385833,NA,11,7,1856,7422518
"Myrsine","Myrsine umbellata","Myrsine umbellata Mart.",-15.23,-47.55,NA,21,7,1966,7422518
"Myrsine","Myrsine umbellata","Myrsine umbellata Mart.",-18.090278,-43.432778,845,12,4,1973,7422518
"Myrsine","Myrsine umbellata","Myrsine umbellata Mart.",-20.177222,-40.922778,NA,18,7,2007,7422518
"Myrsine","Myrsine umbellata","Myrsine umbellata Mart.",-14.593056,-39.284444,NA,18,5,2000,7422518
"Myrsine","Myrsine umbellata","Myrsine umbellata Mart.",-12.6,-41.48,NA,25,5,1980,7422518
"Myrsine","Myrsine umbellata","Myrsine umbellata Mart.",-11.58,-41.2,NA,30,5,1980,7422518
"Myrsine","Myrsine umbellata","Myrsine umbellata Mart.",-22.496111,-44.563056,NA,NA,NA,1918,7422518
"Myrsine","Myrsine umbellata","Myrsine umbellata Mart.",-27.126667,-48.910278,50,23,8,1950,7422518
"Myrsine","Myrsine umbellata","Myrsine umbellata Mart.",-25.942222,-53.164167,NA,15,5,1966,7422518
"Myrsine","Myrsine umbellata","Myrsine umbellata Mart.",-24.75,-48.75,NA,6,12,1983,7422518
"Myrsine","Myrsine umbellata","Myrsine umbellata Mart.",-24.468056,-47.298889,NA,10,12,1981,7422518
"Myrsine","Myrsine umbellata","Myrsine umbellata Mart.",-29.448333,-50.583333,750,9,1,2000,7422518
"Myrsine","Myrsine umbellata","Myrsine umbellata Mart.",-16.956944,-51.810278,NA,25,10,1964,7422518
"Myrsine","Myrsine umbellata","Myrsine umbellata Mart.",-19.274444,-44.404167,NA,16,5,1955,7422518
"Myrsine","Myrsine umbellata","Myrsine umbellata Mart.",-21.923611,-46.385833,NA,28,9,1875,7422518
"Myrsine","Myrsine umbellata","Myrsine umbellata Mart.",-15.173611,-39.341667,NA,23,9,2006,7422518
"Myrsine","Myrsine umbellata","Myrsine umbellata Mart.",-8.435833,-35.504167,NA,17,8,2010,7422518
"Myrsine","Myrsine umbellata","Myrsine umbellata Mart.",-14.78,-39.03,NA,NA,NA,1984,7422518
"Myrsine","Myrsine umbellata","Myrsine umbellata Mart.",-27.15,-53.78,NA,12,11,1964,7422518
"Myrsine","Myrsine umbellata","Myrsine umbellata Mart.",-25.428611,-48.711667,NA,2,6,1982,7422518
"Myrsine","Myrsine umbellata","Myrsine umbellata Mart.",-22.955833,-43.274444,NA,3,6,1874,7422518
"Myrsine","Myrsine umbellata","Myrsine umbellata Mart.",-15.779722,-47.929444,NA,12,9,1964,7422518
"Myrsine","Myrsine umbellata","Myrsine umbellata Mart.",-15.779722,-47.929444,NA,10,10,1979,7422518
"Myrsine","Myrsine umbellata","Myrsine umbellata Mart.",-15.779722,-47.929444,NA,20,1,1980,7422518
"Myrsine","Myrsine umbellata","Myrsine umbellata Mart.",-17.314722,-53.215278,NA,15,2,1975,7422518
"Myrsine","Myrsine umbellata","Myrsine umbellata Mart.",-19.513611,-43.744722,NA,9,10,1981,7422518
"Myrsine","Myrsine umbellata","Myrsine umbellata Mart.",-15.198056,-39.397222,NA,15,9,2004,7422518
"Myrsine","Myrsine umbellata","Myrsine umbellata Mart.",-8.699167,-35.856111,NA,22,11,2011,7422518
"Myrsine","Myrsine umbellata","Myrsine umbellata Mart.",-25.824167,-49.073611,NA,15,8,2010,7422518
"Myrsine","Myrsine umbellata","Myrsine umbellata Mart.",-14.880833,-47.533333,1000,17,3,1971,7422518
"Myrsine","Myrsine umbellata","Myrsine umbellata Mart.",-18.666667,-46.8,NA,31,1,1970,7422518
"Myrsine","Myrsine umbellata","Myrsine umbellata Mart.",-14.593333,-39.284167,200,7,8,1980,7422518
"Myrsine","Myrsine umbellata","Myrsine umbellata Mart.",-26.304444,-48.845556,650,21,6,1957,7422518
"Myrsine","Myrsine umbellata","Myrsine umbellata Mart.",-25.190278,-49.314167,NA,30,4,1967,7422518
"Myrsine","Myrsine umbellata","Myrsine umbellata Mart.",-24.28,-49.28,NA,16,1,1965,7422518
"Myrsine","Myrsine umbellata","Myrsine umbellata Mart.",-22.25,-47.819722,NA,11,6,1979,7422518
"Myrsine","Myrsine umbellata","Myrsine umbellata Mart.",-29.168333,-51.179167,780,30,9,1999,7422518
"Myrsine","Myrsine umbellata","Myrsine umbellata Mart.",-15.159722,-39.039167,NA,NA,8,1834,7422518
"Myrsine","Myrsine umbellata","Myrsine umbellata Mart.",-15.58,-47.692778,1000,23,7,1966,7422518
"Myrsine","Myrsine umbellata","Myrsine umbellata Mart.",-23.654444,-46.621944,NA,15,9,1987,7422518
"Myrsine","Myrsine umbellata","Myrsine umbellata Mart.",-13.441111,-40.430556,NA,2,6,1993,7422518
"Myrsine","Myrsine umbellata","Myrsine umbellata Mart.",-13.686944,-39.479167,550,2,4,1993,7422518
"Myrsine","Myrsine umbellata","Myrsine umbellata Mart.",-10.685278,-37.425278,650,25,1,1992,7422518
"Myrsine","Myrsine umbellata","Myrsine umbellata Mart.",-21.981111,-42.368056,NA,10,2,1993,7422518
"Myrsine","Myrsine umbellata","Myrsine umbellata Mart.",-23.374722,-46.740833,NA,25,7,1945,7422518
"Myrsine","Myrsine umbellata","Myrsine umbellata Mart.",-29.168333,-51.179167,780,10,8,1999,7422518
"Myrsine","Myrsine umbellata","Myrsine umbellata Mart.",-20.588611,-47.408333,NA,NA,7,1834,7422518
"Myrsine","Myrsine umbellata","Myrsine umbellata Mart.",-12.022778,-41.225833,NA,12,3,2002,7422518
"Myrsine","Myrsine umbellata","Myrsine umbellata Mart.",-18.423333,-43.702778,1300,15,1,1969,7422518
"Myrsine","Myrsine umbellata","Myrsine umbellata Mart.",-15.779722,-47.929444,NA,21,10,1978,7422518
"Myrsine","Myrsine umbellata","Myrsine umbellata Mart.",-18.378056,-46.031667,NA,10,9,1963,7422518
"Myrsine","Myrsine umbellata","Myrsine umbellata Mart.",-16.956944,-51.810278,800,26,6,1966,7422518
"Myrsine","Myrsine umbellata","Myrsine umbellata Mart.",-15.173611,-39.341667,NA,14,5,2005,7422518
"Myrsine","Myrsine umbellata","Myrsine umbellata Mart.",-18.0165614,-49.3549728,NA,6,9,1976,7422518
"Myrsine","Myrsine umbellata","Myrsine umbellata Mart.",-14.5968026,-39.2843024,NA,18,5,2000,7422518
"Myrsine","Myrsine umbellata","Myrsine umbellata Mart.",-30.8550346,-51.8127136,8,27,11,1999,7422518
"Myrsine","Myrsine umbellata","Myrsine umbellata Mart.",-27.126635,-48.910147,50,19,10,1950,7422518
"Myrsine","Myrsine umbellata","Myrsine umbellata Mart.",-26.3082961,-48.8461717,650,21,6,1957,7422518
"Myrsine","Myrsine umbellata","Myrsine umbellata Mart.",-23.5441636,-46.6304064,NA,NA,NA,NA,7422518
"Myrsine","Myrsine umbellata","Myrsine umbellata Mart.",-20.761343,-42.868031,NA,23,2,1959,7422518
"Myrsine","Myrsine umbellata","Myrsine umbellata Mart.",-25.08,-47.93,6,NA,NA,NA,7422518
"Myrsine","Myrsine umbellata","Myrsine umbellata Mart.",-23.390833,-49.377778,NA,14,6,1995,7422518
"Myrsine","Myrsine umbellata","Myrsine umbellata Mart.",-24.687744,-48.777783,NA,27,4,2014,7422518
"Myrsine","Myrsine umbellata","Myrsine umbellata Mart.",-15.958889,-47.894722,NA,13,11,1989,7422518
"Myrsine","Myrsine umbellata","Myrsine umbellata Mart.",-23.448528,-46.648417,790,9,11,2012,7422518
"Myrsine","Myrsine umbellata","Myrsine umbellata Mart.",-17.74166,-63.2,500,NA,NA,NA,7422518
"Myrsine","Myrsine umbellata","Myrsine umbellata Mart.",-16.55,-42.86666,1000,28,5,1988,7422518
"Myrsine","Myrsine umbellata","Myrsine umbellata Mart.",-26.033333,-57.4,NA,22,12,1993,7422518
"Myrsine","Myrsine umbellata","Myrsine umbellata Mart.",-17.416667,-63.666667,315,31,10,1990,7422518
"Myrsine","Myrsine umbellata","Myrsine umbellata Mart.",-15.202778,-39.408056,650,17,3,2005,7422518
"Myrsine","Myrsine umbellata","Myrsine umbellata Mart.",-23.63333,-45.86666,920,27,6,1986,7422518
"Myrsine","Myrsine umbellata","Myrsine umbellata Mart.",-10.693,-40.37916,1200,10,4,2001,7422518
"Myrsine","Myrsine umbellata","Myrsine umbellata Mart.",-29.208905,-51.053712,780,11,3,2005,7422518
"Myrsine","Myrsine umbellata","Myrsine umbellata Mart.",-29.161667,-51.180833,783,15,10,1999,7422518
"Myrsine","Myrsine umbellata","Myrsine umbellata Mart.",-29.161667,-51.180833,783,24,1,2002,7422518
"Myrsine","Myrsine umbellata","Myrsine umbellata Mart.",-26.05,-56.83333,NA,27,1,1989,7422518
"Myrsine","Myrsine umbellata","Myrsine umbellata Mart.",-14.81666,-66.33333,250,4,11,1985,7422518
"Myrsine","Myrsine umbellata","Myrsine umbellata Mart.",-26.06666,-56.8,300,31,10,1989,7422518
"Myrsine","Myrsine umbellata","Myrsine umbellata Mart.",-26.05,-56.83333,NA,18,3,1989,7422518
"Myrsine","Myrsine umbellata","Myrsine umbellata Mart.",-25.283333,-49.216667,NA,19,11,2003,7422518
"Myrsine","Myrsine umbellata","Myrsine umbellata Mart.",-25.283333,-49.216667,NA,1,1,2004,7422518
"Myrsine","Myrsine umbellata","Myrsine umbellata Mart.",-25.283333,-49.216667,NA,15,1,2004,7422518
"Myrsine","Myrsine umbellata","Myrsine umbellata Mart.",-25.283333,-49.216667,NA,16,9,2004,7422518
"Myrsine","Myrsine umbellata","Myrsine umbellata Mart.",-25.385278,-49.273611,945,2,9,2010,7422518
"Myrsine","Myrsine umbellata","Myrsine umbellata Mart.",-25.824167,-49.073611,850,7,9,2010,7422518
"Myrsine","Myrsine umbellata","Myrsine umbellata Mart.",-24.133333,-49.633333,850,25,9,2009,7422518
"Myrsine","Myrsine umbellata","Myrsine umbellata Mart.",-24.533333,-50.283333,1100,27,9,2008,7422518
"Myrsine","Myrsine umbellata","Myrsine umbellata Mart.",-24.237778,-49.7225,NA,1,10,2014,7422518
"Myrsine","Myrsine umbellata","Myrsine umbellata Mart.",-22.4081668,-49.7004159,NA,NA,NA,NA,7422518
"Myrsine","Myrsine umbellata","Myrsine umbellata Mart.",-22.9273765,-46.8684979,NA,NA,NA,2001,7422518
"Myrsine","Myrsine umbellata","Myrsine umbellata Mart.",-22.804575,-46.8992977,NA,NA,NA,2001,7422518
"Myrsine","Myrsine umbellata","Myrsine umbellata Mart.",-22.6404655,-50.4304212,NA,NA,NA,2011,7422518
"Myrsine","Myrsine umbellata","Myrsine umbellata Mart.",-22.7526738,-46.9353998,NA,NA,NA,2001,7422518
"Myrsine","Myrsine umbellata","Myrsine umbellata Mart.",-23.8596775,-46.7406998,NA,NA,NA,1998,7422518
"Myrsine","Myrsine umbellata","Myrsine umbellata Mart.",-22.8571743,-47.6273037,NA,NA,NA,NA,7422518
"Myrsine","Myrsine umbellata","Myrsine umbellata Mart.",-22.9085753,-46.9153011,NA,NA,NA,2001,7422518
"Myrsine","Myrsine umbellata","Myrsine umbellata Mart.",-22.7949749,-46.9375979,NA,NA,NA,2001,7422518
"Myrsine","Myrsine umbellata","Myrsine umbellata Mart.",-22.9171754,-46.8836999,NA,NA,NA,2000,7422518
"Myrsine","Myrsine umbellata","Myrsine umbellata Mart.",-23.5810788,-46.7270008,NA,NA,NA,1986,7422518
"Myrsine","Myrsine umbellata","Myrsine umbellata Mart.",-22.6404655,-50.4304212,NA,NA,NA,NA,7422518
"Myrsine","Myrsine umbellata","Myrsine umbellata Mart.",-23.2171809,-45.0336861,NA,NA,NA,2004,7422518
"Myrsine","Myrsine umbellata","Myrsine umbellata Mart.",-23.3450846,-48.4631767,NA,NA,NA,NA,7422518
"Myrsine","Myrsine umbellata","Myrsine umbellata Mart.",-22.4082398,-49.7006539,NA,NA,NA,NA,7422518
"Myrsine","Myrsine umbellata","Myrsine umbellata Mart.",-22.7864737,-47.0059994,NA,NA,NA,2001,7422518
"Myrsine","Myrsine umbellata","Myrsine umbellata Mart.",-22.9154764,-46.8642978,NA,NA,NA,2001,7422518
"Myrsine","Myrsine umbellata","Myrsine umbellata Mart.",-21.3265663,-48.2179023,NA,NA,NA,NA,7422518
"Myrsine","Myrsine umbellata","Myrsine umbellata Mart.",-21.154667,-48.096002,NA,NA,NA,NA,7422518
"Myrsine","Myrsine umbellata","Myrsine umbellata Mart.",-24.0557758,-47.9935089,NA,NA,NA,2001,7422518
"Myrsine","Myrsine umbellata","Myrsine umbellata Mart.",-23.2235813,-45.310989,NA,NA,NA,NA,7422518
"Myrsine","Myrsine umbellata","Myrsine umbellata Mart.",-25.0785697,-47.9318178,NA,NA,NA,NA,7422518
"Myrsine","Myrsine umbellata","Myrsine umbellata Mart.",-23.8937724,-48.701513,NA,NA,NA,NA,7422518
"Myrsine","Myrsine umbellata","Myrsine umbellata Mart.",-22.8324761,-46.9167999,NA,NA,NA,2000,7422518
"Myrsine","Myrsine umbellata","Myrsine umbellata Mart.",-23.2837811,-45.0503864,NA,NA,NA,2004,7422518
"Myrsine","Myrsine umbellata","Myrsine umbellata Mart.",-22.8731752,-46.9027999,NA,NA,NA,2000,7422518
"Myrsine","Myrsine umbellata","Myrsine umbellata Mart.",-22.831274,-46.934798,NA,NA,NA,2000,7422518
"Myrsine","Myrsine umbellata","Myrsine umbellata Mart.",-21.9801728,-46.7456953,NA,NA,NA,NA,7422518
"Myrsine","Myrsine umbellata","Myrsine umbellata Mart.",-22.826876,-46.940001,NA,NA,NA,2000,7422518
"Myrsine","Myrsine umbellata","Myrsine umbellata Mart.",-23.3562828,-44.8511862,NA,NA,NA,NA,7422518
"Myrsine","Myrsine umbellata","Myrsine umbellata Mart.",-15.7834208,-47.9298727,NA,26,8,1965,7422518
"Myrsine","Myrsine umbellata","Myrsine umbellata Mart.",-27.1069827,-53.4025961,550,1,1,1957,7422518
"Myrsine","Myrsine umbellata","Myrsine umbellata Mart.",-26.821667,-49.77,701,21,6,2010,7422518
"Myrsine","Myrsine umbellata","Myrsine umbellata Mart.",-27.539167,-49.211111,809,20,5,2009,7422518
"Myrsine","Myrsine umbellata","Myrsine umbellata Mart.",-10.688909,-37.4250835,650,25,1,1992,7422518
"Myrsine","Myrsine umbellata","Myrsine umbellata Mart.",-24.254964,-49.7062215,NA,22,11,1990,7422518
"Myrsine","Myrsine umbellata","Myrsine umbellata Mart.",-20.588552,-47.408394,NA,NA,7,1834,7422518
"Myrsine","Myrsine umbellata","Myrsine umbellata Mart.",-15.7834208,-47.9298727,NA,10,12,1961,7422518
"Myrsine","Myrsine umbellata","Myrsine umbellata Mart.",-15.2647,-40.5747,NA,14,11,1996,7422518
"Myrsine","Myrsine umbellata","Myrsine umbellata Mart.",-8.4357,-35.5041,NA,17,8,2010,7422518
"Myrsine","Myrsine umbellata","Myrsine umbellata Mart.",-29.308783,-51.167635,150,26,1,2003,7422518
"Myrsine","Myrsine umbellata","Myrsine umbellata Mart.",-25.8782837,-50.383477,NA,25,6,1969,7422518
"Myrsine","Myrsine umbellata","Myrsine umbellata Mart.",-29.937222,-51.039167,NA,26,9,2020,7422518
"Myrsine","Myrsine umbellata","Myrsine umbellata Mart.",-24,-49,NA,3,10,2017,7422518
"Myrsine","Myrsine umbellata","Myrsine umbellata Mart.",-21.838889,-46.564722,NA,26,8,1980,7422518
"Myrsine","Myrsine umbellata","Myrsine umbellata Mart.",-17.433333,-63.533333,310,22,10,1990,7422518
"Myrsine","Myrsine umbellata","Myrsine umbellata Mart.",-9.252091,-36.440422,NA,20,5,2014,7422518
"Myrsine","Myrsine umbellata","Myrsine umbellata Mart.",-29.433343,-50.395632,830,3,6,1994,7422518
"Myrsine","Myrsine umbellata","Myrsine umbellata Mart.",-8.405,-36,NA,25,5,1995,7422518
"Myrsine","Myrsine umbellata","Myrsine umbellata Mart.",-16.6823358,-49.254462,NA,16,3,1978,7422518
"Myrsine","Myrsine umbellata","Myrsine umbellata Mart.",-15.4568147,-47.6146512,NA,18,2,1975,7422518
"Myrsine","Myrsine umbellata","Myrsine umbellata Mart.",-18.4002,-43.6791,1300,16,1,1969,7422518
"Myrsine","Myrsine umbellata","Myrsine umbellata Mart.",-15.808,-48.025,NA,13,7,1966,7422518
"Myrsine","Myrsine umbellata","Myrsine umbellata Mart.",-25.8242,-49.0736,NA,15,8,2010,7422518
"Myrsine","Myrsine umbellata","Myrsine umbellata Mart.",-25.8782837,-50.383477,NA,27,2,1929,7422518
"Myrsine","Myrsine umbellata","Myrsine umbellata Mart.",-17.402222,-50.060278,490,2,8,2012,7422518
"Myrsine","Myrsine umbellata","Myrsine umbellata Mart.",-17.404444,-50.055556,450,3,8,2012,7422518
"Myrsine","Myrsine umbellata","Myrsine umbellata Mart.",-17.688333,-50.08,472,23,9,2012,7422518
"Myrsine","Myrsine umbellata","Myrsine umbellata Mart.",-17.687222,-50.080278,470,16,8,2012,7422518
"Myrsine","Myrsine umbellata","Myrsine umbellata Mart.",-16.02,-55.08,NA,4,6,2018,7422518
"Myrsine","Myrsine umbellata","Myrsine umbellata Mart.",-15.66,-55.62,NA,11,6,2018,7422518
"Myrsine","Myrsine umbellata","Myrsine umbellata Mart.",-14.164722,-47.632778,NA,8,2,2002,7422518
"Myrsine","Myrsine umbellata","Myrsine umbellata Mart.",-15.951667,-47.966389,NA,26,4,2019,7422518
"Myrsine","Myrsine umbellata","Myrsine umbellata Mart.",-14.58,-54.36,NA,2,7,2018,7422518
"Myrsine","Myrsine umbellata","Myrsine umbellata Mart.",-17.410833,-50.053333,472,2,8,2012,7422518
"Myrsine","Myrsine umbellata","Myrsine umbellata Mart.",-17.733056,-50.094167,512,5,10,2012,7422518
"Myrsine","Myrsine umbellata","Myrsine umbellata Mart.",-17.28,-53.999722,NA,14,4,2018,7422518
"Myrsine","Myrsine umbellata","Myrsine umbellata Mart.",-13.86,-57.78,NA,10,10,2018,7422518
"Myrsine","Myrsine umbellata","Myrsine umbellata Mart.",-13.86,-55.62,NA,15,8,2018,7422518
"Myrsine","Myrsine umbellata","Myrsine umbellata Mart.",-17.721944,-50.079722,465,10,10,2012,7422518
"Myrsine","Myrsine umbellata","Myrsine umbellata Mart.",-17.704444,-50.080556,481,15,8,2012,7422518
"Myrsine","Myrsine umbellata","Myrsine umbellata Mart.",-18.426111,-50.133056,462,19,6,2016,7422518
"Myrsine","Myrsine umbellata","Myrsine umbellata Mart.",-16.38,-52.92,NA,29,3,2018,7422518
"Myrsine","Myrsine umbellata","Myrsine umbellata Mart.",-17.786111,-50.100278,490,16,8,2012,7422518
"Myrsine","Myrsine umbellata","Myrsine umbellata Mart.",-14.174444,-47.610278,1164,12,12,2001,7422518
"Myrsine","Myrsine umbellata","Myrsine umbellata Mart.",-15.731944,-47.926667,NA,21,7,2004,7422518
"Myrsine","Myrsine umbellata","Myrsine umbellata Mart.",-15.75,-47.75,NA,12,9,1964,7422518
"Myrsine","Myrsine umbellata","Myrsine umbellata Mart.",-18,-44,NA,NA,NA,NA,7422518
"Myrsine","Myrsine umbellata","Myrsine umbellata Mart.",-12,-48,NA,21,7,1966,7422518
"Myrsine","Myrsine umbellata","Myrsine umbellata Mart.",-30,-54,NA,8,7,1986,7422518
"Myrsine","Myrsine umbellata","Myrsine umbellata Mart.",-18,-44,NA,10,6,1864,7422518
"Myrsine","Myrsine umbellata","Myrsine umbellata Mart.",-30,-54,NA,12,5,1959,7422518
"Myrsine","Myrsine umbellata","Myrsine umbellata Mart.",-22,-49,NA,15,10,1983,7422518
"Myrsine","Myrsine umbellata","Myrsine umbellata Mart.",-12,-57,NA,26,6,1977,7422518
"Myrsine","Myrsine umbellata","Myrsine umbellata Mart.",-22,-49,NA,6,5,1984,7422518
"Myrsine","Myrsine umbellata","Myrsine umbellata Mart.",-30,-54,NA,6,6,1978,7422518
"Myrsine","Myrsine umbellata","Myrsine umbellata Mart.",-12,-48,NA,26,6,1966,7422518
"Myrsine","Myrsine umbellata","Myrsine umbellata Mart.",-11,-42,NA,NA,NA,1843,7422518
"Myrsine","Myrsine umbellata","Myrsine umbellata Mart.",-22,-42.5,NA,3,6,1990,7422518
"Myrsine","Myrsine umbellata","Myrsine umbellata Mart.",-22,-49,NA,11,6,1979,7422518
"Myrsine","Myrsine umbellata","Myrsine umbellata Mart.",-12,-48,NA,NA,NA,1816,7422518
"Myrsine","Myrsine umbellata","Myrsine umbellata Mart.",-18,-44,NA,23,2,1959,7422518
"Myrsine","Myrsine umbellata","Myrsine umbellata Mart.",-10.8339,-52.8731,NA,NA,NA,NA,7422518
"Myrsine","Myrsine umbellata","Myrsine umbellata Mart.",-30,-54,NA,21,4,1977,7422518
"Myrsine","Myrsine umbellata","Myrsine umbellata Mart.",-25.814722,-49.689444,415,19,6,2013,7422518
"Myrsine","Myrsine umbellata","Myrsine umbellata Mart.",-23.76,-50.76,NA,27,1,2015,7422518
"Myrsine","Myrsine umbellata","Myrsine umbellata Mart.",-18,-44,NA,9,8,1937,7422518
"Myrsine","Myrsine umbellata","Myrsine umbellata Mart.",-23.2025,-58.1689,NA,NA,5,1932,7422518
"Myrsine","Myrsine umbellata","Myrsine umbellata Mart.",-18,-44,NA,29,7,1976,7422518
"Myrsine","Myrsine umbellata","Myrsine umbellata Mart.",-22,-42.5,NA,2,3,1948,7422518
"Myrsine","Myrsine umbellata","Myrsine umbellata Mart.",-5,-63,NA,24,10,1978,7422518
"Myrsine","Myrsine umbellata","Myrsine umbellata Mart.",-18,-44,NA,2,8,1995,7422518
"Myrsine","Myrsine umbellata","Myrsine umbellata Mart.",-22,-49,NA,1,4,1941,7422518
"Myrsine","Myrsine umbellata","Myrsine umbellata Mart.",-15.75,-47.75,NA,17,9,1965,7422518
"Myrsine","Myrsine umbellata","Myrsine umbellata Mart.",-21.728389,-44.961889,1050,18,7,2014,7422518
"Myrsine","Myrsine umbellata","Myrsine umbellata Mart.",-23.805861,-46.11865,NA,5,4,2021,7422518
"Myrsine","Myrsine umbellata","Myrsine umbellata Mart.",-21.728389,-44.9618,1050,20,11,2014,7422518
"Myrsine","Myrsine umbellata","Myrsine umbellata Mart.",-25.610278,-48.854722,NA,23,7,2014,7422518
"Myrsine","Myrsine umbellata","Myrsine umbellata Mart.",-27.113333,-49.193611,747,21,8,2014,7422518
"Myrsine","Myrsine umbellata","Myrsine umbellata Mart.",-24.565,-50.538056,451,11,9,2018,7422518
"Myrsine","Myrsine umbellata","Myrsine umbellata Mart.",-23.521944,-52.576944,NA,11,9,2014,7422518
"Myrsine","Myrsine umbellata","Myrsine umbellata Mart.",-27.450278,-49.230556,850,5,11,2009,7422518
"Myrsine","Myrsine umbellata","Myrsine umbellata Mart.",-26.819722,-52.470278,700,24,3,2009,7422518
"Myrsine","Myrsine umbellata","Myrsine umbellata Mart.",-26.905556,-49.079167,NA,27,5,2006,7422518
"Myrsine","Myrsine umbellata","Myrsine umbellata Mart.",-26.2275,-49.345,NA,4,5,2010,7422518
"Myrsine","Myrsine umbellata","Myrsine umbellata Mart.",-26.91,-50.220278,786,22,2,2010,7422518
"Myrsine","Myrsine umbellata","Myrsine umbellata Mart.",-27.45,-49.32,761,14,9,2009,7422518
"Myrsine","Myrsine umbellata","Myrsine umbellata Mart.",-28.979444,-49.859167,311,26,9,2009,7422518
"Myrsine","Myrsine umbellata","Myrsine umbellata Mart.",-27.629444,-51.301944,749,15,12,2008,7422518
"Myrsine","Myrsine umbellata","Myrsine umbellata Mart.",-27.135,-52.289722,720,27,1,2009,7422518
"Myrsine","Myrsine umbellata","Myrsine umbellata Mart.",-27.000278,-50.220556,893,15,9,2010,7422518
"Myrsine","Myrsine umbellata","Myrsine umbellata Mart.",-26.999444,-50.129444,808,14,8,2010,7422518
"Myrsine","Myrsine umbellata","Myrsine umbellata Mart.",-28.89,-49.86,380,13,10,2009,7422518
"Myrsine","Myrsine umbellata","Myrsine umbellata Mart.",-27.360556,-49.410556,895,21,10,2009,7422518
"Myrsine","Myrsine umbellata","Myrsine umbellata Mart.",-27.181389,-49.231389,533,27,10,2009,7422518
"Myrsine","Myrsine umbellata","Myrsine umbellata Mart.",-24.106111,-52.325278,605,29,6,2007,7422518
"Myrsine","Myrsine umbellata","Myrsine umbellata Mart.",-27.056667,-49.087778,8,17,11,2001,7422518
"Myrsine","Myrsine umbellata","Myrsine umbellata Mart.",-24.100556,-50.706944,520,NA,12,2011,7422518
"Myrsine","Myrsine umbellata","Myrsine umbellata Mart.",-27.157778,-49.738889,556,1,11,2006,7422518
"Myrsine","Myrsine umbellata","Myrsine umbellata Mart.",-28.98,-49.86,108,4,8,2009,7422518
"Myrsine","Myrsine umbellata","Myrsine umbellata Mart.",-28.355833,-49.5,341,10,8,2009,7422518
"Myrsine","Myrsine umbellata","Myrsine umbellata Mart.",-27.45,-49.32,500,12,8,2009,7422518
"Myrsine","Myrsine umbellata","Myrsine umbellata Mart.",-27.63,-48.87,39,13,8,2009,7422518
"Myrsine","Myrsine umbellata","Myrsine umbellata Mart.",-27.867778,-49.044167,699,14,8,2009,7422518
"Myrsine","Myrsine umbellata","Myrsine umbellata Mart.",-25.253611,-50.001111,NA,15,8,1990,7422518
"Myrsine","Myrsine umbellata","Myrsine umbellata Mart.",-26.883333,-49.203611,59,1,6,2004,7422518
"Myrsine","Myrsine umbellata","Myrsine umbellata Mart.",-28.71,-49.77,311,23,11,2009,7422518
"Myrsine","Myrsine umbellata","Myrsine umbellata Mart.",-26.55,-49.41,914,13,7,2010,7422518
"Myrsine","Myrsine umbellata","Myrsine umbellata Mart.",-26.381389,-50.580278,NA,9,10,2022,7422518
"Myrsine","Myrsine umbellata","Myrsine umbellata Mart.",-26.1175,-48.6025,NA,30,7,1992,7422518
"Myrsine","Myrsine umbellata","Myrsine umbellata Mart.",-21.266667,-47.3,NA,15,7,1985,7422518
"Myrsine","Myrsine umbellata","Myrsine umbellata Mart.",-23.3,-50.966667,NA,27,9,1997,7422518
"Myrsine","Myrsine umbellata","Myrsine umbellata Mart.",-19.234167,-43.518611,1285,16,6,2007,7422518
"Myrsine","Myrsine umbellata","Myrsine umbellata Mart.",-19.268056,-43.546667,1229,16,6,2007,7422518
"Myrsine","Myrsine umbellata","Myrsine umbellata Mart.",-19.255556,-43.5525,1353,30,5,2010,7422518
"Myrsine","Myrsine umbellata","Myrsine umbellata Mart.",-27.149444,-48.601944,3,16,9,2009,7422518
"Myrsine","Myrsine umbellata","Myrsine umbellata Mart.",-27.268611,-49.051944,874,30,6,2009,7422518
"Myrsine","Myrsine umbellata","Myrsine umbellata Mart.",-26.905556,-49.079167,38,25,8,2006,7422518
"Myrsine","Myrsine umbellata","Myrsine umbellata Mart.",-28.9525,-49.423333,5,12,11,2014,7422518
"Myrsine","Myrsine umbellata","Myrsine umbellata Mart.",-27.055833,-52.468611,450,1,6,2009,7422518
"Myrsine","Myrsine umbellata","Myrsine umbellata Mart.",-27.906667,-49.165,782,17,6,2009,7422518
"Myrsine","Myrsine umbellata","Myrsine umbellata Mart.",-26.304444,-49.150833,640,24,10,2011,7422518
"Myrsine","Myrsine umbellata","Myrsine umbellata Mart.",-26.614444,-50.038333,NA,11,4,2005,7422518
"Myrsine","Myrsine umbellata","Myrsine umbellata Mart.",-15.536111,-47.450556,977,15,9,2010,7422518
"Myrsine","Myrsine umbellata","Myrsine umbellata Mart.",-27.18,-49.68,623,15,8,2023,7422518
"Myrsine","Myrsine umbellata","Myrsine umbellata Mart.",-27.359722,-49.32,598,22,9,2009,7422518
"Myrsine","Myrsine umbellata","Myrsine umbellata Mart.",-28.08,-48.87,517,15,6,2010,7422518
"Myrsine","Myrsine umbellata","Myrsine umbellata Mart.",-27.334444,-49.942222,616,31,7,2008,7422518
"Myrsine","Myrsine umbellata","Myrsine umbellata Mart.",-27.633333,-51.162778,745,1,10,2021,7422518
"Myrsine","Myrsine umbellata","Myrsine umbellata Mart.",-27.0925,-52.332778,866,12,12,2008,7422518
"Myrsine","Myrsine umbellata","Myrsine umbellata Mart.",-27,-52.2,874,24,1,2009,7422518
"Myrsine","Myrsine umbellata","Myrsine umbellata Mart.",-27.540278,-48.689444,NA,19,7,2018,7422518
"Myrsine","Myrsine umbellata","Myrsine umbellata Mart.",-27.000278,-50.129444,812,24,2,2010,7422518
"Myrsine","Myrsine umbellata","Myrsine umbellata Mart.",-28.8,-49.86,360,14,1,2015,7422518
"Myrsine","Myrsine umbellata","Myrsine umbellata Mart.",-26.999444,-48.960278,92,11,9,2014,7422518
"Myrsine","Myrsine umbellata","Myrsine umbellata Mart.",-27.315,-51.93,511,25,11,2008,7422518
"Myrsine","Myrsine umbellata","Myrsine umbellata Mart.",-28.35,-49.499722,449,19,2,2010,7422518
"Myrsine","Myrsine umbellata","Myrsine umbellata Mart.",-26.803889,-48.594722,NA,25,6,2008,7422518
"Myrsine","Myrsine umbellata","Myrsine umbellata Mart.",-22.449722,-48.958333,630,4,11,2020,7422518
"Myrsine","Myrsine umbellata","Myrsine umbellata Mart.",-25.41666,-57.11666,NA,26,1,1989,7422518
"Myrsine","Myrsine umbellata","Myrsine umbellata Mart.",-27.061667,-52.445833,NA,10,5,2012,7422518
"Myrsine","Myrsine umbellata","Myrsine umbellata Mart.",-25.052222,-53.400833,NA,12,12,2018,7422518
"Myrsine","Myrsine umbellata","Myrsine umbellata Mart.",-25.500833,-53.669722,250,25,6,2018,7422518
"Myrsine","Myrsine umbellata","Myrsine umbellata Mart.",-25.551111,-53.515556,283,19,3,2018,7422518
"Myrsine","Myrsine umbellata","Myrsine umbellata Mart.",-30.0370295,-51.2307648,NA,11,11,1989,7422518
"Myrsine","Myrsine umbellata","Myrsine umbellata Mart.",-18.4261,-43.6772,NA,15,7,2006,7422518
"Myrsine","Myrsine umbellata","Myrsine umbellata Mart.",-21.316667,-44.983333,NA,NA,NA,NA,7422518
"Myrsine","Myrsine umbellata","Myrsine umbellata Mart.",-19.785278,-63.239444,835,9,2,2017,7422518
"Myrsine","Myrsine umbellata","Myrsine umbellata Mart.",-25.416667,-56.666667,NA,8,2,1989,7422518
"Myrsine","Myrsine umbellata","Myrsine umbellata Mart.",-18.10833,-63.95,NA,NA,NA,NA,7422518
"Myrsine","Myrsine umbellata","Myrsine umbellata Mart.",-18.10833,-63.95,1760,NA,NA,NA,7422518
"Myrsine","Myrsine umbellata","Myrsine umbellata Mart.",-25.5,-56.83333,NA,7,7,1990,7422518
"Myrsine","Myrsine umbellata","Myrsine umbellata Mart.",-25.833333,-55.55,NA,NA,3,1932,7422518
"Myrsine","Myrsine umbellata","Myrsine umbellata Mart.",-16.2,-67.833333,NA,19,10,1982,7422518
"Myrsine","Myrsine umbellata","Myrsine umbellata Mart.",-21.9274384,-46.3861849,NA,28,9,1875,7422518
"Myrsine","Myrsine umbellata","Myrsine umbellata Mart.",-15.1736,-39.3417,NA,5,8,2006,7422518
"Myrsine","Myrsine umbellata","Myrsine umbellata Mart.",-15.7834208,-47.9298727,NA,29,10,1976,7422518
"Myrsine","Myrsine umbellata","Myrsine umbellata Mart.",-18.17,-63.73,NA,15,2,1998,7422518
"Myrsine","Myrsine umbellata","Myrsine umbellata Mart.",-9.252501,-36.440132,NA,20,5,2014,7422518
"Myrsine","Myrsine umbellata","Myrsine umbellata Mart.",-15.7834208,-47.9298727,NA,20,1,1980,7422518
"Myrsine","Myrsine umbellata","Myrsine umbellata Mart.",-15.7834208,-47.9298727,NA,8,9,1977,7422518
"Myrsine","Myrsine umbellata","Myrsine umbellata Mart.",-13.75517,-47.51669,1000,13,3,1969,7422518
"Myrsine","Myrsine umbellata","Myrsine umbellata Mart.",-19.5174009,-43.744901,NA,23,5,1980,7422518
"Myrsine","Myrsine umbellata","Myrsine umbellata Mart.",-12.5669562,-41.3897406,900,10,6,1981,7422518
"Myrsine","Myrsine umbellata","Myrsine umbellata Mart.",-18.2531773,-43.6004898,NA,6,6,1955,7422518
"Myrsine","Myrsine umbellata","Myrsine umbellata Mart.",-17.45,-63.516667,NA,7,11,1990,7422518
"Myrsine","Myrsine umbellata","Myrsine umbellata Mart.",-20.795555,-42.847222,650,15,1,2001,7422518
"Myrsine","Myrsine umbellata","Myrsine umbellata Mart.",-20.795555,-42.847222,650,11,1,2010,7422518
"Myrsine","Myrsine umbellata","Myrsine umbellata Mart.",-22.650556,-57.535833,150,16,9,1994,7422518
"Myrsine","Myrsine umbellata","Myrsine umbellata Mart.",-22.655556,-55.9825,255,13,10,1994,7422518
"Myrsine","Myrsine umbellata","Myrsine umbellata Mart.",-18.494722,-63.743055,1475,18,8,2012,7422518
"Myrsine","Myrsine umbellata","Myrsine umbellata Mart.",-18.869444,-63.9575,1388,25,1,2013,7422518
"Myrsine","Myrsine umbellata","Myrsine umbellata Mart.",-29.1722202,-51.1799547,780,30,9,1999,7422518
"Myrsine","Myrsine umbellata","Myrsine umbellata Mart.",-15.1736,-39.3417,NA,23,9,2006,7422518
"Myrsine","Myrsine umbellata","Myrsine umbellata Mart.",-29.433343,-50.395632,800,17,8,1996,7422518
"Myrsine","Myrsine umbellata","Myrsine umbellata Mart.",-15.7834208,-47.9298727,NA,7,11,1977,7422518
"Myrsine","Myrsine umbellata","Myrsine umbellata Mart.",-14.345,-39.0885,NA,4,8,2002,7422518
"Myrsine","Myrsine umbellata","Myrsine umbellata Mart.",-8.405,-36,NA,23,4,1994,7422518
"Myrsine","Myrsine umbellata","Myrsine umbellata Mart.",-22.9038525,-47.060434,NA,NA,NA,NA,7422518
"Myrsine","Myrsine umbellata","Myrsine umbellata Mart.",-29.433343,-50.395632,800,20,5,1995,7422518
"Myrsine","Myrsine umbellata","Myrsine umbellata Mart.",-8.405,-36,NA,9,10,1994,7422518
"Myrsine","Myrsine umbellata","Myrsine umbellata Mart.",-12.8536,-39.4758,NA,24,2,2000,7422518
"Myrsine","Myrsine umbellata","Myrsine umbellata Mart.",-29.1722202,-51.1799547,780,10,8,1999,7422518
"Myrsine","Myrsine umbellata","Myrsine umbellata Mart.",-14.58557,-48.45,750,22,1,1972,7422518
"Myrsine","Myrsine umbellata","Myrsine umbellata Mart.",-23.654505,-46.621883,NA,15,9,1987,7422518
"Myrsine","Myrsine umbellata","Myrsine umbellata Mart.",-20.920833,-56.675833,644,3,12,2010,7422518
"Myrsine","Myrsine umbellata","Myrsine umbellata Mart.",-16.071111,-57.679167,NA,28,8,2018,7422518
"Myrsine","Myrsine umbellata","Myrsine umbellata Mart.",1.736837,98.785112,NA,NA,NA,NA,7422518
"Myrsine","Myrsine umbellata","Myrsine umbellata Mart.",0.961884,114.55485,NA,NA,NA,NA,7422518
"Myrsine","Myrsine umbellata","Myrsine umbellata Mart.",-14.36111,-67.40388,230,7,6,2006,7422518
"Myrsine","Myrsine umbellata","Myrsine umbellata Mart.",-17.74166,-63.2,320,NA,NA,NA,7422518
"Myrsine","Myrsine umbellata","Myrsine umbellata Mart.",-18.10833,-63.95,275,NA,NA,NA,7422518
"Myrsine","Myrsine umbellata","Myrsine umbellata Mart.",-25.13333,-57.3,NA,18,11,1989,7422518
"Myrsine","Myrsine umbellata","Myrsine umbellata Mart.",-17.66555,-63.44416,418,4,11,2006,7422518
"Myrsine","Myrsine umbellata","Myrsine umbellata Mart.",-25.91666,-56.25,NA,28,5,1989,7422518
"Myrsine","Myrsine umbellata","Myrsine umbellata Mart.",-19.31138,-64.08972,1648,14,12,2004,7422518
"Myrsine","Myrsine umbellata","Myrsine umbellata Mart.",-18.256944,-63.693333,1427,11,11,2005,7422518
"Myrsine","Myrsine umbellata","Myrsine umbellata Mart.",-18.705833,-50.468333,450,8,7,2008,7422518
"Myrsine","Myrsine umbellata","Myrsine umbellata Mart.",-16.445,-52.306944,644,28,8,2009,7422518
"Myrsine","Myrsine umbellata","Myrsine umbellata Mart.",-11.793333,-46.765556,NA,25,5,2009,7422518
"Myrsine","Myrsine umbellata","Myrsine umbellata Mart.",-18.135833,-51.086944,546,9,8,2007,7422518
"Myrsine","Myrsine umbellata","Myrsine umbellata Mart.",-25.413056,-53.060278,NA,25,1,2010,7422518
"Myrsine","Myrsine umbellata","Myrsine umbellata Mart.",-25.431111,-53.055,NA,28,9,2015,7422518
"Myrsine","Myrsine umbellata","Myrsine umbellata Mart.",-25.431111,-53.055,NA,18,9,2014,7422518
"Myrsine","Myrsine umbellata","Myrsine umbellata Mart.",-24.62161,-51.16034,1144,17,10,2014,7422518
"Myrsine","Myrsine umbellata","Myrsine umbellata Mart.",-24.62139,-51.16028,1144,17,9,2014,7422518
"Myrsine","Myrsine umbellata","Myrsine umbellata Mart.",-20.99954,-47.07129,924,15,8,2013,7422518
"Myrsine","Myrsine umbellata","Myrsine umbellata Mart.",-25.75802,-54.98364,NA,15,9,1979,7422518
"Myrsine","Myrsine umbellata","Myrsine umbellata Mart.",-25.87207,-52.96928,NA,11,9,2014,7422518
"Myrsine","Myrsine umbellata","Myrsine umbellata Mart.",-25.87207,-52.96929,NA,11,9,2014,7422518
"Myrsine","Myrsine umbellata","Myrsine umbellata Mart.",-29.589444,-51.825,NA,22,7,2014,7422518
"Myrsine","Myrsine umbellata","Myrsine umbellata Mart.",-29.501944,-51.966389,NA,9,7,2014,7422518
"Myrsine","Myrsine umbellata","Myrsine umbellata Mart.",-29.0675,-51.859167,NA,29,6,2006,7422518
"Myrsine","Myrsine umbellata","Myrsine umbellata Mart.",-29.393611,-51.8775,NA,28,11,2012,7422518
"Myrsine","Myrsine umbellata","Myrsine umbellata Mart.",-29.466944,-51.961389,NA,27,6,2009,7422518
"Myrsine","Myrsine umbellata","Myrsine umbellata Mart.",-29.168056,-51.179444,NA,17,3,2002,7422518
"Myrsine","Myrsine umbellata","Myrsine umbellata Mart.",-29.168056,-51.179444,NA,26,1,2003,7422518
"Myrsine","Myrsine umbellata","Myrsine umbellata Mart.",-29.337222,-51.932778,NA,12,6,2011,7422518
"Myrsine","Myrsine umbellata","Myrsine umbellata Mart.",-29.466944,-51.945,NA,2,7,2006,7422518
"Myrsine","Myrsine umbellata","Myrsine umbellata Mart.",-29.383333,-52.268611,NA,8,8,2003,7422518
"Myrsine","Myrsine umbellata","Myrsine umbellata Mart.",-29.331944,-51.773056,NA,15,9,2014,7422518
"Myrsine","Myrsine umbellata","Myrsine umbellata Mart.",-29.383333,-52.268611,NA,26,9,2003,7422518
"Myrsine","Myrsine umbellata","Myrsine umbellata Mart.",-29.168056,-51.179444,NA,30,9,1999,7422518
"Myrsine","Myrsine umbellata","Myrsine umbellata Mart.",-29.448055,-51.806389,NA,15,9,2010,7422518
"Myrsine","Myrsine umbellata","Myrsine umbellata Mart.",-29.466944,-51.961389,NA,24,9,2004,7422518
"Myrsine","Myrsine umbellata","Myrsine umbellata Mart.",-29.352778,-51.833333,NA,18,8,2012,7422518
"Myrsine","Myrsine umbellata","Myrsine umbellata Mart.",-13.52,-41.97,1525,29,11,1988,7422518
"Myrsine","Myrsine umbellata","Myrsine umbellata Mart.",-21.9274384,-46.3861849,NA,11,7,1856,7422518
"Myrsine","Myrsine umbellata","Myrsine umbellata Mart.",-15.7834208,-47.9298727,NA,1,7,1965,7422518
"Myrsine","Myrsine umbellata","Myrsine umbellata Mart.",-25.4324846,-48.7122581,NA,2,6,1982,7422518
"Myrsine","Myrsine umbellata","Myrsine umbellata Mart.",-22.516667,-45.136944,1850,3,9,2013,7422518
"Myrsine","Myrsine umbellata","Myrsine umbellata Mart.",-18.940278,-49.530556,NA,23,10,2010,7422518
"Myrsine","Myrsine umbellata","Myrsine umbellata Mart.",-18.399444,-63.826944,1769,21,9,2009,7422518
"Myrsine","Myrsine umbellata","Myrsine umbellata Mart.",-25.766667,-57.216667,NA,3,7,1919,7422518
"Myrsine","Myrsine umbellata","Myrsine umbellata Mart.",-26.9,-57.15,500,21,7,1988,7422518
"Myrsine","Myrsine umbellata","Myrsine umbellata Mart.",-26.05,-56.8,NA,31,10,1989,7422518
"Myrsine","Myrsine umbellata","Myrsine umbellata Mart.",-29.173899,-51.518511,800,2,11,1994,7422518
"Myrsine","Myrsine umbellata","Myrsine umbellata Mart.",-29.1622,-51.152833,780,10,8,1999,7422518
"Myrsine","Myrsine umbellata","Myrsine umbellata Mart.",-23.110333,-49.354306,NA,13,6,1995,7422518
"Myrsine","Myrsine umbellata","Myrsine umbellata Mart.",-22.745069,-46.399442,1103,8,7,2006,7422518
"Myrsine","Myrsine umbellata","Myrsine umbellata Mart.",-20.716667,-42.483333,1290,10,7,1990,7422518
"Myrsine","Myrsine umbellata","Myrsine umbellata Mart.",-23.245833,-44.993333,NA,16,12,1996,7422518
"Myrsine","Myrsine umbellata","Myrsine umbellata Mart.",-23,-48.183333,900,NA,5,2006,7422518
"Myrsine","Myrsine umbellata","Myrsine umbellata Mart.",-23.460278,-46.783333,970,23,8,2013,7422518
"Myrsine","Myrsine umbellata","Myrsine umbellata Mart.",-12.957222,-41.320556,1250,12,7,1996,7422518
"Myrsine","Myrsine umbellata","Myrsine umbellata Mart.",-19.255694,-43.552639,1353,30,5,2010,7422518
"Myrsine","Myrsine umbellata","Myrsine umbellata Mart.",-19.217861,-43.674,1313,17,1,2004,7422518
"Myrsine","Myrsine umbellata","Myrsine umbellata Mart.",-23.959583,-48.7865,700,26,1,1996,7422518
"Myrsine","Myrsine umbellata","Myrsine umbellata Mart.",-22.462778,-44.881667,NA,13,6,1996,7422518
"Myrsine","Myrsine umbellata","Myrsine umbellata Mart.",-12.933333,-38.35,5.5,4,2,2006,7422518
"Myrsine","Myrsine umbellata","Myrsine umbellata Mart.",-26.369806,-48.681083,NA,24,1,2008,7422518
"Myrsine","Myrsine umbellata","Myrsine umbellata Mart.",-15.466667,-59.033333,NA,30,10,1985,7422518
"Myrsine","Myrsine umbellata","Myrsine umbellata Mart.",-13.5,-41.833333,1250,26,10,1988,7422518
"Myrsine","Myrsine umbellata","Myrsine umbellata Mart.",-22.651111,-48.8675,NA,12,6,1995,7422518
"Myrsine","Myrsine umbellata","Myrsine umbellata Mart.",-23.896111,-46.727778,NA,21,6,1995,7422518
"Myrsine","Myrsine umbellata","Myrsine umbellata Mart.",-22.816417,-48.744167,726,15,1,2017,7422518
"Myrsine","Myrsine umbellata","Myrsine umbellata Mart.",-20.236111,-44.465,NA,15,11,2011,7422518
"Myrsine","Myrsine umbellata","Myrsine umbellata Mart.",-12.933333,-41.333333,1500,2,10,1990,7422518
"Myrsine","Myrsine umbellata","Myrsine umbellata Mart.",-23.390889,-49.377806,NA,14,6,1995,7422518
"Myrsine","Myrsine umbellata","Myrsine umbellata Mart.",-19.409611,-43.419167,NA,25,10,2008,7422518
"Myrsine","Myrsine umbellata","Myrsine umbellata Mart.",-21.709072,-43.894872,1360,19,6,2013,7422518
"Myrsine","Myrsine umbellata","Myrsine umbellata Mart.",-20.716667,-42.483333,1400,22,7,1988,7422518
"Myrsine","Myrsine umbellata","Myrsine umbellata Mart.",-13.516667,-42,1250,16,12,1988,7422518
"Myrsine","Myrsine umbellata","Myrsine umbellata Mart.",-18.407556,-39.698,18,13,7,2013,7422518
"Myrsine","Myrsine umbellata","Myrsine umbellata Mart.",-20.509167,-41.094444,NA,6,8,2013,7422518
"Myrsine","Myrsine umbellata","Myrsine umbellata Mart.",-13.516667,-41.966667,1525,29,11,1988,7422518
"Myrsine","Myrsine umbellata","Myrsine umbellata Mart.",-12.459722,-41.440278,910,27,10,1994,7422518
"Myrsine","Myrsine umbellata","Myrsine umbellata Mart.",-19.266667,-47.133333,867,27,6,2002,7422518
"Myrsine","Myrsine umbellata","Myrsine umbellata Mart.",-23.453472,-46.766,102,22,11,2013,7422518
"Myrsine","Myrsine umbellata","Myrsine umbellata Mart.",-23.750694,-48.509694,NA,27,1,1996,7422518
"Myrsine","Myrsine umbellata","Myrsine umbellata Mart.",-23.223069,-55.538264,NA,NA,NA,NA,7422518
"Myrsine","Myrsine umbellata","Myrsine umbellata Mart.",-31.24,-51.73,8,27,11,1999,7422518
"Myrsine","Myrsine umbellata","Myrsine umbellata Mart.",-13.8935,-68.1601,NA,11,11,2001,7422518
"Myrsine","Myrsine umbellata","Myrsine umbellata Mart.",-20.780597,-49.356152,NA,4,10,2017,7422518
"Myrsine","Myrsine umbellata","Myrsine umbellata Mart.",-20.81,-49.380556,NA,17,4,1996,7422518
"Myrsine","Myrsine umbellata","Myrsine umbellata Mart.",-19.916667,-49.516667,NA,3,8,1993,7422518
"Myrsine","Myrsine umbellata","Myrsine umbellata Mart.",-21.001389,-49.973889,NA,21,10,2007,7422518
"Myrsine","Myrsine umbellata","Myrsine umbellata Mart.",-20.637222,-48.751667,NA,16,10,2008,7422518
"Myrsine","Myrsine umbellata","Myrsine umbellata Mart.",-20.742778,-49.929167,NA,30,11,2006,7422518
"Myrsine","Myrsine umbellata","Myrsine umbellata Mart.",-20.742778,-49.929167,NA,5,4,2008,7422518
"Myrsine","Myrsine umbellata","Myrsine umbellata Mart.",-20.288333,-49.500278,NA,7,8,2008,7422518
"Myrsine","Myrsine umbellata","Myrsine umbellata Mart.",-19.916667,-49.516667,NA,27,6,2001,7422518
"Myrsine","Myrsine umbellata","Myrsine umbellata Mart.",-19.916667,-49.516667,NA,20,11,2001,7422518
"Myrsine","Myrsine umbellata","Myrsine umbellata Mart.",-25.790556,-53.525556,NA,29,8,2015,7422518
"Myrsine","Myrsine umbellata","Myrsine umbellata Mart.",-15.20266,-39.408,650,17,3,2005,7422518
"Myrsine","Myrsine umbellata","Myrsine umbellata Mart.",-13.765,-68.112778,248,24,1,2017,7422518
"Myrsine","Myrsine umbellata","Myrsine umbellata Mart.",-23.81277,-56.2775,NA,1,8,1996,7422518
"Myrsine","Myrsine umbellata","Myrsine umbellata Mart.",-17.5,-63.6,285,NA,NA,NA,7422518
"Myrsine","Myrsine umbellata","Myrsine umbellata Mart.",-18.10833,-63.95,1800,NA,NA,NA,7422518
"Myrsine","Myrsine umbellata","Myrsine umbellata Mart.",-14,-47,1200,19,10,1965,7422518
"Myrsine","Myrsine umbellata","Myrsine umbellata Mart.",-26.08333,-56.85,NA,15,6,1985,7422518
"Myrsine","Myrsine umbellata","Myrsine umbellata Mart.",3.59768,-76.59674,1695,10,10,1982,7422518
"Myrsine","Myrsine umbellata","Myrsine umbellata Mart.",5.966667,-63.483333,NA,27,3,1985,7422518
"Myrsine","Myrsine umbellata","Myrsine umbellata Mart.",-15.58,-67.57,1500,31,10,1984,7422518
"Myrsine","Myrsine umbellata","Myrsine umbellata Mart.",-19.973056,-40.593889,NA,16,6,1999,7422518
"Myrsine","Myrsine umbellata","Myrsine umbellata Mart.",-19.971389,-40.530278,NA,29,6,1993,7422518
"Myrsine","Myrsine umbellata","Myrsine umbellata Mart.",-19.971389,-40.530278,NA,4,8,1993,7422518
"Myrsine","Myrsine umbellata","Myrsine umbellata Mart.",-19.971389,-40.530278,NA,28,10,1992,7422518
"Myrsine","Myrsine umbellata","Myrsine umbellata Mart.",-19.902778,-40.548611,815,4,7,2022,7422518
"Myrsine","Myrsine umbellata","Myrsine umbellata Mart.",-20.519167,-41.100556,NA,4,9,2004,7422518
"Myrsine","Myrsine umbellata","Myrsine umbellata Mart.",-20.516111,-41.083611,NA,16,7,2008,7422518
"Myrsine","Myrsine umbellata","Myrsine umbellata Mart.",-20.519444,-41.0875,NA,17,7,2008,7422518
"Myrsine","Myrsine umbellata","Myrsine umbellata Mart.",-19.950556,-40.534444,NA,9,7,1998,7422518
"Myrsine","Myrsine umbellata","Myrsine umbellata Mart.",-20.176944,-40.924167,NA,18,7,2007,7422518
"Myrsine","Myrsine umbellata","Myrsine umbellata Mart.",-20.519167,-41.100556,NA,26,3,2005,7422518
"Myrsine","Myrsine umbellata","Myrsine umbellata Mart.",-19.933333,-40.59,NA,16,7,1998,7422518
"Myrsine","Myrsine umbellata","Myrsine umbellata Mart.",-20.524444,-41.120556,NA,20,7,2008,7422518
"Myrsine","Myrsine umbellata","Myrsine umbellata Mart.",-19.971389,-40.530278,NA,21,10,1993,7422518
"Myrsine","Myrsine umbellata","Myrsine umbellata Mart.",-19.971389,-40.530278,NA,11,8,1993,7422518
"Myrsine","Myrsine umbellata","Myrsine umbellata Mart.",-20.519167,-41.100556,NA,10,6,2004,7422518
"Myrsine","Myrsine umbellata","Myrsine umbellata Mart.",-18.971944,-40.662778,450,18,5,2007,7422518
"Myrsine","Myrsine umbellata","Myrsine umbellata Mart.",-20.176944,-40.924167,NA,15,6,1989,7422518
"Myrsine","Myrsine umbellata","Myrsine umbellata Mart.",-20.516111,-41.083611,NA,14,10,2008,7422518
"Myrsine","Myrsine umbellata","Myrsine umbellata Mart.",-22.289444,-41.725556,39,9,10,2011,7422518
"Myrsine","Myrsine umbellata","Myrsine umbellata Mart.",-20.516111,-41.083611,NA,2,5,2008,7422518
"Myrsine","Myrsine umbellata","Myrsine umbellata Mart.",-18.28472,-63.68583,1534,12,11,2004,7422518
"Myrsine","Myrsine umbellata","Myrsine umbellata Mart.",-19.56883,-39.79933,27,23,4,2004,7422518
"Myrsine","Myrsine umbellata","Myrsine umbellata Mart.",-14.5525,-68.334722,1778,5,10,2002,7422518
"Myrsine","Myrsine umbellata","Myrsine umbellata Mart.",-16.2,-67.71666,1400,23,2,1984,7422518
"Myrsine","Myrsine umbellata","Myrsine umbellata Mart.",-19.31666,-64.06666,1125,10,10,2004,7422518
"Myrsine","Myrsine umbellata","Myrsine umbellata Mart.",-20.717778,-43.92,980,26,2,2023,7422518
"Myrsine","Myrsine umbellata","Myrsine umbellata Mart.",-21.982778,-43.821389,NA,24,8,2012,7422518
"Myrsine","Myrsine umbellata","Myrsine umbellata Mart.",-27.88333,-55.13333,200,27,8,1948,7422518
"Myrsine","Myrsine umbellata","Myrsine umbellata Mart.",-22.66666,-56.08333,NA,7,5,1984,7422518
"Myrsine","Myrsine umbellata","Myrsine umbellata Mart.",-18.10833,-63.95,1400,NA,NA,NA,7422518
"Myrsine","Myrsine umbellata","Myrsine umbellata Mart.",-27.88333,-55.13333,200,14,7,1948,7422518
"Myrsine","Myrsine umbellata","Myrsine umbellata Mart.",-17.74166,-63.2,325,NA,NA,NA,7422518
"Myrsine","Myrsine umbellata","Myrsine umbellata Mart.",-18.095,-63.91527,1950,30,6,2000,7422518
"Myrsine","Myrsine umbellata","Myrsine umbellata Mart.",-26.05,-56.766667,NA,22,6,1991,7422518
"Myrsine","Myrsine umbellata","Myrsine umbellata Mart.",-27.26666,-54.53333,NA,9,7,1974,7422518
"Myrsine","Myrsine umbellata","Myrsine umbellata Mart.",-27.28333,-55.58333,NA,10,12,1997,7422518
"Myrsine","Myrsine umbellata","Myrsine umbellata Mart.",-17.690667,-63.044667,200,9,10,2006,7422518
"Myrsine","Myrsine umbellata","Myrsine umbellata Mart.",-26.06666,-56.76666,NA,22,6,1991,7422518
"Myrsine","Myrsine umbellata","Myrsine umbellata Mart.",-18.10833,-63.95,285,NA,NA,NA,7422518
"Myrsine","Myrsine umbellata","Myrsine umbellata Mart.",-18.10833,-63.95,700,NA,NA,NA,7422518
"Myrsine","Myrsine umbellata","Myrsine umbellata Mart.",-13.163056,13,817,29,7,2021,7422518
"Myrsine","Myrsine umbellata","Myrsine umbellata Mart.",-13.879444,13,633,22,11,2013,7422518
"Myrsine","Myrsine umbellata","Myrsine umbellata Mart.",-13.881667,13,653,23,7,2013,7422518
"Myrsine","Myrsine umbellata","Myrsine umbellata Mart.",-13.879167,13,710,21,7,2013,7422518
"Myrsine","Myrsine umbellata","Myrsine umbellata Mart.",-13.891389,13,710,21,7,2013,7422518
"Myrsine","Myrsine umbellata","Myrsine umbellata Mart.",-15.4375,-47.5625,0,29,7,2010,7422518
"Myrsine","Myrsine umbellata","Myrsine umbellata Mart.",-15.516667,-48.166667,385,6,2,1996,7422518
"Myrsine","Myrsine umbellata","Myrsine umbellata Mart.",-15.633333,-47.55,1087.5,20,10,1982,7422518
"Myrsine","Myrsine umbellata","Myrsine umbellata Mart.",-26.369806,-48.681083,31,24,1,2008,7422518
"Myrsine","Myrsine umbellata","Myrsine umbellata Mart.",5.79011,-73.21455,3157,NA,NA,2017,7422518
"Myrsine","Myrsine umbellata","Myrsine umbellata Mart.",4.98003,-73.61959,2770,NA,NA,2017,7422518
"Myrsine","Myrsine umbellata","Myrsine umbellata Mart.",-25.8,-56.33333,NA,27,9,1989,7422518
"Myrsine","Myrsine umbellata","Myrsine umbellata Mart.",-14.98361,-68.43444,1600,30,4,2005,7422518
"Myrsine","Myrsine umbellata","Myrsine umbellata Mart.",-15.173611,-39.425,1000,23,9,2006,7422518
"Myrsine","Myrsine umbellata","Myrsine umbellata Mart.",-26.05,-56.83333,NA,14,1,1989,7422518
"Myrsine","Myrsine umbellata","Myrsine umbellata Mart.",-27.26666,-54.53333,NA,NA,5,1913,7422518
"Myrsine","Myrsine umbellata","Myrsine umbellata Mart.",-25.71666,-57.26666,NA,14,12,1989,7422518
"Myrsine","Myrsine umbellata","Myrsine umbellata Mart.",-26,-56.8,NA,4,6,1989,7422518
"Myrsine","Myrsine umbellata","Myrsine umbellata Mart.",-25.65,-57.433333,NA,12,8,1992,7422518
"Myrsine","Myrsine umbellata","Myrsine umbellata Mart.",-26.86666,-57.16666,NA,11,11,1989,7422518
"Myrsine","Myrsine umbellata","Myrsine umbellata Mart.",-17.74166,-63.2,475,NA,NA,NA,7422518
"Myrsine","Myrsine umbellata","Myrsine umbellata Mart.",-11.28333,-51.75,NA,17,10,1985,7422518
"Myrsine","Myrsine umbellata","Myrsine umbellata Mart.",-17.416667,-63.825,NA,10,11,1990,7422518
"Myrsine","Myrsine umbellata","Myrsine umbellata Mart.",-15.198,-39.39716,580,15,9,2004,7422518
"Myrsine","Myrsine umbellata","Myrsine umbellata Mart.",-2.4667,-54.0166,NA,8,12,1984,7422518
"Myrsine","Myrsine umbellata","Myrsine umbellata Mart.",-24.960743,-53.440747,NA,6,9,1988,7422518
"Myrsine","Myrsine umbellata","Myrsine umbellata Mart.",-22,-49,NA,3,7,1994,7422518
"Myrsine","Myrsine umbellata","Myrsine umbellata Mart.",-13.368611,-41.884167,NA,31,7,1999,7422518
"Myrsine","Myrsine umbellata","Myrsine umbellata Mart.",-15.391667,-39.565278,835,9,7,2005,7422518
"Myrsine","Myrsine umbellata","Myrsine umbellata Mart.",-13.172222,-39.159444,NA,25,1,2007,7422518
"Myrsine","Myrsine umbellata","Myrsine umbellata Mart.",-16.383333,-39.133333,NA,23,8,1988,7422518
"Myrsine","Myrsine umbellata","Myrsine umbellata Mart.",-13.166667,-39.15,NA,11,5,2007,7422518
"Myrsine","Myrsine umbellata","Myrsine umbellata Mart.",-14.416667,-39.016667,NA,19,7,1994,7422518
"Myrsine","Myrsine umbellata","Myrsine umbellata Mart.",-15.160278,-39.536111,NA,14,1,2000,7422518
"Myrsine","Myrsine umbellata","Myrsine umbellata Mart.",-12.493056,-38.313056,NA,9,12,1982,7422518
"Myrsine","Myrsine umbellata","Myrsine umbellata Mart.",-13.166667,-39.15,NA,28,4,2007,7422518
"Myrsine","Myrsine umbellata","Myrsine umbellata Mart.",-15.395833,-39.566111,500,18,5,2010,7422518
"Myrsine","Myrsine umbellata","Myrsine umbellata Mart.",-14,-39.216667,NA,15,6,1979,7422518
"Myrsine","Myrsine umbellata","Myrsine umbellata Mart.",-23.333333,-48.233333,NA,29,7,1980,7422518
"Myrsine","Myrsine umbellata","Myrsine umbellata Mart.",-12.333333,-38.7,NA,21,9,1984,7422518
"Myrsine","Myrsine umbellata","Myrsine umbellata Mart.",-14.259444,-42.516667,NA,29,4,2001,7422518
"Myrsine","Myrsine umbellata","Myrsine umbellata Mart.",-15.173611,-39.341667,1000,14,5,2005,7422518
"Myrsine","Myrsine umbellata","Myrsine umbellata Mart.",-21.683333,-43.866667,NA,26,5,2005,7422518
"Myrsine","Myrsine umbellata","Myrsine umbellata Mart.",-15.192222,-39.121389,NA,6,3,2012,7422518
"Myrsine","Myrsine umbellata","Myrsine umbellata Mart.",-14.783333,-39.033333,NA,23,8,1984,7422518
"Myrsine","Myrsine umbellata","Myrsine umbellata Mart.",-13.524167,-41.945278,NA,NA,NA,NA,7422518
"Myrsine","Myrsine umbellata","Myrsine umbellata Mart.",-14.783333,-39.033333,NA,1,1,1984,7422518
"Myrsine","Myrsine umbellata","Myrsine umbellata Mart.",-15.4375,-47.5625,NA,29,7,2010,7422518
"Myrsine","Myrsine umbellata","Myrsine umbellata Mart.",-25.277176,-50.238906,NA,14,7,2020,7422518
"Myrsine","Myrsine umbellata","Myrsine umbellata Mart.",-15.7834208,-47.9298727,NA,12,9,1964,7422518
"Myrsine","Myrsine umbellata","Myrsine umbellata Mart.",-22.728611,-45.977222,1563,6,6,2000,7422518
"Myrsine","Myrsine umbellata","Myrsine umbellata Mart.",-23.540833,-50.975556,0,9,10,2003,7422518
"Myrsine","Myrsine umbellata","Myrsine umbellata Mart.",-23.883333,-51.15,0,28,9,2009,7422518
"Myrsine","Myrsine umbellata","Myrsine umbellata Mart.",-23.683333,-48.75,600,28,6,2006,7422518
"Myrsine","Myrsine umbellata","Myrsine umbellata Mart.",-23.896389,-51.167639,0,9,10,2009,7422518
"Myrsine","Myrsine umbellata","Myrsine umbellata Mart.",-23.40625,-51.382083,650,23,8,2007,7422518
"Myrsine","Myrsine umbellata","Myrsine umbellata Mart.",-22.688333,-51.701667,0,30,7,2007,7422518
"Myrsine","Myrsine umbellata","Myrsine umbellata Mart.",-23.366667,-51.233333,0,5,12,2005,7422518
"Myrsine","Myrsine umbellata","Myrsine umbellata Mart.",-23.540833,-50.975556,0,13,6,2003,7422518
"Myrsine","Myrsine umbellata","Myrsine umbellata Mart.",-23.540833,-50.975556,0,29,5,2003,7422518
"Myrsine","Myrsine umbellata","Myrsine umbellata Mart.",-22.733333,-46.116667,1040,14,10,1999,7422518
"Myrsine","Myrsine umbellata","Myrsine umbellata Mart.",-22.733333,-46.133333,1000,11,10,1999,7422518
"Myrsine","Myrsine umbellata","Myrsine umbellata Mart.",-23.165,-51.165833,0,13,7,2010,7422518
"Myrsine","Myrsine umbellata","Myrsine umbellata Mart.",-23.933333,-51.15,1023,6,6,2008,7422518
"Myrsine","Myrsine umbellata","Myrsine umbellata Mart.",-24.143083,-50.308417,0,2,9,2005,7422518
"Myrsine","Myrsine umbellata","Myrsine umbellata Mart.",-21.838889,-46.564722,0,1,12,1981,7422518
"Myrsine","Myrsine umbellata","Myrsine umbellata Mart.",-23.269278,-51.386639,0,6,8,2010,7422518
"Myrsine","Myrsine umbellata","Myrsine umbellata Mart.",-21.838889,-46.564722,0,1,9,1980,7422518
"Myrsine","Myrsine umbellata","Myrsine umbellata Mart.",-24.143056,-50.308333,0,2,7,2004,7422518
"Myrsine","Myrsine umbellata","Myrsine umbellata Mart.",-25.5,-57.25,NA,19,10,1982,7422518
"Myrsine","Myrsine umbellata","Myrsine umbellata Mart.",-17.416667,-63.825,NA,15,5,1984,7422518
"Myrsine","Myrsine umbellata","Myrsine umbellata Mart.",-26.166667,-57.166667,NA,10,11,1990,7422518
"Myrsine","Myrsine umbellata","Myrsine umbellata Mart.",-9.293333,-54.944722,NA,23,7,1991,7422518
"Myrsine","Myrsine umbellata","Myrsine umbellata Mart.",-8.3,-36,1100,21,7,1994,7422518
"Myrsine","Myrsine umbellata","Myrsine umbellata Mart.",-25.63333,-57.46666,NA,5,11,1992,7422518
"Myrsine","Myrsine umbellata","Myrsine umbellata Mart.",-14.81666,-66.41666,250,14,11,1985,7422518
"Myrsine","Myrsine umbellata","Myrsine umbellata Mart.",-24.25,-46.93333,560,3,9,1987,7422518
"Myrsine","Myrsine umbellata","Myrsine umbellata Mart.",-19.31138,-64.08972,1653,21,4,2005,7422518
"Myrsine","Myrsine umbellata","Myrsine umbellata Mart.",-13.28333,-41.9,1346,6,9,1996,7422518
"Myrsine","Myrsine umbellata","Myrsine umbellata Mart.",-17.118861,-63.567669,252,4,1,2009,7422518
"Myrsine","Myrsine umbellata","Myrsine umbellata Mart.",-30.051692,-51.178068,NA,NA,3,1999,7422518
"Myrsine","Myrsine umbellata","Myrsine umbellata Mart.",-30.034991,-51.214437,27,NA,1,1974,7422518
"Myrsine","Myrsine umbellata","Myrsine umbellata Mart.",-21.162694,-44.286167,1012,1,1,2013,7422518
"Myrsine","Myrsine umbellata","Myrsine umbellata Mart.",-18.10833,-63.95,1300,NA,NA,NA,7422518
"Myrsine","Myrsine umbellata","Myrsine umbellata Mart.",-13.26166,-41.91966,1700,5,8,2000,7422518
"Myrsine","Myrsine umbellata","Myrsine umbellata Mart.",-10.56883,-40.43883,825,29,10,2005,7422518
"Myrsine","Myrsine umbellata","Myrsine umbellata Mart.",-21.84966,-46.7,1460,11,1,1994,7422518
"Myrsine","Myrsine umbellata","Myrsine umbellata Mart.",-16.6,-42.48333,950,14,6,1990,7422518
"Myrsine","Myrsine umbellata","Myrsine umbellata Mart.",-15.46666,-59.3333,NA,30,10,1985,7422518
"Myrsine","Myrsine umbellata","Myrsine umbellata Mart.",-15.1735,-39.34166,1000,14,5,2005,7422518
"Myrsine","Myrsine umbellata","Myrsine umbellata Mart.",-14.41666,-39.666,NA,11,9,1991,7422518
"Myrsine","Myrsine umbellata","Myrsine umbellata Mart.",-31.23016,-51.76183,2,13,11,1998,7422518
"Myrsine","Myrsine umbellata","Myrsine umbellata Mart.",-26.9,-57.15,500,26,7,1988,7422518
"Myrsine","Myrsine umbellata","Myrsine umbellata Mart.",-20.15,-64.25,1650,30,4,2005,7422518
"Myrsine","Myrsine umbellata","Myrsine umbellata Mart.",-25.91666,-56.25,NA,14,12,1988,7422518
"Myrsine","Myrsine umbellata","Myrsine umbellata Mart.",-22.65,-56.05,300,7,2,1982,7422518
"Myrsine","Myrsine umbellata","Myrsine umbellata Mart.",-23.82944,-56.21333,NA,30,7,1996,7422518
"Myrsine","Myrsine umbellata","Myrsine umbellata Mart.",-17,-48,1175,1,11,1965,7422518
"Myrsine","Myrsine umbellata","Myrsine umbellata Mart.",-21.74,-41.031111,4,18,9,2003,7422518
"Myrsine","Myrsine umbellata","Myrsine umbellata Mart.",-21.846944,-41.796944,38,8,7,1997,7422518
"Myrsine","Myrsine umbellata","Myrsine umbellata Mart.",-21.846944,-41.796944,38,20,7,1998,7422518
"Myrsine","Myrsine umbellata","Myrsine umbellata Mart.",-21.391389,-41.094444,39,25,9,2009,7422518
"Myrsine","Myrsine umbellata","Myrsine umbellata Mart.",-21.411667,-42.033056,256,31,10,2007,7422518
"Myrsine","Myrsine umbellata","Myrsine umbellata Mart.",-24.468,-47.299,NA,10,12,1981,7422518
"Myrsine","Myrsine umbellata","Myrsine umbellata Mart.",-29.4522267,-50.5840139,750,9,1,2000,7422518
"Myrsine","Myrsine umbellata","Myrsine umbellata Mart.",-15.135,-42.4605,1050,14,3,1994,7422518
"Myrsine","Myrsine umbellata","Myrsine umbellata Mart.",-19.21666,-47.95,850,28,9,1983,7422518
"Myrsine","Myrsine umbellata","Myrsine umbellata Mart.",-8.31,-36,1100,23,4,1994,7422518
"Myrsine","Myrsine umbellata","Myrsine umbellata Mart.",-14.5,-66.61666,200,14,9,1995,7422518
"Myrsine","Myrsine umbellata","Myrsine umbellata Mart.",-19.21666,-47.95,850,27,2,1986,7422518
"Myrsine","Myrsine umbellata","Myrsine umbellata Mart.",-25.41666,-57.16666,NA,26,1,1989,7422518
"Myrsine","Myrsine umbellata","Myrsine umbellata Mart.",-17.74166,-63.2,440,NA,NA,NA,7422518
"Myrsine","Myrsine umbellata","Myrsine umbellata Mart.",-19.035278,-43.701389,1329,10,7,2012,7422518
"Myrsine","Myrsine umbellata","Myrsine umbellata Mart.",-19.04,-43.701667,1414,12,7,2012,7422518
"Myrsine","Myrsine umbellata","Myrsine umbellata Mart.",-19.049444,-43.709444,1297,11,9,2012,7422518
"Myrsine","Myrsine umbellata","Myrsine umbellata Mart.",-19.944167,-43.895555,1170,16,12,2020,7422518
"Myrsine","Myrsine umbellata","Myrsine umbellata Mart.",-19.957778,-43.6175,1100,9,10,2014,7422518
"Myrsine","Myrsine umbellata","Myrsine umbellata Mart.",-20.443611,-43.863611,1100,30,8,2005,7422518
"Myrsine","Myrsine umbellata","Myrsine umbellata Mart.",-22.428749,-44.619825,1081,24,8,2015,7422518
"Myrsine","Myrsine umbellata","Myrsine umbellata Mart.",-23.2,-46.083333,1020,19,10,2006,7422518
"Myrsine","Myrsine umbellata","Myrsine umbellata Mart.",-23.230278,-46.935778,850,11,4,2007,7422518
"Myrsine","Myrsine umbellata","Myrsine umbellata Mart.",-22.241667,-47.686111,793,1,8,2019,7422518
"Myrsine","Myrsine umbellata","Myrsine umbellata Mart.",-12.908056,-41.302222,909,30,7,2021,7422518
"Myrsine","Myrsine umbellata","Myrsine umbellata Mart.",-16.266667,-39.016667,NA,4,6,2004,7422518
"Myrsine","Myrsine umbellata","Myrsine umbellata Mart.",-12.781667,-38.486944,15,16,5,2011,7422518
"Myrsine","Myrsine umbellata","Myrsine umbellata Mart.",-13.4,-41.283333,900,7,8,1999,7422518
"Myrsine","Myrsine umbellata","Myrsine umbellata Mart.",-13.4,-41.283333,900,8,8,1999,7422518
"Myrsine","Myrsine umbellata","Myrsine umbellata Mart.",-12.809722,-41.383333,NA,2,11,1999,7422518
"Myrsine","Myrsine umbellata","Myrsine umbellata Mart.",-12.966667,-38.5,NA,21,6,2011,7422518
"Myrsine","Myrsine umbellata","Myrsine umbellata Mart.",-12,-41,NA,21,5,2001,7422518
"Myrsine","Myrsine umbellata","Myrsine umbellata Mart.",-12.466667,-41.45,NA,3,3,1995,7422518
"Myrsine","Myrsine umbellata","Myrsine umbellata Mart.",-12.933333,-39.516667,NA,5,2,2011,7422518
"Myrsine","Myrsine umbellata","Myrsine umbellata Mart.",-12.556389,-41.411111,500,21,8,1992,7422518
"Myrsine","Myrsine umbellata","Myrsine umbellata Mart.",-12.455556,-41.470833,1080,26,10,1994,7422518
"Myrsine","Myrsine umbellata","Myrsine umbellata Mart.",-12.151944,-37.853611,NA,2,5,2005,7422518
"Myrsine","Myrsine umbellata","Myrsine umbellata Mart.",-12.966667,-38.5,NA,4,2,2010,7422518
"Myrsine","Myrsine umbellata","Myrsine umbellata Mart.",-12.465,-41.421389,750,30,6,1995,7422518
"Myrsine","Myrsine umbellata","Myrsine umbellata Mart.",-12.966667,-38.5,NA,9,6,2001,7422518
"Myrsine","Myrsine umbellata","Myrsine umbellata Mart.",-12.657222,-39.093056,NA,19,5,2016,7422518
"Myrsine","Myrsine umbellata","Myrsine umbellata Mart.",-12.251389,-41.246944,NA,2,6,2001,7422518
"Myrsine","Myrsine umbellata","Myrsine umbellata Mart.",-12.307778,-45.718333,710,21,9,2003,7422518
"Myrsine","Myrsine umbellata","Myrsine umbellata Mart.",-12.784722,-38.516667,NA,13,6,2011,7422518
"Myrsine","Myrsine umbellata","Myrsine umbellata Mart.",-12.459722,-41.440278,900,31,8,1994,7422518
"Myrsine","Myrsine umbellata","Myrsine umbellata Mart.",-13.163056,-41.171389,817,29,7,2021,7422518
"Myrsine","Myrsine umbellata","Myrsine umbellata Mart.",-13.433333,-40.416667,NA,12,10,1986,7422518
"Myrsine","Myrsine umbellata","Myrsine umbellata Mart.",-12.079722,-41.339167,NA,20,5,2001,7422518
"Myrsine","Myrsine umbellata","Myrsine umbellata Mart.",-12.749722,-38.528611,NA,12,6,2011,7422518
"Myrsine","Myrsine umbellata","Myrsine umbellata Mart.",-12.457778,-41.471111,1125,24,4,1995,7422518
"Myrsine","Myrsine umbellata","Myrsine umbellata Mart.",-12.459722,-41.440278,890,29,7,1994,7422518
"Myrsine","Myrsine umbellata","Myrsine umbellata Mart.",-13.533333,-41.95,1500,3,11,1988,7422518
"Myrsine","Myrsine umbellata","Myrsine umbellata Mart.",-16.383333,-39.133333,NA,4,10,1997,7422518
"Myrsine","Myrsine umbellata","Myrsine umbellata Mart.",-12.439722,-41.480833,720,1,7,1995,7422518
"Myrsine","Myrsine umbellata","Myrsine umbellata Mart.",-12.966667,-38.5,NA,17,7,2012,7422518
"Myrsine","Myrsine umbellata","Myrsine umbellata Mart.",-12.966667,-38.5,NA,23,2,2011,7422518
"Myrsine","Myrsine umbellata","Myrsine umbellata Mart.",-25.183333,-49.3,NA,8,7,1993,7422518
"Myrsine","Myrsine umbellata","Myrsine umbellata Mart.",-12.683333,-41.166667,NA,17,6,2017,7422518
"Myrsine","Myrsine umbellata","Myrsine umbellata Mart.",-12.377778,-37.9425,NA,12,11,1996,7422518
"Myrsine","Myrsine umbellata","Myrsine umbellata Mart.",-12.077222,-41.335278,NA,20,5,2001,7422518
"Myrsine","Myrsine umbellata","Myrsine umbellata Mart.",-12.583333,-44.816667,NA,1,7,2001,7422518
"Myrsine","Myrsine umbellata","Myrsine umbellata Mart.",-13.407778,-39.813333,NA,14,8,2001,7422518
"Myrsine","Myrsine umbellata","Myrsine umbellata Mart.",-14.266667,-38.983333,NA,18,3,2006,7422518
"Myrsine","Myrsine umbellata","Myrsine umbellata Mart.",-12.55,-41.433333,600,18,11,1992,7422518
"Myrsine","Myrsine umbellata","Myrsine umbellata Mart.",-12.466944,-41.454167,800,5,7,1994,7422518
"Myrsine","Myrsine umbellata","Myrsine umbellata Mart.",-12.45,-41.416667,750,24,11,1994,7422518
"Myrsine","Myrsine umbellata","Myrsine umbellata Mart.",-12.65,-41.316667,NA,3,3,1995,7422518
"Myrsine","Myrsine umbellata","Myrsine umbellata Mart.",-12.933333,-39.516667,NA,10,5,2011,7422518
"Myrsine","Myrsine umbellata","Myrsine umbellata Mart.",-12.966667,-38.5,NA,NA,NA,1953,7422518
"Myrsine","Myrsine umbellata","Myrsine umbellata Mart.",-12.933333,-38.35,NA,8,11,1996,7422518
"Myrsine","Myrsine umbellata","Myrsine umbellata Mart.",-12.65,-41.316667,NA,NA,3,1996,7422518
"Myrsine","Myrsine umbellata","Myrsine umbellata Mart.",-25.55,-48.63,NA,11,5,1909,7422518
"Myrsine","Myrsine umbellata","Myrsine umbellata Mart.",-22.216111,-47.923889,NA,18,9,2003,7422518
"Myrsine","Myrsine umbellata","Myrsine umbellata Mart.",-26.01666,-56.76666,NA,22,6,1991,7422518
"Myrsine","Myrsine umbellata","Myrsine umbellata Mart.",-14,-47,1000,12,2,1966,7422518
"Myrsine","Myrsine umbellata","Myrsine umbellata Mart.",-13.85,-42.35,1800,21,7,1993,7422518
"Myrsine","Myrsine umbellata","Myrsine umbellata Mart.",-26.09694,-55.48277,450,25,11,1997,7422518
"Myrsine","Myrsine umbellata","Myrsine umbellata Mart.",-14.5,-66.61666,200,23,4,1994,7422518
"Myrsine","Myrsine umbellata","Myrsine umbellata Mart.",-15.1736,-39.3417,NA,14,5,2005,7422518
"Myrsine","Myrsine umbellata","Myrsine umbellata Mart.",-15.7834208,-47.9298727,NA,5,6,1978,7422518
"Myrsine","Myrsine umbellata","Myrsine umbellata Mart.",-14.1167,-47.65562,1000,12,2,1966,7422518
"Myrsine","Myrsine umbellata","Myrsine umbellata Mart.",-14.4231,-39.0617,NA,19,7,1994,7422518
"Myrsine","Myrsine umbellata","Myrsine umbellata Mart.",-23.654505,-46.621883,NA,11,9,1981,7422518
"Myrsine","Myrsine umbellata","Myrsine umbellata Mart.",-22.309972,-48.512028,NA,5,4,2018,7422518
"Myrsine","Myrsine umbellata","Myrsine umbellata Mart.",-22.813889,-48.743056,NA,1,10,2004,7422518
"Myrsine","Myrsine umbellata","Myrsine umbellata Mart.",-22.813889,-48.743056,NA,8,6,2004,7422518
"Myrsine","Myrsine umbellata","Myrsine umbellata Mart.",-21.910278,-52.204722,NA,15,10,1998,7422518
"Myrsine","Myrsine umbellata","Myrsine umbellata Mart.",-22.875,-48.375,NA,NA,9,1972,7422518
"Myrsine","Myrsine umbellata","Myrsine umbellata Mart.",-20.016667,-51.9,NA,12,10,1998,7422518
"Myrsine","Myrsine umbellata","Myrsine umbellata Mart.",-23.046889,-48.270028,NA,15,2,2007,7422518
"Myrsine","Myrsine umbellata","Myrsine umbellata Mart.",-22.8,-48.733333,NA,2,9,2008,7422518
"Myrsine","Myrsine umbellata","Myrsine umbellata Mart.",-22.8,-48.733333,NA,27,5,2008,7422518
"Myrsine","Myrsine umbellata","Myrsine umbellata Mart.",-22.813944,-48.743278,NA,17,3,2003,7422518
"Myrsine","Myrsine umbellata","Myrsine umbellata Mart.",-22.813944,-48.743278,NA,15,4,2003,7422518
"Myrsine","Myrsine umbellata","Myrsine umbellata Mart.",-22.988333,-48.895833,NA,11,9,2008,7422518
"Myrsine","Myrsine umbellata","Myrsine umbellata Mart.",-23.04875,-48.523917,NA,15,7,2002,7422518
"Myrsine","Myrsine umbellata","Myrsine umbellata Mart.",-27.205556,-48.869167,60,13,8,2011,7422518
"Myrsine","Myrsine umbellata","Myrsine umbellata Mart.",-27.110556,-48.508333,NA,1,9,2011,7422518
"Myrsine","Myrsine umbellata","Myrsine umbellata Mart.",-29.566667,-53.683333,NA,1,9,2012,7422518
"Myrsine","Myrsine umbellata","Myrsine umbellata Mart.",-29.566667,-53.683333,NA,17,11,2012,7422518
"Myrsine","Myrsine umbellata","Myrsine umbellata Mart.",-29.566667,-53.683333,NA,3,11,2012,7422518
"Myrsine","Myrsine umbellata","Myrsine umbellata Mart.",-29.627778,-53.873889,NA,20,6,2015,7422518
"Myrsine","Myrsine umbellata","Myrsine umbellata Mart.",-29.566667,-53.683333,NA,19,5,2012,7422518
"Myrsine","Myrsine umbellata","Myrsine umbellata Mart.",-18.541944,-39.748055,NA,5,11,1992,7422518
"Myrsine","Myrsine umbellata","Myrsine umbellata Mart.",-18.436944,-39.715,NA,9,12,1992,7422518
"Myrsine","Myrsine umbellata","Myrsine umbellata Mart.",-19.970556,-40.140555,NA,6,8,2018,7422518
"Myrsine","Myrsine umbellata","Myrsine umbellata Mart.",-18.911501,-43.411582,NA,19,1,2021,7422518
"Myrsine","Myrsine umbellata","Myrsine umbellata Mart.",-18.848727,-43.659991,NA,5,12,2019,7422518
"Myrsine","Myrsine umbellata","Myrsine umbellata Mart.",-15.853889,-49.055278,NA,28,9,2004,7422518
"Myrsine","Myrsine umbellata","Myrsine umbellata Mart.",-18.88896,-43.533818,809,5,7,2017,7422518
"Myrsine","Myrsine umbellata","Myrsine umbellata Mart.",-18.905102,-43.427173,845,16,10,2015,7422518
"Myrsine","Myrsine umbellata","Myrsine umbellata Mart.",-15.853889,-49.541667,NA,28,9,2004,7422518
"Myrsine","Myrsine umbellata","Myrsine umbellata Mart.",-20,-48,NA,28,3,2004,7422518
"Myrsine","Myrsine umbellata","Myrsine umbellata Mart.",-20,-48,NA,10,12,2003,7422518
"Myrsine","Myrsine umbellata","Myrsine umbellata Mart.",-23.902222,-51.632222,0,9,10,2003,7422518
"Myrsine","Myrsine umbellata","Myrsine umbellata Mart.",-12.833333,-39.618611,0,4,2,2010,7422518
"Myrsine","Myrsine umbellata","Myrsine umbellata Mart.",-31.798467,-52.422649,NA,4,1,2021,7422518
"Myrsine","Myrsine umbellata","Myrsine umbellata Mart.",-23.874167,-52.748889,531,22,9,2011,7422518
"Myrsine","Myrsine umbellata","Myrsine umbellata Mart.",-23.862222,-52.724444,530,13,10,2010,7422518
"Myrsine","Myrsine umbellata","Myrsine umbellata Mart.",-25.173889,-49.968056,930,3,11,2007,7422518
"Myrsine","Myrsine umbellata","Myrsine umbellata Mart.",-24.106111,-52.325,605,29,6,2007,7422518
"Myrsine","Myrsine umbellata","Myrsine umbellata Mart.",-25.173889,-49.968333,906,16,10,2009,7422518
"Myrsine","Myrsine umbellata","Myrsine umbellata Mart.",-24.016667,-52.405278,546,15,6,2018,7422518
"Myrsine","Myrsine umbellata","Myrsine umbellata Mart.",-23.967778,-51.089722,1144,17,9,2014,7422518
"Myrsine","Myrsine umbellata","Myrsine umbellata Mart.",-25.130278,-53.824167,682,20,8,2015,7422518
"Myrsine","Myrsine umbellata","Myrsine umbellata Mart.",-20.595833,-46.641944,924,15,8,2013,7422518
"Myrsine","Myrsine umbellata","Myrsine umbellata Mart.",-25.340833,-51.161389,1012,9,11,2012,7422518
"Myrsine","Myrsine umbellata","Myrsine umbellata Mart.",-25.837222,-49.051389,847,14,10,2011,7422518
"Myrsine","Myrsine umbellata","Myrsine umbellata Mart.",-22.8164,-48.7442,NA,15,1,2017,7422518
"Myrsine","Myrsine umbellata","Myrsine umbellata Mart.",-4.218056,-38.931806,935,12,9,2002,7422518
"Myrsine","Myrsine umbellata","Myrsine umbellata Mart.",-4.218056,-38.931806,935,12,2,2003,7422518
"Myrsine","Myrsine umbellata","Myrsine umbellata Mart.",-4.218056,-38.931667,NA,5,12,2003,7422518
"Myrsine","Myrsine umbellata","Myrsine umbellata Mart.",-4.298417,-38.919556,NA,10,3,2004,7422518
"Myrsine","Myrsine umbellata","Myrsine umbellata Mart.",-4.218056,-38.931667,NA,12,2,2003,7422518
"Myrsine","Myrsine umbellata","Myrsine umbellata Mart.",-4.205833,-38.971111,NA,10,9,2003,7422518
"Myrsine","Myrsine umbellata","Myrsine umbellata Mart.",-15.92417,-48.03333,1080,2,7,1997,7422518
"Myrsine","Myrsine umbellata","Myrsine umbellata Mart.",-16.21806,-47.33861,NA,14,8,2002,7422518
"Myrsine","Myrsine umbellata","Myrsine umbellata Mart.",-29.6275,-53.873888,NA,11,11,2013,7422518
"Myrsine","Myrsine umbellata","Myrsine umbellata Mart.",-27.867777,-49.044166,699,14,8,2009,7422518
"Myrsine","Myrsine umbellata","Myrsine umbellata Mart.",-26.819722,-52.470277,700,24,3,2009,7422518
"Myrsine","Myrsine umbellata","Myrsine umbellata Mart.",-17.875277,-48.508055,NA,12,7,1996,7422518
"Myrsine","Myrsine umbellata","Myrsine umbellata Mart.",-22.177222,-47.868611,750,NA,7,2022,7422518
"Myrsine","Myrsine umbellata","Myrsine umbellata Mart.",-15.76,-41.788055,1310,5,3,2018,7422518
"Myrsine","Myrsine umbellata","Myrsine umbellata Mart.",-15.9025,-48.01611,1080,19,1,1998,7422518
"Myrsine","Myrsine umbellata","Myrsine umbellata Mart.",-15.92417,-48.03333,1080,4,7,1996,7422518
"Myrsine","Myrsine umbellata","Myrsine umbellata Mart.",-28.249444,-50.749166,650,1,9,2006,7422518
"Myrsine","Myrsine umbellata","Myrsine umbellata Mart.",-29.627777,-53.873888,NA,20,6,2015,7422518
"Myrsine","Myrsine umbellata","Myrsine umbellata Mart.",-17.354166,-48.532222,720,11,7,1996,7422518
"Myrsine","Myrsine umbellata","Myrsine umbellata Mart.",-20.434061,-41.796679,2865,3,3,1959,7422518
"Myrsine","Myrsine umbellata","Myrsine umbellata Mart.",-9.235049,-36.436032,NA,12,5,2014,7422518
"Myrsine","Myrsine umbellata","Myrsine umbellata Mart.",-19.5174009,-43.744901,NA,9,10,1981,7422518
"Myrsine","Myrsine umbellata","Myrsine umbellata Mart.",-15.7834208,-47.9298727,NA,21,10,1978,7422518
"Myrsine","Myrsine umbellata","Myrsine umbellata Mart.",-22.306111,-45.081389,1850,3,9,2013,7422518
"Myrsine","Myrsine umbellata","Myrsine umbellata Mart.",-18.5625,-49.315,NA,23,10,2010,7422518
"Myrsine","Myrsine umbellata","Myrsine umbellata Mart.",-12.066667,-45.6,NA,2,11,1987,7422518
"Myrsine","Myrsine umbellata","Myrsine umbellata Mart.",-16.25,-39.025,NA,17,6,1980,7422518
"Myrsine","Myrsine umbellata","Myrsine umbellata Mart.",-12.716667,-40.116667,NA,15,3,1985,7422518
"Myrsine","Myrsine umbellata","Myrsine umbellata Mart.",-13.160556,-41.423611,NA,11,10,2004,7422518
"Myrsine","Myrsine umbellata","Myrsine umbellata Mart.",-25.324724,-50.355096,NA,19,10,2020,7422518
"Myrsine","Myrsine umbellata","Myrsine umbellata Mart.",-23.25,-46.95,NA,1,1,2022,7422518
"Myrsine","Myrsine umbellata","Myrsine umbellata Mart.",-28.979444,-49.859167,NA,26,9,2009,7422518
"Myrsine","Myrsine umbellata","Myrsine umbellata Mart.",-22.88645,-48.499508,NA,4,8,2020,7422518
"Myrsine","Myrsine umbellata","Myrsine umbellata Mart.",-23.588333,-46.462778,NA,24,1,2017,7422518
"Myrsine","Myrsine umbellata","Myrsine umbellata Mart.",-22.449722,-48.958333,NA,4,11,2020,7422518
"Myrsine","Myrsine umbellata","Myrsine umbellata Mart.",-20.306667,-41.054444,NA,26,5,2016,7422518
"Myrsine","Myrsine umbellata","Myrsine umbellata Mart.",-15.666667,-48.833333,850,9,9,1996,7422518
"Myrsine","Myrsine umbellata","Myrsine umbellata Mart.",-29.943333,-51.716667,31,21,4,1977,7422518
"Myrsine","Myrsine umbellata","Myrsine umbellata Mart.",-15.901111,-47.906667,NA,27,11,1980,7422518
"Myrsine","Myrsine umbellata","Myrsine umbellata Mart.",-13.5,-47.5,600,25,11,1996,7422518
"Myrsine","Myrsine umbellata","Myrsine umbellata Mart.",-15.901111,-47.906667,NA,20,1,1980,7422518
"Myrsine","Myrsine umbellata","Myrsine umbellata Mart.",-14.066389,-47.637778,1190,10,10,1979,7422518
"Myrsine","Myrsine umbellata","Myrsine umbellata Mart.",-17.743611,-48.626667,686,10,8,1972,7422518
"Myrsine","Myrsine umbellata","Myrsine umbellata Mart.",-14.159167,-47.547778,1242,21,11,1994,7422518
"Myrsine","Myrsine umbellata","Myrsine umbellata Mart.",-19,-39.996389,40,9,9,1980,7422518
"Myrsine","Myrsine umbellata","Myrsine umbellata Mart.",-18.970556,-46.904722,965,1,3,1989,7422518
"Myrsine","Myrsine umbellata","Myrsine umbellata Mart.",-15.901111,-47.906667,NA,22,6,1981,7422518
"Myrsine","Myrsine umbellata","Myrsine umbellata Mart.",-13.483333,-40.407222,1020,12,10,1986,7422518
"Myrsine","Myrsine umbellata","Myrsine umbellata Mart.",-15.901111,-47.906667,NA,10,10,1979,7422518
"Myrsine","Myrsine umbellata","Myrsine umbellata Mart.",-14.108333,-47.7,1190,17,8,1995,7422518
"Myrsine","Myrsine umbellata","Myrsine umbellata Mart.",-23.462778,-46.533333,759,16,6,1980,7422518
"Myrsine","Myrsine umbellata","Myrsine umbellata Mart.",-15.901111,-47.906667,NA,24,6,1980,7422518
"Myrsine","Myrsine umbellata","Myrsine umbellata Mart.",-23.186389,-46.884167,761,6,5,1977,7422518
"Myrsine","Myrsine umbellata","Myrsine umbellata Mart.",-15.939167,-47.881389,1100,14,8,1989,7422518
"Myrsine","Myrsine umbellata","Myrsine umbellata Mart.",-12.981389,-38.488056,5,25,8,1996,7422518
"Myrsine","Myrsine umbellata","Myrsine umbellata Mart.",-15.968333,-47.898056,NA,12,6,1989,7422518
"Myrsine","Myrsine umbellata","Myrsine umbellata Mart.",-23.183333,-46.883333,761,9,5,1984,7422518
"Myrsine","Myrsine umbellata","Myrsine umbellata Mart.",-18.8,-46.9,956,17,11,1988,7422518
"Myrsine","Myrsine umbellata","Myrsine umbellata Mart.",-23.7975,-48.592778,590,17,7,1883,7422518
"Myrsine","Myrsine umbellata","Myrsine umbellata Mart.",-23,-45.9375,600,21,7,1986,7422518
"Myrsine","Myrsine umbellata","Myrsine umbellata Mart.",-14.015,-47.526389,1495,22,10,2016,7422518
"Myrsine","Myrsine umbellata","Myrsine umbellata Mart.",-15.52,-48.17,1100,6,7,1992,7422518
"Myrsine","Myrsine umbellata","Myrsine umbellata Mart.",-23.5475,-46.625833,730,9,8,1939,7422518
"Myrsine","Myrsine umbellata","Myrsine umbellata Mart.",-14.674444,-48.423611,680,14,8,1997,7422518
"Myrsine","Myrsine umbellata","Myrsine umbellata Mart.",-15.901389,-47.906667,NA,9,1,1980,7422518
"Myrsine","Myrsine umbellata","Myrsine umbellata Mart.",-15.924167,-47.879722,1140,5,6,1978,7422518
"Myrsine","Myrsine umbellata","Myrsine umbellata Mart.",-12.971111,-38.510833,8,29,9,2004,7422518
"Myrsine","Myrsine umbellata","Myrsine umbellata Mart.",-15.75,-47.75,1050,3,10,2000,7422518
"Myrsine","Myrsine umbellata","Myrsine umbellata Mart.",-15.95,-47.95,NA,19,1,1998,7422518
"Myrsine","Myrsine umbellata","Myrsine umbellata Mart.",-22.83,-46.92,695,21,12,1999,7422518
"Myrsine","Myrsine umbellata","Myrsine umbellata Mart.",-8.7325,-35.844722,724,17,8,2010,7422518
"Myrsine","Myrsine umbellata","Myrsine umbellata Mart.",-22.142778,-47.860556,NA,NA,NA,NA,7422518
"Myrsine","Myrsine umbellata","Myrsine umbellata Mart.",-24.110555,-47.204722,269,4,1,2013,7422518
"Myrsine","Myrsine umbellata","Myrsine umbellata Mart.",-23.046254,-48.639063,NA,NA,NA,NA,7422518
"Myrsine","Myrsine umbellata","Myrsine umbellata Mart.",-23.048222,-48.639099,NA,NA,NA,NA,7422518
"Myrsine","Myrsine umbellata","Myrsine umbellata Mart.",-23.046303,-48.637369,NA,NA,NA,NA,7422518
"Myrsine","Myrsine umbellata","Myrsine umbellata Mart.",-22.92451,-47.66058,543,7,4,2015,7422518
"Myrsine","Myrsine umbellata","Myrsine umbellata Mart.",-22.9238,-47.66015,558,7,6,2015,7422518
"Myrsine","Myrsine umbellata","Myrsine umbellata Mart.",-23.047134,-48.636994,NA,NA,NA,NA,7422518
"Myrsine","Myrsine umbellata","Myrsine umbellata Mart.",-23.440833,-45.861944,NA,NA,NA,NA,7422518
"Myrsine","Myrsine umbellata","Myrsine umbellata Mart.",-20.49255,-43.676683,1237,18,3,2013,7422518
"Myrsine","Myrsine umbellata","Myrsine umbellata Mart.",-20.427194,-43.510194,1343,16,11,2018,7422518
"Myrsine","Myrsine umbellata","Myrsine umbellata Mart.",-20.363889,-43.520556,0,8,7,2011,7422518
"Myrsine","Myrsine umbellata","Myrsine umbellata Mart.",-20.357758,-43.503475,1466,24,5,2010,7422518
"Myrsine","Myrsine umbellata","Myrsine umbellata Mart.",-20.431944,-43.488889,1600,22,9,2010,7422518
"Myrsine","Myrsine umbellata","Myrsine umbellata Mart.",-20.431944,-43.488889,0,23,6,2010,7422518
"Myrsine","Myrsine umbellata","Myrsine umbellata Mart.",-20.431944,-43.488889,1600,13,7,2010,7422518
"Myrsine","Myrsine umbellata","Myrsine umbellata Mart.",-20.427389,-43.506389,1342,19,11,2018,7422518
"Myrsine","Myrsine umbellata","Myrsine umbellata Mart.",-20.35,-43.5,1500,1,9,2014,7422518
"Myrsine","Myrsine umbellata","Myrsine umbellata Mart.",-20.365394,-43.514964,1523,6,9,2012,7422518
"Myrsine","Myrsine umbellata","Myrsine umbellata Mart.",-21.368639,-44.505778,1424,25,11,2022,7422518
"Myrsine","Myrsine umbellata","Myrsine umbellata Mart.",-20.435094,-43.509447,0,6,7,2018,7422518
"Myrsine","Myrsine umbellata","Myrsine umbellata Mart.",-25.023889,-50.584167,NA,29,7,1998,7422518
"Myrsine","Myrsine umbellata","Myrsine umbellata Mart.",-25.305556,-49.055278,NA,26,6,1999,7422518
"Myrsine","Myrsine umbellata","Myrsine umbellata Mart.",-24.445,-50.760833,NA,8,7,1998,7422518
"Myrsine","Myrsine umbellata","Myrsine umbellata Mart.",-22.816389,-48.744167,726,15,1,2017,7422518
"Myrsine","Myrsine umbellata","Myrsine umbellata Mart.",-24.351667,-49.68,NA,12,7,2018,7422518
"Myrsine","Myrsine umbellata","Myrsine umbellata Mart.",-19.966667,-43.45,1300,23,3,1981,7422518
"Myrsine","Myrsine umbellata","Myrsine umbellata Mart.",-22.55,-42.5,NA,9,6,1988,7422518
"Myrsine","Myrsine umbellata","Myrsine umbellata Mart.",-22.25,-44.566667,820,8,9,1995,7422518
"Myrsine","Myrsine umbellata","Myrsine umbellata Mart.",-20.524444,-41.120556,1480,20,7,2008,7422518
"Myrsine","Myrsine umbellata","Myrsine umbellata Mart.",-21.803333,-46.657222,NA,11,12,2001,7422518
"Myrsine","Myrsine umbellata","Myrsine umbellata Mart.",-19.409444,-43.419167,NA,25,10,2008,7422518
"Myrsine","Myrsine umbellata","Myrsine umbellata Mart.",-13.264444,-41.919722,1700,5,8,2000,7422518
"Myrsine","Myrsine umbellata","Myrsine umbellata Mart.",-20.433333,-43.511389,NA,NA,NA,NA,7422518
"Myrsine","Myrsine umbellata","Myrsine umbellata Mart.",-18.4075,-39.697778,18,13,7,2013,7422518
"Myrsine","Myrsine umbellata","Myrsine umbellata Mart.",-21.158056,-44.3425,NA,3,9,2011,7422518
"Myrsine","Myrsine umbellata","Myrsine umbellata Mart.",-22.473333,-43.244444,970,3,4,2004,7422518
"Myrsine","Myrsine umbellata","Myrsine umbellata Mart.",-22,-42.05,1100,23,6,1990,7422518
"Myrsine","Myrsine umbellata","Myrsine umbellata Mart.",-22,-42.05,1100,9,8,1988,7422518
"Myrsine","Myrsine umbellata","Myrsine umbellata Mart.",-28.35,-49.5,341,10,8,2009,7422518
"Myrsine","Myrsine umbellata","Myrsine umbellata Mart.",-25.253611,-50.005278,NA,31,8,2010,7422518
"Myrsine","Myrsine umbellata","Myrsine umbellata Mart.",-21,-44,1034,NA,11,2010,7422518
"Myrsine","Myrsine umbellata","Myrsine umbellata Mart.",-21.952222,-46.384722,1358,29,5,2014,7422518
"Myrsine","Myrsine umbellata","Myrsine umbellata Mart.",-22.296944,-44.443889,1693,5,2,2015,7422518
"Myrsine","Myrsine umbellata","Myrsine umbellata Mart.",-24.076111,-49.075556,NA,27,3,2008,7422518
"Myrsine","Myrsine umbellata","Myrsine umbellata Mart.",-27.63,-48.87,NA,13,8,2009,7422518
"Myrsine","Myrsine umbellata","Myrsine umbellata Mart.",-27.315,-51.93,NA,25,11,2008,7422518
"Myrsine","Myrsine umbellata","Myrsine umbellata Mart.",-22,-42.05,1100,25,5,1987,7422518
"Myrsine","Myrsine umbellata","Myrsine umbellata Mart.",-22.25,-44.566667,650,15,6,1997,7422518
"Myrsine","Myrsine umbellata","Myrsine umbellata Mart.",-13.368611,-41.884167,1700,31,7,1999,7422518
"Myrsine","Myrsine umbellata","Myrsine umbellata Mart.",-22.448889,-43.013056,1500,24,9,2005,7422518
"Myrsine","Myrsine umbellata","Myrsine umbellata Mart.",-22.501667,-45.136944,1850,3,9,2013,7422518
"Myrsine","Myrsine umbellata","Myrsine umbellata Mart.",-22.418333,-43.276389,1524,26,6,2011,7422518
"Myrsine","Myrsine umbellata","Myrsine umbellata Mart.",-22,-42.05,NA,28,7,1988,7422518
"Myrsine","Myrsine umbellata","Myrsine umbellata Mart.",-20.150556,-40.448611,NA,3,9,2005,7422518
"Myrsine","Myrsine umbellata","Myrsine umbellata Mart.",-21.697222,-43.878889,1470,26,7,2004,7422518
"Myrsine","Myrsine umbellata","Myrsine umbellata Mart.",-24.906667,-49.165,782,17,6,2009,7422518
"Myrsine","Myrsine umbellata","Myrsine umbellata Mart.",-23.292778,-51.416389,NA,6,8,2010,7422518
"Myrsine","Myrsine umbellata","Myrsine umbellata Mart.",-20.513056,-41.090278,NA,4,7,2022,7422518
"Myrsine","Myrsine umbellata","Myrsine umbellata Mart.",-25.416667,-57.016667,250,30,10,1987,7422518
"Myrsine","Myrsine umbellata","Myrsine umbellata Mart.",-23.966667,-55.266667,NA,20,10,1991,7422518
"Myrsine","Myrsine umbellata","Myrsine umbellata Mart.",-13.3685,-41.89166,1700,31,7,1999,7422518
"Myrsine","Myrsine umbellata","Myrsine umbellata Mart.",-27.26666,-55.58333,152,20,10,1996,7422518
"Myrsine","Myrsine umbellata","Myrsine umbellata Mart.",-19.76333,-63.89083,1697,22,10,2005,7422518
"Myrsine","Myrsine umbellata","Myrsine umbellata Mart.",-23.63333,-45.86666,920,1,6,1986,7422518
"Myrsine","Myrsine umbellata","Myrsine umbellata Mart.",-18.940555,-51.699167,442,14,9,2012,7422518
"Myrsine","Myrsine umbellata","Myrsine umbellata Mart.",-14.9,-39.3333,50,4,12,1992,7422518
"Myrsine","Myrsine umbellata","Myrsine umbellata Mart.",-13.5667,-39.9,NA,30,4,1967,7422518
"Myrsine","Myrsine umbellata","Myrsine umbellata Mart.",-15.736111,-47.918889,NA,20,6,2008,7422518
"Myrsine","Myrsine umbellata","Myrsine umbellata Mart.",-15.709722,-48.005833,1065,1,10,2008,7422518
"Myrsine","Myrsine umbellata","Myrsine umbellata Mart.",-15.710556,-47.958889,1003,7,7,2008,7422518
"Myrsine","Myrsine umbellata","Myrsine umbellata Mart.",-15.715,-47.961111,NA,19,9,2008,7422518
"Myrsine","Myrsine umbellata","Myrsine umbellata Mart.",-15.978333,-47.493056,NA,20,9,2012,7422518
"Myrsine","Myrsine umbellata","Myrsine umbellata Mart.",-15.978611,-47.493333,NA,12,7,2012,7422518
"Myrsine","Myrsine umbellata","Myrsine umbellata Mart.",-23.2025,-58.1689,NA,NA,5,1931,7422518
"Myrsine","Myrsine umbellata","Myrsine umbellata Mart.",-18,-44,NA,10,8,1937,7422518
"Myrsine","Myrsine umbellata","Myrsine umbellata Mart.",-15.75,-47.75,NA,22,7,1966,7422518
"Myrsine","Myrsine umbellata","Myrsine umbellata Mart.",-18,-44,NA,16,7,1955,7422518
"Myrsine","Myrsine umbellata","Myrsine umbellata Mart.",-22,-42.5,NA,25,5,1987,7422518
"Myrsine","Myrsine umbellata","Myrsine umbellata Mart.",-24,-51,NA,27,2,1929,7422518
"Myrsine","Myrsine umbellata","Myrsine umbellata Mart.",-10.8339,-52.8731,NA,9,12,1903,7422518
"Myrsine","Myrsine umbellata","Myrsine umbellata Mart.",-22,-49,NA,14,9,1984,7422518
"Myrsine","Myrsine umbellata","Myrsine umbellata Mart.",-26,-57.1667,NA,25,9,1985,7422518
"Myrsine","Myrsine umbellata","Myrsine umbellata Mart.",-22,-42.5,NA,13,5,1917,7422518
"Myrsine","Myrsine umbellata","Myrsine umbellata Mart.",-22,-49,NA,11,9,1981,7422518
"Myrsine","Myrsine umbellata","Myrsine umbellata Mart.",-22,-49,NA,NA,NA,NA,7422518
"Myrsine","Myrsine umbellata","Myrsine umbellata Mart.",-18,-44,NA,6,6,1955,7422518
"Myrsine","Myrsine umbellata","Myrsine umbellata Mart.",-14,-65.5,NA,2,7,1976,7422518
"Myrsine","Myrsine umbellata","Myrsine umbellata Mart.",-23,-56,NA,24,6,1977,7422518
"Myrsine","Myrsine umbellata","Myrsine umbellata Mart.",-18,-44,NA,24,10,1938,7422518
"Myrsine","Myrsine umbellata","Myrsine umbellata Mart.",-11,-42,NA,20,12,1988,7422518
"Myrsine","Myrsine umbellata","Myrsine umbellata Mart.",-30,-54,NA,19,8,2000,7422518
"Myrsine","Myrsine umbellata","Myrsine umbellata Mart.",-18,-44,NA,23,7,1934,7422518
"Myrsine","Myrsine umbellata","Myrsine umbellata Mart.",-18,-44,NA,12,1,1867,7422518
"Myrsine","Myrsine umbellata","Myrsine umbellata Mart.",-23.2025,-58.1689,NA,NA,6,1931,7422518
"Myrsine","Myrsine umbellata","Myrsine umbellata Mart.",-24,-51,NA,NA,NA,NA,7422518
"Myrsine","Myrsine umbellata","Myrsine umbellata Mart.",-30,-54,NA,9,8,1986,7422518
"Myrsine","Myrsine umbellata","Myrsine umbellata Mart.",7,-75.5,NA,26,6,1997,7422518
"Myrsine","Myrsine umbellata","Myrsine umbellata Mart.",-24,-51,NA,21,5,1909,7422518
"Myrsine","Myrsine umbellata","Myrsine umbellata Mart.",-23.2025,-58.1689,NA,NA,NA,1913,7422518
"Myrsine","Myrsine umbellata","Myrsine umbellata Mart.",-14.82,-66.33,250,4,11,1985,7422518
"Myrsine","Myrsine umbellata","Myrsine umbellata Mart.",-20.8,-42.85,NA,1,11,2001,7422518
"Myrsine","Myrsine umbellata","Myrsine umbellata Mart.",-20.8,-42.85,NA,1,1,2010,7422518
"Myrsine","Myrsine umbellata","Myrsine umbellata Mart.",-26.05,-56.833333,NA,27,1,1989,7422518
"Myrsine","Myrsine umbellata","Myrsine umbellata Mart.",-14.41666,-39.1666,NA,19,7,1994,7422518
"Myrsine","Myrsine umbellata","Myrsine umbellata Mart.",-24,-51,NA,15,5,1966,7422518
"Myrsine","Myrsine umbellata","Myrsine umbellata Mart.",-22,-42.5,NA,10,2,1993,7422518
"Myrsine","Myrsine umbellata","Myrsine umbellata Mart.",-22,-49,NA,4,6,1932,7422518
"Myrsine","Myrsine umbellata","Myrsine umbellata Mart.",-18,-44,NA,18,5,1874,7422518
"Myrsine","Myrsine umbellata","Myrsine umbellata Mart.",-24,-51,NA,30,4,1967,7422518
"Myrsine","Myrsine umbellata","Myrsine umbellata Mart.",-26,-57.1667,NA,16,6,1977,7422518
"Myrsine","Myrsine umbellata","Myrsine umbellata Mart.",-27,-50,NA,24,1,1984,7422518
"Myrsine","Myrsine umbellata","Myrsine umbellata Mart.",-22,-42.5,NA,9,6,1929,7422518
"Myrsine","Myrsine umbellata","Myrsine umbellata Mart.",-22,-42.5,NA,30,3,1969,7422518
"Myrsine","Myrsine umbellata","Myrsine umbellata Mart.",-22,-42.5,NA,NA,6,1818,7422518
"Myrsine","Myrsine umbellata","Myrsine umbellata Mart.",-18,-44,NA,3,10,2003,7422518
"Myrsine","Myrsine umbellata","Myrsine umbellata Mart.",-18,-44,NA,16,1,1969,7422518
"Myrsine","Myrsine umbellata","Myrsine umbellata Mart.",-8,-37,NA,3,8,1994,7422518
"Myrsine","Myrsine umbellata","Myrsine umbellata Mart.",-24,-51,NA,11,5,1909,7422518
"Myrsine","Myrsine umbellata","Myrsine umbellata Mart.",-22,-49,NA,20,7,1995,7422518
"Myrsine","Myrsine umbellata","Myrsine umbellata Mart.",-25.300278,-53.401111,250,25,6,2018,7422518
"Myrsine","Myrsine umbellata","Myrsine umbellata Mart.",-25.330278,-53.305556,283,19,3,2018,7422518
"Myrsine","Myrsine umbellata","Myrsine umbellata Mart.",-25.331111,-53.300833,268,24,1,2018,7422518
"Myrsine","Myrsine umbellata","Myrsine umbellata Mart.",-25.403611,-53.633056,NA,NA,4,2017,7422518
"Myrsine","Myrsine umbellata","Myrsine umbellata Mart.",-18.20138,-63.68277,1260,21,9,2002,7422518
"Myrsine","Myrsine umbellata","Myrsine umbellata Mart.",-25.11666,-57.31666,NA,25,6,1992,7422518
"Myrsine","Myrsine umbellata","Myrsine umbellata Mart.",-14.55777,-60.74694,700,14,7,1999,7422518
"Myrsine","Myrsine umbellata","Myrsine umbellata Mart.",-17.74166,-63.2,310,NA,NA,NA,7422518
"Myrsine","Myrsine umbellata","Myrsine umbellata Mart.",-27.154917,-48.486167,NA,6,9,2009,7422518
"Myrsine","Myrsine umbellata","Myrsine umbellata Mart.",-25.385472,-49.006972,1180,30,6,2007,7422518
"Myrsine","Myrsine umbellata","Myrsine umbellata Mart.",-25.240889,-50.002111,915,29,12,2011,7422518
"Myrsine","Myrsine umbellata","Myrsine umbellata Mart.",-25.239389,-49.98925,965,29,12,2011,7422518
"Myrsine","Myrsine umbellata","Myrsine umbellata Mart.",-23.9,-56.333333,NA,NA,7,1921,7422518
"Myrsine","Myrsine umbellata","Myrsine umbellata Mart.",-17.810833,-43.742778,NA,3,11,2016,7422518
"Myrsine","Myrsine umbellata","Myrsine umbellata Mart.",-22.296944,-44.443889,NA,5,2,2015,7422518
"Myrsine","Myrsine umbellata","Myrsine umbellata Mart.",-22.583333,-50.368056,NA,7,9,2002,7422518
"Myrsine","Myrsine umbellata","Myrsine umbellata Mart.",-22.25,-44.566667,NA,8,11,1993,7422518
"Myrsine","Myrsine umbellata","Myrsine umbellata Mart.",-26.478859,-51.995773,NA,21,12,2017,7422518
"Myrsine","Myrsine umbellata","Myrsine umbellata Mart.",-27.16,-55.34,NA,NA,NA,NA,7422518
"Myrsine","Myrsine umbellata","Myrsine umbellata Mart.",-27.6,-55.39,NA,NA,NA,NA,7422518
"Myrsine","Myrsine umbellata","Myrsine umbellata Mart.",-27.28,-55.58,NA,NA,NA,NA,7422518
"Myrsine","Myrsine umbellata","Myrsine umbellata Mart.",-25.88,-54.41,NA,NA,NA,NA,7422518
"Myrsine","Myrsine umbellata","Myrsine umbellata Mart.",-26.13,-53.75,NA,NA,NA,NA,7422518
"Myrsine","Myrsine umbellata","Myrsine umbellata Mart.",-27.77,-55.16,NA,NA,NA,NA,7422518
"Myrsine","Myrsine umbellata","Myrsine umbellata Mart.",-26.64,-53.96,NA,NA,NA,NA,7422518
"Myrsine","Myrsine umbellata","Myrsine umbellata Mart.",-26.89,-53.88,NA,NA,NA,NA,7422518
"Myrsine","Myrsine umbellata","Myrsine umbellata Mart.",-27.27,-55.58,NA,NA,NA,NA,7422518
"Myrsine","Myrsine umbellata","Myrsine umbellata Mart.",-26,-53.98,NA,NA,NA,NA,7422518
"Myrsine","Myrsine umbellata","Myrsine umbellata Mart.",-25.97,-54.12,NA,NA,NA,NA,7422518
"Myrsine","Myrsine umbellata","Myrsine umbellata Mart.",-25.396928,-49.283462,NA,31,8,2022,7422518
"Myrsine","Myrsine umbellata","Myrsine umbellata Mart.",-23.96667,-55.26667,NA,20,10,1991,7422518
"Myrsine","Myrsine umbellata","Myrsine umbellata Mart.",-26.08333,-56.85,NA,25,9,1985,7422518
"Myrsine","Myrsine umbellata","Myrsine umbellata Mart.",-25,-57,NA,NA,NA,NA,7422518
"Myrsine","Myrsine umbellata","Myrsine umbellata Mart.",-23,-57,NA,21,10,2001,7422518
"Myrsine","Myrsine umbellata","Myrsine umbellata Mart.",-29.599444,-50.935556,NA,16,2,2003,7422518
"Myrsine","Myrsine umbellata","Myrsine umbellata Mart.",-30.180833,-51.386111,NA,21,6,2009,7422518
"Myrsine","Myrsine umbellata","Myrsine umbellata Mart.",-21,-45,NA,NA,NA,NA,7422518
"Myrsine","Myrsine umbellata","Myrsine umbellata Mart.",-22.813889,-48.743056,NA,9,4,2013,7422518
"Myrsine","Myrsine umbellata","Myrsine umbellata Mart.",-22.2,-47.85,NA,13,7,1977,7422518
"Myrsine","Myrsine umbellata","Myrsine umbellata Mart.",-22.265,-48.042222,NA,21,8,2002,7422518
"Myrsine","Myrsine umbellata","Myrsine umbellata Mart.",-22.716667,-46.45,NA,28,8,2008,7422518
"Myrsine","Myrsine umbellata","Myrsine umbellata Mart.",-22.3685,-44.802444,1614,10,10,2010,7422518
"Myrsine","Myrsine umbellata","Myrsine umbellata Mart.",-14.343611,-48.399167,750,22,1,1972,7422518
"Myrsine","Myrsine umbellata","Myrsine umbellata Mart.",-24.061389,-47.995833,800,6,1,2015,7422518
"Myrsine","Myrsine umbellata","Myrsine umbellata Mart.",-21.838889,-46.564722,NA,1,10,1980,7422518
"Myrsine","Myrsine umbellata","Myrsine umbellata Mart.",-21.838889,-46.564722,NA,13,12,1981,7422518
"Myrsine","Myrsine umbellata","Myrsine umbellata Mart.",-24.2425,-49.259722,NA,18,8,1995,7422518
"Myrsine","Myrsine umbellata","Myrsine umbellata Mart.",-23.835556,-46.735,NA,23,6,1995,7422518
"Myrsine","Myrsine umbellata","Myrsine umbellata Mart.",-24.2025,-49.404167,NA,18,12,1997,7422518
"Myrsine","Myrsine umbellata","Myrsine umbellata Mart.",-24.061389,-47.995833,800,6,11,2014,7422518
"Myrsine","Myrsine umbellata","Myrsine umbellata Mart.",-21.838889,-46.564722,NA,1,9,1980,7422518
"Myrsine","Myrsine umbellata","Myrsine umbellata Mart.",-21.838889,-46.564722,NA,2,12,1981,7422518
"Myrsine","Myrsine umbellata","Myrsine umbellata Mart.",-23.723358,-48.017844,NA,21,5,2019,7422518
"Myrsine","Myrsine umbellata","Myrsine umbellata Mart.",-21.838889,-46.564722,NA,21,5,1981,7422518
"Myrsine","Myrsine umbellata","Myrsine umbellata Mart.",-23.110333,-49.354306,NA,15,8,2002,7422518
"Myrsine","Myrsine umbellata","Myrsine umbellata Mart.",-23.901944,-46.766667,NA,12,9,1994,7422518
"Myrsine","Myrsine umbellata","Myrsine umbellata Mart.",-23.65,-47.4,NA,2,12,1998,7422518
"Myrsine","Myrsine umbellata","Myrsine umbellata Mart.",-23.983333,-46.733333,800,11,4,2001,7422518
"Myrsine","Myrsine umbellata","Myrsine umbellata Mart.",-24.056111,-47.993333,NA,13,10,2004,7422518
"Myrsine","Myrsine umbellata","Myrsine umbellata Mart.",-23.075,-45.9375,NA,21,7,1986,7422518
"Myrsine","Myrsine umbellata","Myrsine umbellata Mart.",-23.410864,-47.568564,1080,14,12,2016,7422518
"Myrsine","Myrsine umbellata","Myrsine umbellata Mart.",-21.838889,-46.564722,NA,1,9,1981,7422518
"Myrsine","Myrsine umbellata","Myrsine umbellata Mart.",-23.25,-46.25,NA,7,6,1998,7422518
"Myrsine","Myrsine umbellata","Myrsine umbellata Mart.",-23.245833,-44.993333,NA,11,12,1996,7422518
"Myrsine","Myrsine umbellata","Myrsine umbellata Mart.",-23.075,-45.9375,NA,10,10,1985,7422518
"Myrsine","Myrsine umbellata","Myrsine umbellata Mart.",-22.886333,-46.312639,1530,15,5,2003,7422518
"Myrsine","Myrsine umbellata","Myrsine umbellata Mart.",-23.224831,-46.002003,NA,28,8,2008,7422518
"Myrsine","Myrsine umbellata","Myrsine umbellata Mart.",-19.866667,-40.55,775,12,8,1992,7422518
"Myrsine","Myrsine umbellata","Myrsine umbellata Mart.",-24.085278,-49.201944,NA,12,7,1997,7422518
"Myrsine","Myrsine umbellata","Myrsine umbellata Mart.",-21.838889,-46.564722,NA,15,6,1981,7422518
"Myrsine","Myrsine umbellata","Myrsine umbellata Mart.",-23.401436,-47.558197,NA,13,12,2018,7422518
"Myrsine","Myrsine umbellata","Myrsine umbellata Mart.",-22.584811,-47.617286,NA,19,10,2016,7422518
"Myrsine","Myrsine umbellata","Myrsine umbellata Mart.",-23.523889,-47.1125,NA,27,10,1994,7422518
"Myrsine","Myrsine umbellata","Myrsine umbellata Mart.",-24.269722,-49.151389,NA,10,12,1997,7422518
"Myrsine","Myrsine umbellata","Myrsine umbellata Mart.",-22.55,-42.5,NA,20,6,1990,7422518
"Myrsine","Myrsine umbellata","Myrsine umbellata Mart.",-22.833333,-46.916667,700,21,12,2005,7422518
"Myrsine","Myrsine umbellata","Myrsine umbellata Mart.",-21.838889,-46.564722,NA,17,7,1981,7422518
"Myrsine","Myrsine umbellata","Myrsine umbellata Mart.",-23.425,-46.481389,NA,23,7,1986,7422518
"Myrsine","Myrsine umbellata","Myrsine umbellata Mart.",-22.2,-48.05,NA,13,7,1999,7422518
"Myrsine","Myrsine umbellata","Myrsine umbellata Mart.",-22.716667,-45.45,NA,17,10,2008,7422518
"Myrsine","Myrsine umbellata","Myrsine umbellata Mart.",-22.265,-48.042222,NA,31,7,2002,7422518
"Myrsine","Myrsine umbellata","Myrsine umbellata Mart.",-23.075,-45.9375,NA,10,9,1985,7422518
"Myrsine","Myrsine umbellata","Myrsine umbellata Mart.",-24.068333,-49.064444,NA,28,9,2010,7422518
"Myrsine","Myrsine umbellata","Myrsine umbellata Mart.",-24.056111,-47.993333,NA,15,10,2004,7422518
"Myrsine","Myrsine umbellata","Myrsine umbellata Mart.",-25.268889,-54.0275,450,8,1,2014,7422518
"Myrsine","Myrsine umbellata","Myrsine umbellata Mart.",-23.523056,-48.769722,NA,1,8,2006,7422518
"Myrsine","Myrsine umbellata","Myrsine umbellata Mart.",-23.523056,-48.773056,NA,2,8,2006,7422518
"Myrsine","Myrsine umbellata","Myrsine umbellata Mart.",-23.513611,-48.756389,NA,22,11,2006,7422518
"Myrsine","Myrsine umbellata","Myrsine umbellata Mart.",-23.546111,-48.751667,630,28,8,2007,7422518
"Myrsine","Myrsine umbellata","Myrsine umbellata Mart.",-23.533611,-48.744167,630,25,7,2007,7422518
"Myrsine","Myrsine umbellata","Myrsine umbellata Mart.",-23.227778,-45.015833,1105,9,6,2018,7422518
"Myrsine","Myrsine umbellata","Myrsine umbellata Mart.",-24.063333,-49.072222,NA,29,6,2010,7422518
"Myrsine","Myrsine umbellata","Myrsine umbellata Mart.",-24.062222,-49.07,NA,29,6,2010,7422518
"Myrsine","Myrsine umbellata","Myrsine umbellata Mart.",-24.079444,-49.054722,NA,1,7,2010,7422518
"Myrsine","Myrsine umbellata","Myrsine umbellata Mart.",-24.416667,-48.570833,617,5,12,2009,7422518
"Myrsine","Myrsine umbellata","Myrsine umbellata Mart.",-22.813611,-49.22,NA,23,9,2008,7422518
"Myrsine","Myrsine umbellata","Myrsine umbellata Mart.",-22.541389,-45.23,1344,26,8,2013,7422518
"Myrsine","Myrsine umbellata","Myrsine umbellata Mart.",-23.966667,-47.1,NA,20,2,2006,7422518
"Myrsine","Myrsine umbellata","Myrsine umbellata Mart.",-22.465556,-45.076944,1526,28,8,2013,7422518
"Myrsine","Myrsine umbellata","Myrsine umbellata Mart.",-23.399167,-48.3775,685,28,6,2006,7422518
"Myrsine","Myrsine umbellata","Myrsine umbellata Mart.",-23.365,-46.536944,1161,19,11,2007,7422518
"Myrsine","Myrsine umbellata","Myrsine umbellata Mart.",-23.448611,-46.648333,790,9,11,2012,7422518
"Myrsine","Myrsine umbellata","Myrsine umbellata Mart.",-23.186111,-47.053611,706,7,9,2017,7422518
"Myrsine","Myrsine umbellata","Myrsine umbellata Mart.",-23.639444,-46.726389,768,25,8,2017,7422518
"Myrsine","Myrsine umbellata","Myrsine umbellata Mart.",-23.083333,-48.9,770,18,12,2016,7422518
"Myrsine","Myrsine umbellata","Myrsine umbellata Mart.",-22.806389,-44.366111,1115,28,1,2009,7422518
"Myrsine","Myrsine umbellata","Myrsine umbellata Mart.",-22.806389,-44.366111,1115,4,9,2008,7422518
"Myrsine","Myrsine umbellata","Myrsine umbellata Mart.",-22.806389,-44.366111,1115,30,5,2008,7422518
"Myrsine","Myrsine umbellata","Myrsine umbellata Mart.",-22.592222,-45.302778,1623,28,1,2015,7422518
"Myrsine","Myrsine umbellata","Myrsine umbellata Mart.",-23.366389,-46.5375,1160,4,8,2009,7422518
"Myrsine","Myrsine umbellata","Myrsine umbellata Mart.",-22.691667,-45.464444,1467,29,8,2016,7422518
"Myrsine","Myrsine umbellata","Myrsine umbellata Mart.",-23.541667,-45.058333,NA,20,8,2007,7422518
"Myrsine","Myrsine umbellata","Myrsine umbellata Mart.",-23.541667,-45.058333,NA,19,2,2008,7422518
"Myrsine","Myrsine umbellata","Myrsine umbellata Mart.",-23.541667,-45.058333,NA,23,7,2008,7422518
"Myrsine","Myrsine umbellata","Myrsine umbellata Mart.",-23.099167,-48.912222,770,4,11,2016,7422518
"Myrsine","Myrsine umbellata","Myrsine umbellata Mart.",-24.080278,-49.058056,NA,25,6,2009,7422518
"Myrsine","Myrsine umbellata","Myrsine umbellata Mart.",-22.773333,-45.5625,NA,17,8,2008,7422518
"Myrsine","Myrsine umbellata","Myrsine umbellata Mart.",-22.773333,-45.5625,NA,1,4,2007,7422518
"Myrsine","Myrsine umbellata","Myrsine umbellata Mart.",-23.433889,-45.070833,NA,30,8,2011,7422518
"Myrsine","Myrsine umbellata","Myrsine umbellata Mart.",-23.584444,-46.860278,778,18,7,2016,7422518
"Myrsine","Myrsine umbellata","Myrsine umbellata Mart.",-23.229167,-45.013333,1075,9,7,2016,7422518
"Myrsine","Myrsine umbellata","Myrsine umbellata Mart.",-25.240833,-53.995833,242,1,6,2015,7422518
"Myrsine","Myrsine umbellata","Myrsine umbellata Mart.",-25.420278,-53.903611,242,1,6,2015,7422518
"Myrsine","Myrsine umbellata","Myrsine umbellata Mart.",-23.228889,-45.013611,1096,7,9,2015,7422518
"Myrsine","Myrsine umbellata","Myrsine umbellata Mart.",-22.926944,-48.458611,850,20,8,2013,7422518
"Myrsine","Myrsine umbellata","Myrsine umbellata Mart.",-25.386667,-53.883056,412,6,8,2015,7422518
"Myrsine","Myrsine umbellata","Myrsine umbellata Mart.",-24.080833,-49.068611,750,26,2,2008,7422518
"Myrsine","Myrsine umbellata","Myrsine umbellata Mart.",-25.26,-53.991667,533,3,2,2015,7422518
"Myrsine","Myrsine umbellata","Myrsine umbellata Mart.",-25.362778,-53.962778,319,26,9,2014,7422518
"Myrsine","Myrsine umbellata","Myrsine umbellata Mart.",-23.851389,-49.143056,NA,24,6,2008,7422518
"Myrsine","Myrsine umbellata","Myrsine umbellata Mart.",-24.073056,-49.081389,NA,28,5,2008,7422518
"Myrsine","Myrsine umbellata","Myrsine umbellata Mart.",-24.075,-49.07,NA,29,5,2008,7422518
"Myrsine","Myrsine umbellata","Myrsine umbellata Mart.",-24.068056,-49.063889,NA,28,8,2008,7422518
"Myrsine","Myrsine umbellata","Myrsine umbellata Mart.",-23.471667,-46.769722,779,28,1,2008,7422518
"Myrsine","Myrsine umbellata","Myrsine umbellata Mart.",-23.451389,-46.764444,990,7,8,2007,7422518
"Myrsine","Myrsine umbellata","Myrsine umbellata Mart.",-23.566667,-48,NA,11,9,2002,7422518
"Myrsine","Myrsine umbellata","Myrsine umbellata Mart.",-23.966667,-47.1,NA,7,9,2006,7422518
"Myrsine","Myrsine umbellata","Myrsine umbellata Mart.",-12.459722,-41.440278,455,27,10,1994,7422518
"Myrsine","Myrsine umbellata","Myrsine umbellata Mart.",-22.745,-46.399444,551.5,8,7,2006,7422518
"Myrsine","Myrsine umbellata","Myrsine umbellata Mart.",-13.5,-41.833333,625,26,10,1988,7422518
"Myrsine","Myrsine umbellata","Myrsine umbellata Mart.",-21.683333,-43.866667,725,26,5,2005,7422518
"Myrsine","Myrsine umbellata","Myrsine umbellata Mart.",-26.369722,-48.681111,NA,24,1,2008,7422518
"Myrsine","Myrsine umbellata","Myrsine umbellata Mart.",-20.716667,-42.483333,645,10,7,1990,7422518
"Myrsine","Myrsine umbellata","Myrsine umbellata Mart.",-14.9,-39.033333,25,4,12,1992,7422518
"Myrsine","Myrsine umbellata","Myrsine umbellata Mart.",-23.271111,-46.455833,51,22,11,2013,7422518
"Myrsine","Myrsine umbellata","Myrsine umbellata Mart.",-23,-48.183333,900,NA,NA,NA,7422518
"Myrsine","Myrsine umbellata","Myrsine umbellata Mart.",-19.255556,-43.552778,676.5,30,5,2010,7422518
"Myrsine","Myrsine umbellata","Myrsine umbellata Mart.",-12.933333,-41.333333,750,2,10,1990,7422518
"Myrsine","Myrsine umbellata","Myrsine umbellata Mart.",-22.485833,-48.443889,363,15,1,2017,7422518
"Myrsine","Myrsine umbellata","Myrsine umbellata Mart.",-21.849722,-46.720278,730,11,1,1994,7422518
"Myrsine","Myrsine umbellata","Myrsine umbellata Mart.",-19.217778,-43.673889,656.5,17,1,2004,7422518
"Myrsine","Myrsine umbellata","Myrsine umbellata Mart.",-23.110278,-49.354444,NA,13,6,1995,7422518
"Myrsine","Myrsine umbellata","Myrsine umbellata Mart.",-12.957222,-41.320556,625,12,7,1996,7422518
"Myrsine","Myrsine umbellata","Myrsine umbellata Mart.",-23.460278,-46.783333,485,23,8,2013,7422518
"Myrsine","Myrsine umbellata","Myrsine umbellata Mart.",-23.959444,-48.786389,350,26,1,1996,7422518
"Myrsine","Myrsine umbellata","Myrsine umbellata Mart.",-20.716667,-42.483333,700,22,7,1988,7422518
"Myrsine","Myrsine umbellata","Myrsine umbellata Mart.",-23.750556,-48.509722,NA,27,1,1996,7422518
"Myrsine","Myrsine umbellata","Myrsine umbellata Mart.",-19.409722,-43.419167,NA,25,10,2008,7422518
"Myrsine","Myrsine umbellata","Myrsine umbellata Mart.",-21.709167,-43.895,680,19,6,2013,7422518
"Myrsine","Myrsine umbellata","Myrsine umbellata Mart.",-19.266667,-47.133333,433.5,27,6,2002,7422518
"Myrsine","Myrsine umbellata","Myrsine umbellata Mart.",-13.516667,-42,625,16,12,1988,7422518
"Myrsine","Myrsine umbellata","Myrsine umbellata Mart.",-20.556667,-54.79,504,19,12,2007,7422518
"Myrsine","Myrsine umbellata","Myrsine umbellata Mart.",-21.108889,-56.631389,444,3,12,2010,7422518
"Myrsine","Myrsine umbellata","Myrsine umbellata Mart.",-29.138333,-49.715,NA,NA,NA,NA,7422518
"Myrsine","Myrsine umbellata","Myrsine umbellata Mart.",-28.848056,-49.454444,NA,NA,NA,NA,7422518
"Myrsine","Myrsine umbellata","Myrsine umbellata Mart.",-28.800833,-49.721667,NA,NA,NA,NA,7422518
"Myrsine","Myrsine umbellata","Myrsine umbellata Mart.",-28.436111,-49.492222,NA,NA,NA,NA,7422518
"Myrsine","Myrsine umbellata","Myrsine umbellata Mart.",-28.368333,-49.285278,NA,NA,NA,NA,7422518
"Myrsine","Myrsine umbellata","Myrsine umbellata Mart.",-28.916667,-49.666667,43,20,3,1990,7422518
"Myrsine","Myrsine umbellata","Myrsine umbellata Mart.",-28.935556,-49.469722,NA,NA,NA,NA,7422518
"Myrsine","Myrsine umbellata","Myrsine umbellata Mart.",-24.162222,-52.401389,605,29,6,2007,7422518
"Myrsine","Myrsine umbellata","Myrsine umbellata Mart.",-28.926667,-49.679444,NA,28,4,2008,7422518
"Myrsine","Myrsine umbellata","Myrsine umbellata Mart.",-26.1175,-48.616389,NA,30,7,1992,7422518
"Myrsine","Myrsine umbellata","Myrsine umbellata Mart.",-28.285278,-49.298889,350,28,8,1992,7422518
"Myrsine","Myrsine umbellata","Myrsine umbellata Mart.",-28.678056,-49.37,NA,16,10,1998,7422518
"Myrsine","Myrsine umbellata","Myrsine umbellata Mart.",-26.071667,-48.670556,NA,NA,NA,NA,7422518
"Myrsine","Myrsine umbellata","Myrsine umbellata Mart.",-28.6725,-49.373333,NA,NA,NA,NA,7422518
"Myrsine","Myrsine umbellata","Myrsine umbellata Mart.",-26.547778,-53.413611,524,27,5,2009,7422518
"Myrsine","Myrsine umbellata","Myrsine umbellata Mart.",-27.152778,-52.310278,NA,NA,NA,NA,7422518
"Myrsine","Myrsine umbellata","Myrsine umbellata Mart.",-27.075278,-52.134444,NA,NA,NA,NA,7422518
"Myrsine","Myrsine umbellata","Myrsine umbellata Mart.",-27.635,-51.336667,749,15,12,2008,7422518
"Myrsine","Myrsine umbellata","Myrsine umbellata Mart.",-20.016667,-51.900278,NA,12,10,1998,7422518
"Myrsine","Myrsine umbellata","Myrsine umbellata Mart.",-21.910278,-52.204722,262,15,10,1998,7422518
"Myrsine","Myrsine umbellata","Myrsine umbellata Mart.",-22.926944,-53.693889,248,13,11,2015,7422518
"Myrsine","Myrsine umbellata","Myrsine umbellata Mart.",-20.419167,-54.714722,NA,26,8,2006,7422518
"Myrsine","Myrsine umbellata","Myrsine umbellata Mart.",-19.216667,-57.566667,NA,4,10,1984,7422518
"Myrsine","Myrsine umbellata","Myrsine umbellata Mart.",-20.553889,-54.818056,500,16,8,2006,7422518
"Myrsine","Myrsine umbellata","Myrsine umbellata Mart.",-21.2825,-55.877222,690,13,11,2006,7422518
"Myrsine","Myrsine umbellata","Myrsine umbellata Mart.",-20.436111,-54.638055,616,5,10,2018,7422518
"Myrsine","Myrsine umbellata","Myrsine umbellata Mart.",-19.739722,-55.151944,440,21,8,2005,7422518
"Myrsine","Myrsine umbellata","Myrsine umbellata Mart.",-21.085833,-56.833333,550,8,9,2005,7422518
"Myrsine","Myrsine umbellata","Myrsine umbellata Mart.",-18.947222,-52.9775,NA,30,5,2001,7422518
"Myrsine","Myrsine umbellata","Myrsine umbellata Mart.",-14.558611,-48.518611,0,10,9,2019,7422518
"Myrsine","Myrsine umbellata","Myrsine umbellata Mart.",-19.004164,-43.993722,NA,28,11,1984,7422518
"Myrsine","Myrsine umbellata","Myrsine umbellata Mart.",-18.78778,-45.44222,NA,NA,NA,NA,7422518
"Myrsine","Myrsine umbellata","Myrsine umbellata Mart.",-22.4917,-42.4958,1350,NA,NA,NA,7422518
"Myrsine","Myrsine umbellata","Myrsine umbellata Mart.",-14.82,-66.42,250,14,11,1985,7422518
"Myrsine","Myrsine umbellata","Myrsine umbellata Mart.",-20.527778,-42.063056,NA,5,4,2012,7422518
"Myrsine","Myrsine umbellata","Myrsine umbellata Mart.",-20.392778,-41.744722,NA,29,6,2008,7422518
"Myrsine","Myrsine umbellata","Myrsine umbellata Mart.",-29.611333,-50.9965,52,13,8,2007,7422518
"Myrsine","Myrsine umbellata","Myrsine umbellata Mart.",-29.433333,-50.55,NA,5,5,2007,7422518
"Myrsine","Myrsine umbellata","Myrsine umbellata Mart.",-29.734417,-51.08435,NA,26,3,2015,7422518
"Myrsine","Myrsine umbellata","Myrsine umbellata Mart.",-29.666667,-51.15,NA,NA,NA,NA,7422518
"Myrsine","Myrsine umbellata","Myrsine umbellata Mart.",-27.181397,-49.231406,533,27,10,2009,7422518
"Myrsine","Myrsine umbellata","Myrsine umbellata Mart.",-23.540833,-50.975556,NA,25,9,2003,7422518
"Myrsine","Myrsine umbellata","Myrsine umbellata Mart.",-29.448672,-50.545578,NA,17,5,2008,7422518
"Myrsine","Myrsine umbellata","Myrsine umbellata Mart.",-29.795919,-51.155353,40,21,1,2015,7422518
"Myrsine","Myrsine umbellata","Myrsine umbellata Mart.",-28.935555,-49.469722,NA,20,4,1996,7422518
"Myrsine","Myrsine umbellata","Myrsine umbellata Mart.",-28.848055,-49.454444,NA,8,10,1994,7422518
"Myrsine","Myrsine umbellata","Myrsine umbellata Mart.",-28.800833,-49.721667,NA,16,1,1995,7422518
"Myrsine","Myrsine umbellata","Myrsine umbellata Mart.",-29.138333,-49.715,NA,13,10,1996,7422518
"Myrsine","Myrsine umbellata","Myrsine umbellata Mart.",-28.6725,-49.373333,NA,25,10,1998,7422518
"Myrsine","Myrsine umbellata","Myrsine umbellata Mart.",-26.071667,-48.670556,NA,31,7,1992,7422518
"Myrsine","Myrsine umbellata","Myrsine umbellata Mart.",-28.6725,-49.373333,40,6,10,1992,7422518
"Myrsine","Myrsine umbellata","Myrsine umbellata Mart.",-27.152778,-52.310278,NA,12,12,2008,7422518
"Myrsine","Myrsine umbellata","Myrsine umbellata Mart.",-27.075278,-52.134444,NA,24,1,2009,7422518
"Myrsine","Myrsine umbellata","Myrsine umbellata Mart.",-28.368333,-49.285278,280,18,5,1993,7422518
"Myrsine","Myrsine umbellata","Myrsine umbellata Mart.",-28.936111,-49.492222,4,3,5,1997,7422518
"Myrsine","Myrsine umbellata","Myrsine umbellata Mart.",-28.358889,-49.288055,450,28,7,2016,7422518
"Myrsine","Myrsine umbellata","Myrsine umbellata Mart.",-18.3818763,-46.0320527,NA,10,9,1963,7422518
"Myrsine","Myrsine umbellata","Myrsine umbellata Mart.",-15.7834208,-47.9298727,NA,22,6,1981,7422518
"Myrsine","Myrsine umbellata","Myrsine umbellata Mart.",-5.78,-77.9,NA,13,4,1984,7422518
"Myrsine","Myrsine umbellata","Myrsine umbellata Mart.",-29.1722202,-51.1799547,NA,12,9,1986,7422518
"Myrsine","Myrsine umbellata","Myrsine umbellata Mart.",-22.973268,-43.249313,NA,NA,6,1960,7422518
"Myrsine","Myrsine umbellata","Myrsine umbellata Mart.",-14.5970026,-39.2841024,200,7,8,1980,7422518
"Myrsine","Myrsine umbellata","Myrsine umbellata Mart.",-26.9120048,-48.6622617,250,4,8,1955,7422518
"Myrsine","Myrsine umbellata","Myrsine umbellata Mart.",-14.4231,-39.0617,NA,NA,9,1991,7422518
"Myrsine","Myrsine umbellata","Myrsine umbellata Mart.",-15.7834208,-47.9298727,1025,14,7,1966,7422518
"Myrsine","Myrsine umbellata","Myrsine umbellata Mart.",-23.52,-48.68,NA,25,3,1911,7422518
"Myrsine","Myrsine umbellata","Myrsine umbellata Mart.",-24.190833,-53.425,NA,28,3,2023,7422518
"Myrsine","Myrsine umbellata","Myrsine umbellata Mart.",-22.756994,-53.210678,244,3,10,2008,7422518
"Myrsine","Myrsine umbellata","Myrsine umbellata Mart.",-19.217861,-43.507333,1313,17,1,2004,7422518
"Myrsine","Myrsine umbellata","Myrsine umbellata Mart.",-21.316667,-44.983333,NA,NA,NA,2001,7422518
"Myrsine","Myrsine umbellata","Myrsine umbellata Mart.",-8.31,-36,NA,21,7,1994,7422518
"Myrsine","Myrsine umbellata","Myrsine umbellata Mart.",-15.1981,-39.3972,NA,15,9,2004,7422518
"Myrsine","Myrsine umbellata","Myrsine umbellata Mart.",-19.5689,-39.7994,NA,23,4,2004,7422518
"Myrsine","Myrsine umbellata","Myrsine umbellata Mart.",-16.9606332,-51.8110306,800,26,6,1966,7422518
"Myrsine","Myrsine umbellata","Myrsine umbellata Mart.",-15.6167,-47.6667,NA,21,7,1966,7422518
"Myrsine","Myrsine umbellata","Myrsine umbellata Mart.",-14.04001,-47.59528,1200,19,10,1965,7422518
"Myrsine","Myrsine umbellata","Myrsine umbellata Mart.",-25.5241867,-48.5097444,3.5,23,10,1967,7422518
"Myrsine","Myrsine umbellata","Myrsine umbellata Mart.",-23.1741597,-45.8803535,600,10,5,1962,7422518
"Myrsine","Myrsine umbellata","Myrsine umbellata Mart.",-16.7837418,-47.6504566,1180,5,4,1973,7422518
"Myrsine","Myrsine umbellata","Myrsine umbellata Mart.",-22.2538399,-47.8201838,NA,11,6,1979,7422518
"Myrsine","Myrsine umbellata","Myrsine umbellata Mart.",-21.7394,-41.0419,NA,16,5,2013,7422518
"Myrsine","Myrsine umbellata","Myrsine umbellata Mart.",-17.925,-63.25,NA,23,12,1997,7422518
"Myrsine","Myrsine umbellata","Myrsine umbellata Mart.",-27.619514,-48.6277628,1000,11,8,1960,7422518
"Myrsine","Myrsine umbellata","Myrsine umbellata Mart.",-16.0744908,-57.6800045,NA,30,10,1985,7422518
"Myrsine","Myrsine umbellata","Myrsine umbellata Mart.",-8.6992,-35.8561,NA,22,11,2011,7422518
"Myrsine","Myrsine umbellata","Myrsine umbellata Mart.",-15.5801,-47.692778,1000,23,7,1966,7422518
"Myrsine","Myrsine umbellata","Myrsine umbellata Mart.",-18.95,-43.4,1200,18,2,1968,7422518
"Myrsine","Myrsine umbellata","Myrsine umbellata Mart.",-13.6905823,-39.4791155,550,2,4,1993,7422518
"Myrsine","Myrsine umbellata","Myrsine umbellata Mart.",-23.654505,-46.621883,NA,8,6,1977,7422518
"Myrsine","Myrsine umbellata","Myrsine umbellata Mart.",-15.6167,-47.6667,NA,22,7,1966,7422518
"Myrsine","Myrsine umbellata","Myrsine umbellata Mart.",-23.646109,-46.618358,NA,4,6,1932,7422518
"Myrsine","Myrsine umbellata","Myrsine umbellata Mart.",-12.02283,-41.22595,NA,12,3,2002,7422518
"Myrsine","Myrsine umbellata","Myrsine umbellata Mart.",-8.405,-36,NA,13,8,1995,7422518
"Myrsine","Myrsine umbellata","Myrsine umbellata Mart.",-27.126635,-48.910147,50,23,8,1950,7422518
"Myrsine","Myrsine umbellata","Myrsine umbellata Mart.",-20.1772,-40.9228,NA,18,7,2007,7422518
"Myrsine","Myrsine umbellata","Myrsine umbellata Mart.",-19.948004,-43.248576,1000,29,1,1970,7422518
"Myrsine","Myrsine umbellata","Myrsine umbellata Mart.",-14.4997,-39.115,NA,6,8,2005,7422518
"Myrsine","Myrsine umbellata","Myrsine umbellata Mart.",-22.305556,-49.220833,NA,29,10,2022,7422518
"Myrsine","Myrsine umbellata","Myrsine umbellata Mart.",-24.354444,-49.68,870,12,7,2018,7422518
"Myrsine","Myrsine umbellata","Myrsine umbellata Mart.",-24.936389,-51.388055,NA,10,11,2022,7422518
"Myrsine","Myrsine umbellata","Myrsine umbellata Mart.",-25.14,-49.91,NA,18,3,1904,7422518
"Myrsine","Myrsine umbellata","Myrsine umbellata Mart.",-24.26,-49.71,NA,26,9,1911,7422518
"Myrsine","Myrsine umbellata","Myrsine umbellata Mart.",-23.52,-48.68,NA,27,9,1908,7422518
"Myrsine","Myrsine umbellata","Myrsine umbellata Mart.",-20.92,-56.68,NA,3,12,2010,7422518
"Myrsine","Myrsine umbellata","Myrsine umbellata Mart.",-25.51,-48.52,NA,31,5,1910,7422518
"Myrsine","Myrsine umbellata","Myrsine umbellata Mart.",-20.3025,-40.481944,500,16,2,2008,7422518
"Myrsine","Myrsine umbellata","Myrsine umbellata Mart.",-20.3,-40.533333,575,6,5,2008,7422518
"Myrsine","Myrsine umbellata","Myrsine umbellata Mart.",-20.5,-41.816667,NA,22,10,2012,7422518
"Myrsine","Myrsine umbellata","Myrsine umbellata Mart.",-21.955278,-46.392778,1056,21,8,2013,7422518
"Myrsine","Myrsine umbellata","Myrsine umbellata Mart.",-21.965278,-46.371944,NA,12,5,2015,7422518
"Myrsine","Myrsine umbellata","Myrsine umbellata Mart.",-29.402222,-51.800556,NA,6,1,2017,7422518
"Myrsine","Myrsine umbellata","Myrsine umbellata Mart.",-20.716667,-42.483333,1300,22,7,1988,7422518
"Myrsine","Myrsine umbellata","Myrsine umbellata Mart.",-27.135,-52.289722,NA,27,1,2009,7422518
"Myrsine","Myrsine umbellata","Myrsine umbellata Mart.",-19.979444,-54.359444,NA,25,4,2018,7422518
"Myrsine","Myrsine umbellata","Myrsine umbellata Mart.",-20.371667,-43.510833,1389,1,7,2014,7422518
"Myrsine","Myrsine umbellata","Myrsine umbellata Mart.",-23.874167,-52.748611,531,22,9,2011,7422518
"Myrsine","Myrsine umbellata","Myrsine umbellata Mart.",-25.205278,-50.013056,NA,8,2,2023,7422518
"Myrsine","Myrsine umbellata","Myrsine umbellata Mart.",-21.916667,-48.783333,NA,17,6,1964,7422518
"Myrsine","Myrsine umbellata","Myrsine umbellata Mart.",-22.433333,-44.783333,1390,30,9,1980,7422518
"Myrsine","Myrsine umbellata","Myrsine umbellata Mart.",-22.320556,-42.5325,1380,16,6,2004,7422518
"Myrsine","Myrsine umbellata","Myrsine umbellata Mart.",-20.8825,-43.814444,1100,4,6,2005,7422518
"Myrsine","Myrsine umbellata","Myrsine umbellata Mart.",-13.283333,-41.9,1346,6,9,1996,7422518
"Myrsine","Myrsine umbellata","Myrsine umbellata Mart.",-21.739444,-41.041944,10,16,5,2013,7422518
"Myrsine","Myrsine umbellata","Myrsine umbellata Mart.",-20.75,-42.466667,NA,8,6,1991,7422518
"Myrsine","Myrsine umbellata","Myrsine umbellata Mart.",-14.015,-47.526389,NA,22,10,2016,7422518
"Myrsine","Myrsine umbellata","Myrsine umbellata Mart.",-22.514167,-45.1525,NA,10,12,2019,7422518
"Myrsine","Myrsine umbellata","Myrsine umbellata Mart.",-21.943611,-41.990278,1043,18,6,2004,7422518
"Myrsine","Myrsine umbellata","Myrsine umbellata Mart.",-22.633333,-42.25,NA,26,5,1994,7422518
"Myrsine","Myrsine umbellata","Myrsine umbellata Mart.",-22.430833,-43.244722,NA,25,1,2017,7422518
"Myrsine","Myrsine umbellata","Myrsine umbellata Mart.",-15.951667,-47.882222,NA,14,8,1989,7422518
"Myrsine","Myrsine umbellata","Myrsine umbellata Mart.",-22.466667,-42.5,NA,17,2,1993,7422518
"Myrsine","Myrsine umbellata","Myrsine umbellata Mart.",-20.516111,-41.083611,1300,14,10,2008,7422518
"Myrsine","Myrsine umbellata","Myrsine umbellata Mart.",-31.248,-51.73966,8,27,11,1999,7422518
"Myrsine","Myrsine umbellata","Myrsine umbellata Mart.",-17.11666,-43.6666,850,14,2,1988,7422518
"Myrsine","Myrsine umbellata","Myrsine umbellata Mart.",-14.5,-66.61666,200,8,11,1994,7422518
"Myrsine","Myrsine umbellata","Myrsine umbellata Mart.",-14.49966,-39.115,368,6,8,2005,7422518
"Myrsine","Myrsine umbellata","Myrsine umbellata Mart.",-26.66666,-53.56666,725,20,10,1964,7422518
"Myrsine","Myrsine umbellata","Myrsine umbellata Mart.",-16.2,-67.833333,1450,19,10,1982,7422518
"Myrsine","Myrsine umbellata","Myrsine umbellata Mart.",-14.73861,-61.00472,150,23,1,1995,7422518
"Myrsine","Myrsine umbellata","Myrsine umbellata Mart.",-17.74166,-63.2,420,NA,NA,NA,7422518
"Myrsine","Myrsine umbellata","Myrsine umbellata Mart.",-19.21666,-47.95,850,19,9,1983,7422518
"Myrsine","Myrsine umbellata","Myrsine umbellata Mart.",-18.869444,-63.9575,1388,28,11,2011,7422518
"Myrsine","Myrsine umbellata","Myrsine umbellata Mart.",-25.98333,-56.75,150,25,9,1985,7422518
"Myrsine","Myrsine umbellata","Myrsine umbellata Mart.",-16.1167,-62.0166,485,4,12,1996,7422518
"Myrsine","Myrsine umbellata","Myrsine umbellata Mart.",-29.900833,-54.358056,NA,12,1,2007,7422518
"Myrsine","Myrsine umbellata","Myrsine umbellata Mart.",-23.374672,-46.740798,NA,25,7,1945,7422518
"Myrsine","Myrsine umbellata","Myrsine umbellata Mart.",-18.37,-43.7,1200,20,1,1969,7422518
"Myrsine","Myrsine umbellata","Myrsine umbellata Mart.",-15.7834208,-47.9301727,975,17,9,1965,7422518
"Myrsine","Myrsine umbellata","Myrsine umbellata Mart.",-18.4234,-43.70265,1300,15,1,1969,7422518
"Myrsine","Myrsine umbellata","Myrsine umbellata Mart.",-16.9606332,-51.8110306,NA,25,10,1964,7422518
"Myrsine","Myrsine umbellata","Myrsine umbellata Mart.",-22.2538399,-47.8204839,NA,14,9,2006,7422518
"Myrsine","Myrsine umbellata","Myrsine umbellata Mart.",-15.7834208,-47.9298727,NA,27,11,1980,7422518
"Myrsine","Myrsine umbellata","Myrsine umbellata Mart.",-15.7834208,-47.9298727,NA,9,1,1980,7422518
"Myrsine","Myrsine umbellata","Myrsine umbellata Mart.",-19.5174009,-43.744901,NA,29,4,1973,7422518
"Myrsine","Myrsine umbellata","Myrsine umbellata Mart.",-22.95583,-43.274528,NA,3,6,1874,7422518
"Myrsine","Myrsine umbellata","Myrsine umbellata Mart.",-26.9120048,-48.6622617,50,2,7,1954,7422518
"Myrsine","Myrsine umbellata","Myrsine umbellata Mart.",-25.1941789,-49.314799,NA,30,4,1967,7422518
"Myrsine","Myrsine umbellata","Myrsine umbellata Mart.",-21.8497,-46.7,NA,11,1,1994,7422518
"Myrsine","Myrsine umbellata","Myrsine umbellata Mart.",-22.9069598,-43.2076685,NA,22,6,1941,7422518
"Myrsine","Myrsine umbellata","Myrsine umbellata Mart.",-22.9069598,-43.2076685,NA,22,7,1988,7422518
"Myrsine","Myrsine umbellata","Myrsine umbellata Mart.",-18.0903,-43.4328,845,12,4,1973,7422518
"Myrsine","Myrsine umbellata","Myrsine umbellata Mart.",-25.652222,-48.501389,NA,12,9,2009,7422518
"Myrsine","Myrsine umbellata","Myrsine umbellata Mart.",-25.553056,-53.501944,134,24,1,2018,7422518
"Myrsine","Myrsine umbellata","Myrsine umbellata Mart.",-25.420278,-53.903611,121,1,6,2015,7422518
"Myrsine","Myrsine umbellata","Myrsine umbellata Mart.",-25.26,-53.991667,266.5,3,2,2015,7422518
"Myrsine","Myrsine umbellata","Myrsine umbellata Mart.",-25.362778,-53.962778,159.5,26,9,2014,7422518
"Myrsine","Myrsine umbellata","Myrsine umbellata Mart.",-25.551111,-53.515556,141.5,19,3,2018,7422518
"Myrsine","Myrsine umbellata","Myrsine umbellata Mart.",-25.500833,-53.669722,125,25,6,2018,7422518
"Myrsine","Myrsine umbellata","Myrsine umbellata Mart.",-24.942778,-53.513611,NA,4,8,2017,7422518
"Myrsine","Myrsine umbellata","Myrsine umbellata Mart.",-24.111389,-50.723333,635,NA,NA,NA,7422518
"Myrsine","Myrsine umbellata","Myrsine umbellata Mart.",-25.56,-52.38,NA,26,4,2013,7422518
"Myrsine","Myrsine umbellata","Myrsine umbellata Mart.",-25.824167,-49.073611,425,15,8,2010,7422518
"Myrsine","Myrsine umbellata","Myrsine umbellata Mart.",-22.501667,-45.136944,925,3,9,2013,7422518
"Myrsine","Myrsine umbellata","Myrsine umbellata Mart.",-25.010833,-51.480278,0,22,7,2015,7422518
"Myrsine","Myrsine umbellata","Myrsine umbellata Mart.",-22.448889,-43.013056,750,24,9,2005,7422518
"Myrsine","Myrsine umbellata","Myrsine umbellata Mart.",-25.72,-53.097222,0,18,9,2014,7422518
"Myrsine","Myrsine umbellata","Myrsine umbellata Mart.",-25.790556,-53.525556,NA,29,8,2016,7422518
"Myrsine","Myrsine umbellata","Myrsine umbellata Mart.",-24.100556,-50.706944,635,NA,NA,NA,7422518
"Myrsine","Myrsine umbellata","Myrsine umbellata Mart.",-19.099722,-43.676389,712.5,5,11,2018,7422518
"Myrsine","Myrsine umbellata","Myrsine umbellata Mart.",-26.030556,-51.413333,396.5,2,7,2018,7422518
"Myrsine","Myrsine umbellata","Myrsine umbellata Mart.",-22.491667,-42.495833,675,12,8,2016,7422518
"Myrsine","Myrsine umbellata","Myrsine umbellata Mart.",-25.45,-48.716667,NA,28,4,1976,7422518
"Myrsine","Myrsine umbellata","Myrsine umbellata Mart.",-17.3184346,-53.2161237,NA,15,2,1975,7422518
"Myrsine","Myrsine umbellata","Myrsine umbellata Mart.",-15.7834208,-47.9298727,NA,29,7,1965,7422518
"Myrsine","Myrsine umbellata","Myrsine umbellata Mart.",-21.9849454,-42.3682098,NA,10,2,1993,7422518
"Myrsine","Myrsine umbellata","Myrsine umbellata Mart.",-14.5,-66.65,200,NA,8,1996,7422518
"Myrsine","Myrsine umbellata","Myrsine umbellata Mart.",-16.38333,-67.73333,1500,7,6,1997,7422518
"Myrsine","Myrsine umbellata","Myrsine umbellata Mart.",-17.86805,-64.23333,1675,9,4,1997,7422518
"Myrsine","Myrsine umbellata","Myrsine umbellata Mart.",-9.218528,-36.325836,NA,8,9,2010,7422518
"Myrsine","Myrsine umbellata","Myrsine umbellata Mart.",-9.431333,-36.500281,NA,16,10,2010,7422518
"Myrsine","Myrsine umbellata","Myrsine umbellata Mart.",-24.1,-46.894442,NA,4,6,1990,7422518
"Myrsine","Myrsine umbellata","Myrsine umbellata Mart.",-23.006944,-48.080556,NA,27,8,1992,7422518
"Myrsine","Myrsine umbellata","Myrsine umbellata Mart.",-20.068333,-41.250281,NA,15,6,1989,7422518
"Myrsine","Myrsine umbellata","Myrsine umbellata Mart.",5.7574,-76.048203,2150,3,2,1977,7422518
"Myrsine","Myrsine umbellata","Myrsine umbellata Mart.",-11.583333,-41.2,NA,30,5,1980,7422518
